transaction_id,customer_id,transaction_datetime,country,channel,merchant_category,amount,device_trust_score,num_txn_24h_customer,previous_chargeback_count,is_fraud,transaction_note,txn_hour,txn_dayofweek,txn_week,is_weekend,is_night,prev_txn_time,txn_gap_minutes,txn_7d_count,txn_hour_count,txn_dayofweek_count,customer_mean_amount,customer_std_amount,amount_z_customer,is_risky_country,low_device_trust,high_amount_z
998,1000,2022-10-05 15:13:00,US,mobile_app,luxury,672.47,23.0,2,3,0,new device,15,2,40,0,0,,-1.0,,1,2,1931.2833333333335,1662.0793696423843,-0.7573725757778834,0,0,0
953,1000,2023-02-05 06:18:18,US,web,gaming,2593.31,84.0,0,0,1,overnight shipping,6,6,5,1,0,2022-10-05 15:13:00,176585.3,,1,2,1931.2833333333335,1662.0793696423843,0.39831230611394275,0,0,0
94,1000,2023-03-23 18:04:02,US,pos_terminal,electronics,302.22,70.0,3,1,0,high value item,18,3,12,0,0,2023-02-05 06:18:18,66945.73333333334,,1,2,1931.2833333333335,1662.0793696423843,-0.9801357041594502,0,0,0
457,1000,2023-04-05 00:14:27,US,mobile_app,gaming,4395.07,24.0,0,2,0,repeat purchase,0,2,14,0,1,2023-03-23 18:04:02,17650.416666666668,,1,2,1931.2833333333335,1662.0793696423843,1.4823519933327722,0,0,0
1199,1000,2023-07-13 02:02:46,US,mobile_app,luxury,579.99,23.0,1,0,0,overnight shipping,2,3,28,0,1,2023-04-05 00:14:27,142668.31666666668,,1,2,1931.2833333333335,1662.0793696423843,-0.8130137212545271,0,0,0
838,1000,2023-10-08 07:42:45,US,web,electronics,3044.64,85.0,6,3,0,first time merchant,7,6,40,1,0,2023-07-13 02:02:46,125619.98333333334,,1,2,1931.2833333333335,1662.0793696423843,0.6698577017451447,0,0,0
1060,1001,2022-02-24 11:36:47,MY,pos_terminal,groceries,4158.43,44.0,4,2,0,No transaction note found,11,3,8,0,0,,-1.0,,1,2,2272.528,1833.6564979262916,1.0284925241629466,1,0,0
356,1001,2023-05-18 15:21:18,MY,web,gaming,3774.47,95.0,6,3,0,VPN suspected,15,3,20,0,0,2022-02-24 11:36:47,645344.5166666667,,1,2,2272.528,1833.6564979262916,0.8190967074250645,1,0,0
897,1001,2023-07-31 21:21:59,AU,pos_terminal,travel,2715.61,82.0,0,3,0,new device,21,0,31,0,0,2023-05-18 15:21:18,106920.68333333333,,1,1,2272.528,1833.6564979262916,0.24163849690554806,0,0,0
742,1001,2023-10-08 14:05:08,MY,pos_terminal,travel,583.35,73.0,4,2,0,No transaction note found,14,6,40,1,0,2023-07-31 21:21:59,98923.15,,1,1,2272.528,1833.6564979262916,-0.921207435476773,1,0,0
341,1001,2024-12-13 18:11:26,CN,mobile_app,electronics,130.78,25.0,4,0,0,repeat purchase,18,4,50,0,0,2023-10-08 14:05:08,622326.3,,1,1,2272.528,1833.6564979262916,-1.1680202930167853,0,0,0
1002,1002,2022-01-26 19:58:07,AU,web,travel,4366.86,33.0,3,2,0,overnight shipping,19,2,4,0,0,,-1.0,,1,1,1880.7033333333331,1549.1080912463412,1.6048955400306633,0,0,0
241,1002,2022-05-17 12:42:17,DE,pos_terminal,gaming,96.37,93.0,3,0,0,first time merchant,12,1,20,0,0,2022-01-26 19:58:07,159404.16666666666,,1,2,1880.7033333333331,1549.1080912463412,-1.1518455964539829,0,0,0
895,1002,2022-05-30 15:13:24,DE,web,luxury,529.73,33.0,5,1,0,overnight shipping,15,0,22,0,0,2022-05-17 12:42:17,18871.116666666665,,1,1,1880.7033333333331,1549.1080912463412,-0.8720975256454842,0,0,0
137,1002,2023-11-18 00:48:42,DE,pos_terminal,gaming,2649.54,72.0,1,5,0,first time merchant,0,5,46,1,1,2022-05-30 15:13:24,772415.3,,1,2,1880.7033333333331,1549.1080912463412,0.4963092446622599,0,0,0
1116,1002,2024-01-30 01:08:46,DE,pos_terminal,electronics,2145.25,89.0,0,1,0,new device,1,1,5,0,1,2023-11-18 00:48:42,105140.06666666667,,1,2,1880.7033333333331,1549.1080912463412,0.1707735361796637,0,0,0
39,1002,2024-08-10 09:43:34,DE,mobile_app,gaming,1496.47,42.0,2,3,0,VPN suspected,9,5,32,1,0,2024-01-30 01:08:46,278434.8,,1,2,1880.7033333333331,1549.1080912463412,-0.24803519877311894,0,0,0
530,1003,2022-09-12 09:36:42,CN,mobile_app,groceries,87.32,14.0,3,1,0,repeat purchase,9,0,37,0,0,,-1.0,,1,2,2505.9919999999997,1876.1370783933337,-1.289176589415991,0,0,0
133,1003,2022-10-09 22:00:10,CN,mobile_app,travel,4112.71,57.0,6,0,1,No transaction note found,22,6,40,1,0,2022-09-12 09:36:42,39623.46666666667,,1,2,2505.9919999999997,1876.1370783933337,0.8563969117736026,0,0,0
1115,1003,2022-10-10 23:24:04,CN,mobile_app,electronics,2431.32,67.0,3,0,0,VPN suspected,23,0,41,0,0,2022-10-09 22:00:10,1523.9,,1,2,2505.9919999999997,1876.1370783933337,-0.039800929718816914,0,0,0
1010,1003,2022-10-23 10:11:13,DE,web,groceries,4569.4,52.0,2,3,0,new device,10,6,42,1,0,2022-10-10 23:24:04,17927.15,,1,2,2505.9919999999997,1876.1370783933337,1.0998172914779976,0,0,0
914,1003,2024-07-17 08:08:15,CN,pos_terminal,travel,1329.21,46.0,5,1,0,VPN suspected,8,2,29,0,0,2022-10-23 10:11:13,911397.0333333333,,1,1,2505.9919999999997,1876.1370783933337,-0.6272366841167916,0,0,0
24,1004,2022-07-10 09:14:25,CN,mobile_app,travel,2767.81,80.0,5,2,0,new device,9,6,27,1,0,,-1.0,,5,3,2359.4463636363635,1134.3967262973956,0.3599830878360443,0,0,0
1166,1004,2022-07-12 15:55:28,CN,mobile_app,groceries,1381.11,45.0,4,1,0,VPN suspected,15,1,28,0,0,2022-07-10 09:14:25,3281.05,,2,2,2359.4463636363635,1134.3967262973956,-0.8624287614348078,0,0,0
1191,1004,2022-10-05 09:57:29,CN,web,groceries,2604.25,21.0,0,3,0,new device,9,2,40,0,0,2022-07-12 15:55:28,122042.01666666666,,5,1,2359.4463636363635,1134.3967262973956,0.21580072534470482,0,0,0
1053,1004,2023-03-19 02:25:59,CN,web,gaming,4706.87,35.0,3,1,0,first time merchant,2,6,11,1,1,2022-10-05 09:57:29,237148.5,,1,3,2359.4463636363635,1134.3967262973956,2.069314536921743,0,0,0
370,1004,2023-07-06 17:37:43,CN,pos_terminal,groceries,2034.32,91.0,6,2,0,new device,17,3,27,0,0,2023-03-19 02:25:59,157871.73333333334,,1,2,2359.4463636363635,1134.3967262973956,-0.28660728306009564,0,0,0
823,1004,2023-07-24 09:15:59,CN,web,travel,2869.69,18.0,6,1,0,No transaction note found,9,0,30,0,0,2023-07-06 17:37:43,25418.266666666666,,5,2,2359.4463636363635,1134.3967262973956,0.449792937986556,0,0,0
477,1004,2023-09-11 09:32:52,CN,pos_terminal,luxury,2280.53,55.0,3,2,0,VPN suspected,9,0,37,0,0,2023-07-24 09:15:59,70576.88333333333,,5,2,2359.4463636363635,1134.3967262973956,-0.06956681186302577,0,0,0
670,1004,2024-03-12 15:09:17,CN,web,luxury,1518.31,80.0,1,3,0,new device,15,1,11,0,0,2023-09-11 09:32:52,263856.4166666667,,2,2,2359.4463636363635,1134.3967262973956,-0.7414834194574796,0,0,0
104,1004,2024-10-25 22:43:27,CN,web,electronics,2622.4,89.0,6,3,0,VPN suspected,22,4,43,0,0,2024-03-12 15:09:17,327334.1666666667,,1,1,2359.4463636363635,1134.3967262973956,0.23180041890803219,0,0,0
680,1004,2024-11-10 09:31:01,CN,pos_terminal,luxury,201.61,36.0,32,0,0,No transaction note found,9,6,45,1,0,2024-10-25 22:43:27,22247.566666666666,,5,3,2359.4463636363635,1134.3967262973956,-1.9021884615970417,0,0,0
937,1004,2024-12-12 21:53:42,CN,web,groceries,2967.01,26.0,3,1,0,first time merchant,21,3,50,0,0,2024-11-10 09:31:01,46822.683333333334,,1,2,2359.4463636363635,1134.3967262973956,0.5355830304153723,0,0,0
169,1005,2022-04-09 22:07:26,SG,web,travel,3509.64,90.0,3,2,0,VPN suspected,22,5,14,1,0,,-1.0,,1,4,3166.3687499999996,1123.6065508771296,0.3055084092665976,1,0,0
1057,1005,2022-12-14 01:34:00,SG,web,travel,4222.37,31.0,0,2,0,repeat purchase,1,2,50,0,1,2022-04-09 22:07:26,357326.56666666665,,2,1,3166.3687499999996,1123.6065508771296,0.9398318736889224,1,0,0
512,1005,2023-01-14 04:52:47,SG,web,travel,2733.86,47.0,0,3,0,VPN suspected,4,5,2,1,1,2022-12-14 01:34:00,44838.78333333333,,1,4,3166.3687499999996,1123.6065508771296,-0.3849290035398662,1,0,0
772,1005,2023-04-08 23:06:23,SG,pos_terminal,travel,4152.25,27.0,6,9,0,No transaction note found,23,5,14,1,0,2023-01-14 04:52:47,122053.6,,1,4,3166.3687499999996,1123.6065508771296,0.8774256871592501,1,0,0
711,1005,2023-07-11 06:56:43,SG,pos_terminal,gaming,2495.66,66.0,2,0,0,VPN suspected,6,1,28,0,0,2023-04-08 23:06:23,134390.33333333334,,1,1,3166.3687499999996,1123.6065508771296,-0.5969249195605163,1,0,0
685,1005,2023-09-02 01:57:07,SG,mobile_app,luxury,4436.92,36.0,5,0,0,new device,1,5,35,1,1,2023-07-11 06:56:43,76020.4,,2,4,3166.3687499999996,1123.6065508771296,1.1307794966202005,1,0,0
157,1005,2023-11-23 09:19:17,SG,pos_terminal,electronics,1140.56,66.0,2,3,0,VPN suspected,9,3,47,0,0,2023-09-02 01:57:07,118522.16666666667,,1,2,3166.3687499999996,1123.6065508771296,-1.8029520639752208,1,0,0
425,1005,2024-03-14 10:27:43,SG,mobile_app,luxury,2639.69,34.0,4,1,0,No transaction note found,10,3,11,0,0,2023-11-23 09:19:17,161348.43333333332,,1,2,3166.3687499999996,1123.6065508771296,-0.468739479659365,1,0,0
837,1006,2022-05-19 03:03:28,US,pos_terminal,luxury,1262.33,93.0,1,0,0,high value item,3,3,20,0,1,,-1.0,,1,2,2059.875,1527.2914500135798,-0.5221956817691271,0,0,0
683,1006,2023-09-27 00:13:53,US,mobile_app,groceries,3599.99,68.0,4,3,0,No transaction note found,0,2,39,0,1,2022-05-19 03:03:28,714070.4166666666,,1,1,2059.875,1527.2914500135798,1.00839626908558,0,0,0
932,1006,2023-12-16 15:51:24,US,mobile_app,travel,3997.9,10.0,0,3,0,high value item,15,5,50,1,0,2023-09-27 00:13:53,116137.51666666666,,1,1,2059.875,1527.2914500135798,1.2689293847502179,0,0,0
381,1006,2024-07-18 16:21:37,US,web,electronics,338.65,34.0,1,2,0,first time merchant,16,3,29,0,0,2023-12-16 15:51:24,309630.2166666667,,2,2,2059.875,1527.2914500135798,-1.126978743961865,0,0,0
806,1006,2024-09-29 16:16:24,AU,web,travel,2439.35,43.0,1,0,0,No transaction note found,16,6,39,1,0,2024-07-18 16:21:37,105114.78333333334,,2,1,2059.875,1527.2914500135798,0.2484627279204803,0,0,0
368,1006,2024-12-17 10:24:16,US,web,travel,721.03,21.0,3,0,0,repeat purchase,10,1,51,0,0,2024-09-29 16:16:24,113407.86666666667,,1,1,2059.875,1527.2914500135798,-0.8766139560252864,0,0,0
614,1007,2022-02-22 10:01:56,US,pos_terminal,groceries,233.45,86.0,1,0,0,VPN suspected,10,1,8,0,0,,-1.0,,1,2,2290.9875,1488.9033455319186,-1.3819147536839835,0,0,0
891,1007,2023-04-18 21:48:53,US,web,luxury,3388.01,48.0,0,6,0,repeat purchase,21,1,16,0,0,2022-02-22 10:01:56,605506.95,,2,2,2290.9875,1488.9033455319186,0.7367990026297395,0,0,0
497,1007,2024-09-02 21:33:28,US,web,travel,2157.94,74.0,2,2,0,VPN suspected,21,0,36,0,0,2023-04-18 21:48:53,724304.5833333334,,2,1,2290.9875,1488.9033455319186,-0.08935939354241172,0,0,0
1036,1007,2024-11-14 03:49:39,US,web,groceries,3384.55,85.0,3,3,0,VPN suspected,3,3,46,0,1,2024-09-02 21:33:28,104056.18333333333,,1,1,2290.9875,1488.9033455319186,0.7344751445966554,0,0,0
896,1008,2022-03-23 20:57:57,UK,pos_terminal,electronics,29.09,79.0,3,4,0,VPN suspected,20,2,12,0,0,,-1.0,,1,2,509.825,679.8619579074298,-0.7071067801464735,0,0,0
826,1008,2024-07-03 04:46:21,UK,pos_terminal,luxury,990.56,37.0,4,3,0,high value item,4,2,27,0,1,2022-03-23 20:57:57,1198548.4,,1,2,509.825,679.8619579074298,0.7071067801464735,0,0,0
868,1009,2022-07-03 23:38:34,MY,mobile_app,gaming,661.87,81.0,4,1,0,new device,23,6,26,1,0,,-1.0,,1,1,2010.6266666666663,2574.830885822017,-0.5238233990796931,1,0,0
1160,1009,2022-10-07 18:53:05,MY,mobile_app,gaming,4979.65,32.0,3,2,0,high value item,18,4,40,0,0,2022-07-03 23:38:34,137954.51666666666,,1,1,2010.6266666666663,2574.830885822017,1.1530945001793662,1,0,0
135,1009,2024-05-08 07:20:15,MY,pos_terminal,gaming,390.36,74.0,0,0,0,VPN suspected,7,2,19,0,0,2022-10-07 18:53:05,833067.1666666666,,1,1,2010.6266666666663,2574.830885822017,-0.6292711010996728,1,0,0
471,1010,2022-04-27 23:50:15,MY,pos_terminal,electronics,527.38,82.0,0,3,0,VPN suspected,23,2,17,0,0,,-1.0,,1,4,1733.7645454545454,2066.6326794088345,-0.5837440574101609,1,0,0
287,1010,2022-10-01 03:50:54,MY,mobile_app,groceries,7434.84,32.0,5,2,0,No transaction note found,3,5,39,1,1,2022-04-27 23:50:15,224880.65,,2,2,1733.7645454545454,2066.6326794088345,2.7586302642694402,1,0,0
996,1010,2022-10-02 16:58:15,MY,web,luxury,792.88,93.0,0,1,0,VPN suspected,16,6,39,1,0,2022-10-01 03:50:54,2227.35,,1,1,1733.7645454545454,2066.6326794088345,-0.4552742027304474,1,0,0
812,1010,2022-11-16 09:23:40,MY,pos_terminal,groceries,1182.87,24.0,6,6,0,first time merchant,9,2,46,0,0,2022-10-02 16:58:15,64345.416666666664,,2,4,1733.7645454545454,2066.6326794088345,-0.266566260634246,1,0,0
771,1010,2023-01-18 12:50:14,MY,mobile_app,gaming,935.59,12.0,3,3,0,first time merchant,12,2,3,0,0,2022-11-16 09:23:40,90926.56666666667,,2,4,1733.7645454545454,2066.6326794088345,-0.3862198412941313,1,0,0
69,1010,2023-10-09 09:32:25,JP,mobile_app,electronics,956.33,16.0,2,2,0,VPN suspected,9,0,41,0,0,2023-01-18 12:50:14,379962.18333333335,,2,2,1733.7645454545454,2066.6326794088345,-0.3761841923824279,1,0,0
187,1010,2023-10-20 12:58:50,UK,mobile_app,travel,124.5,57.0,4,0,0,overnight shipping,12,4,42,0,0,2023-10-09 09:32:25,16046.416666666666,,2,1,1733.7645454545454,2066.6326794088345,-0.7786891988540894,0,0,0
8,1010,2024-01-03 06:43:15,MY,mobile_app,travel,2032.48,29.0,1,1,1,high value item,6,2,1,0,0,2023-10-20 12:58:50,107624.41666666667,,1,4,1733.7645454545454,2066.6326794088345,0.14454211313009088,1,0,0
682,1010,2024-03-04 03:47:59,MY,web,travel,1493.75,37.0,6,3,0,first time merchant,3,0,10,0,1,2024-01-03 06:43:15,87664.73333333334,,2,2,1733.7645454545454,2066.6326794088345,-0.11613798032227102,1,0,0
653,1010,2024-07-30 13:45:56,MY,web,luxury,3132.87,61.0,3,3,0,overnight shipping,13,1,31,0,0,2024-03-04 03:47:59,213717.95,,1,1,1733.7645454545454,2066.6326794088345,0.6769976437930286,1,0,0
226,1010,2024-08-31 22:38:09,MY,web,groceries,457.92,90.0,2,0,0,first time merchant,22,5,35,1,0,2024-07-30 13:45:56,46612.21666666667,,1,2,1733.7645454545454,2066.6326794088345,-0.6173542875647858,1,0,0
7,1011,2022-01-08 10:49:08,US,mobile_app,groceries,2758.85,11.0,5,0,0,new device,10,5,1,1,0,,-1.0,,1,3,2997.80125,1604.1929630879467,-0.14895418163413301,0,0,0
1014,1011,2022-04-14 12:36:47,US,pos_terminal,groceries,4809.78,35.0,1,2,0,repeat purchase,12,3,15,0,0,2022-01-08 10:49:08,138347.65,,1,1,2997.80125,1604.1929630879467,1.129526678955181,0,0,0
1118,1011,2022-09-30 14:22:58,US,mobile_app,gaming,1289.69,90.0,1,2,0,overnight shipping,14,4,39,0,0,2022-04-14 12:36:47,243466.18333333332,,1,2,2997.80125,1604.1929630879467,-1.0647791689049793,0,0,0
458,1011,2022-11-06 05:27:33,US,web,luxury,3336.7,46.0,0,3,0,No transaction note found,5,6,44,1,1,2022-09-30 14:22:58,52744.583333333336,,1,2,2997.80125,1604.1929630879467,0.21125809537753246,0,0,0
285,1011,2023-05-13 22:41:08,US,pos_terminal,electronics,4103.88,88.0,4,0,0,first time merchant,22,5,19,1,0,2022-11-06 05:27:33,271753.5833333333,,1,3,2997.80125,1604.1929630879467,0.6894923338093221,0,0,0
354,1011,2023-07-02 04:54:44,US,pos_terminal,electronics,4633.23,68.0,6,0,0,No transaction note found,4,6,26,1,1,2023-05-13 22:41:08,70933.6,,1,2,2997.80125,1604.1929630879467,1.0194713401883564,0,0,0
38,1011,2023-10-27 01:18:22,US,web,groceries,2830.07,31.0,4,1,0,new device,1,4,43,0,1,2023-07-02 04:54:44,168263.63333333333,,1,2,2997.80125,1604.1929630879467,-0.10455802628452515,0,0,0
882,1011,2024-01-13 07:52:55,US,web,travel,220.21,65.0,5,3,0,high value item,7,5,2,1,0,2023-10-27 01:18:22,112714.55,,1,3,2997.80125,1604.1929630879467,-1.7314570715067548,0,0,0
825,1012,2022-11-06 23:09:07,CN,web,luxury,3763.55,24.0,5,0,0,new device,23,6,44,1,0,,-1.0,,1,1,3763.55,,,0,0,0
47,1013,2022-09-17 23:26:33,CN,web,luxury,1810.83,67.0,4,2,0,repeat purchase,23,5,37,1,0,,-1.0,,2,1,2795.84625,1373.7412433840184,-0.7170318680784098,0,0,0
1158,1013,2022-10-19 07:40:19,CN,pos_terminal,gaming,2562.38,70.0,2,1,0,No transaction note found,7,2,42,0,0,2022-09-17 23:26:33,45133.76666666667,,1,2,2795.84625,1373.7412433840184,-0.16994921796545082,0,0,0
510,1013,2023-02-24 16:09:35,CN,mobile_app,groceries,3378.73,52.0,5,0,0,new device,16,4,8,0,0,2022-10-19 07:40:19,184829.26666666666,,1,2,2795.84625,1373.7412433840184,0.4243038875095195,0,0,0
661,1013,2023-05-05 22:19:16,CN,mobile_app,gaming,3750.24,52.0,2,1,0,repeat purchase,22,4,18,0,0,2023-02-24 16:09:35,101169.68333333333,,1,2,2795.84625,1373.7412433840184,0.6947405521937923,0,0,0
597,1013,2023-10-16 20:04:12,CN,mobile_app,electronics,500.28,86.0,27,0,0,high value item,20,0,42,0,0,2023-05-05 22:19:16,236024.93333333332,,2,2,2795.84625,1373.7412433840184,-1.6710324896013133,0,0,0
1123,1013,2023-10-16 23:29:07,CN,pos_terminal,electronics,4662.1,78.0,5,3,0,VPN suspected,23,0,42,0,0,2023-10-16 20:04:12,204.91666666666666,,2,2,2795.84625,1373.7412433840184,1.358519123588913,0,0,0
377,1013,2023-10-24 13:54:26,CN,pos_terminal,travel,1808.0,38.0,3,5,0,first time merchant,13,1,43,0,0,2023-10-16 23:29:07,10945.316666666668,,1,1,2795.84625,1373.7412433840184,-0.719091935804868,0,0,0
465,1013,2024-01-31 20:27:12,CN,web,electronics,3894.21,40.0,4,1,0,overnight shipping,20,2,5,0,0,2023-10-24 13:54:26,142952.76666666666,,2,2,2795.84625,1373.7412433840184,0.7995419481578171,0,0,0
1163,1014,2023-06-07 17:13:44,MY,mobile_app,gaming,4981.12,26.0,2,1,0,repeat purchase,17,2,23,0,0,,-1.0,,1,1,4849.5650000000005,186.0468661979926,0.7071067773858521,1,0,0
1048,1014,2023-11-17 11:49:15,MY,mobile_app,electronics,4718.01,28.0,4,0,0,No transaction note found,11,4,46,0,0,2023-06-07 17:13:44,234395.51666666666,,1,1,4849.5650000000005,186.0468661979926,-0.707106777385857,1,0,0
382,1015,2022-09-19 09:37:27,CN,pos_terminal,gaming,4426.22,28.0,4,2,0,high value item,9,0,38,0,0,,-1.0,,1,1,2277.0128571428572,1295.656037013086,1.6587790906387265,0,0,0
854,1015,2023-04-11 19:34:48,CN,mobile_app,luxury,1243.52,92.0,4,2,0,VPN suspected,19,1,15,0,0,2022-09-19 09:37:27,294357.35,,1,2,2277.0128571428572,1295.656037013086,-0.7976598939988724,0,0,0
280,1015,2023-06-13 08:11:28,CN,web,luxury,3227.77,79.0,1,0,0,repeat purchase,8,1,24,0,0,2023-04-11 19:34:48,90036.66666666667,,2,2,2277.0128571428572,1295.656037013086,0.7338036606142407,0,0,0
532,1015,2023-06-15 08:01:43,CN,mobile_app,travel,3003.29,19.0,0,1,0,No transaction note found,8,3,24,0,0,2023-06-13 08:11:28,2870.25,,2,2,2277.0128571428572,1295.656037013086,0.5605478013527809,0,0,0
1122,1015,2024-02-04 04:11:16,CN,web,groceries,1538.65,17.0,2,2,0,overnight shipping,4,6,5,1,1,2023-06-15 08:01:43,336729.55,,1,1,2277.0128571428572,1295.656037013086,-0.569875673828547,0,0,0
59,1015,2024-07-11 03:51:57,CN,pos_terminal,electronics,863.62,66.0,4,1,0,VPN suspected,3,3,28,0,1,2024-02-04 04:11:16,227500.68333333332,,1,2,2277.0128571428572,1295.656037013086,-1.0908704291620432,0,0,0
606,1015,2024-11-15 11:01:36,CN,web,travel,1636.02,46.0,5,0,0,No transaction note found,11,4,46,0,0,2024-07-11 03:51:57,183309.65,,1,1,2277.0128571428572,1295.656037013086,-0.49472455561628603,0,0,0
380,1016,2022-07-28 21:03:35,UK,mobile_app,luxury,3760.06,86.0,4,3,0,first time merchant,21,3,30,0,0,,-1.0,,1,2,3022.273333333333,1108.8504184932706,0.6653617605782997,0,0,0
759,1016,2022-11-22 15:24:00,UK,web,travel,4214.7,20.0,1,3,0,No transaction note found,15,1,47,0,0,2022-07-28 21:03:35,168140.41666666666,,1,2,3022.273333333333,1108.8504184932706,1.0753719769407324,0,0,0
839,1016,2023-02-11 14:37:28,UK,mobile_app,luxury,3749.78,58.0,1,2,0,first time merchant,14,5,6,1,0,2022-11-22 15:24:00,116593.46666666666,,1,1,3022.273333333333,1108.8504184932706,0.6560908978644916,0,0,0
704,1016,2023-05-31 20:17:59,UK,mobile_app,travel,1565.95,40.0,2,1,0,VPN suspected,20,2,22,0,0,2023-02-11 14:37:28,157300.51666666666,,1,1,3022.273333333333,1108.8504184932706,-1.3133631994405666,0,0,0
619,1016,2024-01-19 13:41:01,SG,web,groceries,4150.56,47.0,2,3,0,No transaction note found,13,4,3,0,0,2023-05-31 20:17:59,335123.0333333333,,2,3,3022.273333333333,1108.8504184932706,1.0175282868178082,1,0,0
531,1016,2024-06-21 05:16:49,UK,mobile_app,luxury,3152.06,89.0,1,0,0,VPN suspected,5,4,25,0,1,2024-01-19 13:41:01,221255.8,,2,3,3022.273333333333,1108.8504184932706,0.11704614481998729,0,0,0
1090,1016,2024-07-19 05:25:09,UK,pos_terminal,luxury,3256.76,48.0,2,0,1,new device,5,4,29,0,1,2024-06-21 05:16:49,40328.333333333336,,2,3,3022.273333333333,1108.8504184932706,0.21146825825731533,0,0,0
735,1016,2024-08-29 13:59:29,CN,mobile_app,travel,1324.24,14.0,5,2,1,new device,13,3,35,0,0,2024-07-19 05:25:09,59554.333333333336,,2,2,3022.273333333333,1108.8504184932706,-1.531345711751326,0,0,0
1031,1016,2024-12-17 16:17:37,UK,pos_terminal,electronics,2026.35,12.0,0,0,0,overnight shipping,16,1,51,0,0,2024-08-29 13:59:29,158538.13333333333,,1,2,3022.273333333333,1108.8504184932706,-0.8981584140867394,0,0,0
981,1017,2022-04-23 10:58:03,CN,pos_terminal,electronics,2996.83,68.0,3,2,0,new device,10,5,16,1,0,,-1.0,,1,2,2352.15,911.7152003906868,0.7071067804109689,0,0,0
256,1017,2023-09-23 09:32:35,CN,web,electronics,1707.47,88.0,6,2,0,VPN suspected,9,5,38,1,0,2022-04-23 10:58:03,745834.5333333333,,1,2,2352.15,911.7152003906868,-0.7071067804109691,0,0,0
5,1018,2022-01-20 14:39:36,US,pos_terminal,groceries,663.15,18.0,2,3,0,first time merchant,14,3,3,0,0,,-1.0,,1,1,3262.6749999999997,2499.631606788569,-1.039963246160009,0,0,0
905,1018,2022-02-16 20:10:38,JP,pos_terminal,electronics,1891.22,30.0,4,0,0,high value item,20,2,7,0,0,2022-01-20 14:39:36,39211.03333333333,,1,1,3262.6749999999997,2499.631606788569,-0.5486628494676432,1,0,0
701,1018,2022-12-04 07:40:48,JP,pos_terminal,gaming,4140.05,65.0,2,0,0,overnight shipping,7,6,48,1,0,2022-02-16 20:10:38,418290.1666666667,,1,2,3262.6749999999997,2499.631606788569,0.3510017226607317,1,0,0
489,1018,2023-03-17 21:23:23,JP,mobile_app,electronics,8441.46,37.0,6,1,0,first time merchant,21,4,11,0,0,2022-12-04 07:40:48,149142.58333333334,,1,3,3262.6749999999997,2499.631606788569,2.0718192976658285,1,0,0
1188,1018,2023-05-30 17:05:06,JP,mobile_app,travel,2951.98,13.0,2,1,1,first time merchant,17,1,22,0,0,2023-03-17 21:23:23,106301.71666666666,,1,1,3262.6749999999997,2499.631606788569,-0.12429631596760321,1,0,0
624,1018,2023-12-01 08:02:24,JP,mobile_app,electronics,2130.13,72.0,1,0,0,first time merchant,8,4,48,0,0,2023-05-30 17:05:06,265857.3,,1,3,3262.6749999999997,2499.631606788569,-0.4530847653407016,1,0,0
951,1018,2024-07-19 01:55:52,JP,pos_terminal,electronics,4662.73,55.0,4,2,0,No transaction note found,1,4,29,0,1,2023-12-01 08:02:24,332273.4666666667,,1,3,3262.6749999999997,2499.631606788569,0.5601045354834254,1,0,0
14,1018,2024-07-21 13:56:40,JP,pos_terminal,luxury,1220.68,10.0,6,0,0,No transaction note found,13,6,29,1,0,2024-07-19 01:55:52,3600.8,,1,2,3262.6749999999997,2499.631606788569,-0.816918378874028,1,0,0
495,1019,2022-06-03 15:03:13,DE,web,luxury,940.4,36.0,6,2,0,VPN suspected,15,4,22,0,0,,-1.0,,1,1,1118.8833333333334,689.9133041282505,-0.25870400275706895,0,0,0
928,1019,2023-12-02 10:27:17,DE,pos_terminal,electronics,1880.5,85.0,4,1,0,No transaction note found,10,5,48,1,0,2022-06-03 15:03:13,787404.0666666667,,1,1,1118.8833333333334,689.9133041282505,1.1039309752535036,0,0,0
111,1019,2024-01-10 08:15:46,DE,pos_terminal,travel,535.75,60.0,4,2,0,No transaction note found,8,2,2,0,0,2023-12-02 10:27:17,56028.48333333333,,1,1,1118.8833333333334,689.9133041282505,-0.8452269724964351,0,0,0
1093,1020,2023-01-01 00:47:47,MY,pos_terminal,luxury,3288.49,62.0,4,1,0,new device,0,6,52,1,1,,-1.0,,1,2,2232.485,1637.2621194129315,0.6449822465682211,1,0,0
789,1020,2023-01-31 19:21:52,MY,web,electronics,280.88,20.0,4,2,0,new device,19,1,5,0,0,2023-01-01 00:47:47,44314.083333333336,,1,1,2232.485,1637.2621194129315,-1.1919930088529633,1,0,0
1187,1020,2023-02-03 07:14:17,CN,mobile_app,luxury,3284.3,45.0,0,2,1,repeat purchase,7,4,5,0,0,2023-01-31 19:21:52,3592.4166666666665,,1,2,2232.485,1637.2621194129315,0.6424230961729857,0,0,0
745,1020,2023-09-01 17:42:19,MY,mobile_app,electronics,4389.94,52.0,0,0,0,repeat purchase,17,4,35,0,0,2023-02-03 07:14:17,303028.0333333333,,1,2,2232.485,1637.2621194129315,1.3177211971248637,1,0,0
665,1020,2024-03-03 10:40:33,MY,web,luxury,931.14,85.0,0,0,0,overnight shipping,10,6,9,1,0,2023-09-01 17:42:19,264538.23333333334,,1,2,2232.485,1637.2621194129315,-0.7948299692334053,1,0,0
1114,1020,2024-06-27 02:18:24,MY,pos_terminal,travel,1220.16,72.0,3,3,0,No transaction note found,2,3,26,0,1,2024-03-03 10:40:33,166537.85,,1,1,2232.485,1637.2621194129315,-0.6183035617797025,1,0,0
138,1021,2022-07-15 16:08:40,SG,web,travel,2175.48,40.0,6,3,0,overnight shipping,16,4,28,0,0,,-1.0,,1,1,2566.5533333333333,1812.8400698054827,-0.21572412252300632,1,0,0
888,1021,2022-07-25 14:49:32,US,pos_terminal,electronics,4027.4,66.0,0,1,1,high value item,14,0,30,0,0,2022-07-15 16:08:40,14320.866666666667,,1,1,2566.5533333333333,1812.8400698054827,0.8058331735923154,0,0,0
472,1021,2023-01-05 23:06:58,UK,mobile_app,groceries,323.29,87.0,5,0,1,new device,23,3,1,0,0,2022-07-25 14:49:32,236657.43333333332,,1,1,2566.5533333333333,1812.8400698054827,-1.237430356211199,0,0,0
61,1021,2023-09-27 17:24:41,SG,web,travel,3352.61,12.0,1,2,0,new device,17,2,39,0,0,2023-01-05 23:06:58,381257.7166666667,,1,1,2566.5533333333333,1812.8400698054827,0.43360508174944,1,0,0
1019,1021,2023-10-14 02:42:38,SG,mobile_app,gaming,708.47,49.0,0,2,0,repeat purchase,2,5,41,1,1,2023-09-27 17:24:41,23597.95,,1,1,2566.5533333333333,1812.8400698054827,-1.0249571179948076,1,0,0
910,1021,2024-02-18 08:14:12,SG,web,groceries,4812.07,68.0,1,0,0,new device,8,6,7,1,0,2023-10-14 02:42:38,183211.56666666668,,1,1,2566.5533333333333,1812.8400698054827,1.2386733413872575,1,0,0
740,1022,2022-05-10 05:09:21,UK,pos_terminal,travel,4955.58,54.0,6,3,0,No transaction note found,5,1,19,0,1,,-1.0,,1,1,2344.13,1369.9803278076515,1.9061952547735077,0,0,0
506,1022,2023-07-09 04:46:12,UK,web,gaming,2366.42,91.0,3,0,0,first time merchant,4,6,27,1,1,2022-05-10 05:09:21,611976.85,,1,1,2344.13,1369.9803278076515,0.016270306622336795,0,0,0
1148,1022,2024-01-31 02:51:33,US,mobile_app,luxury,1475.21,58.0,6,2,0,No transaction note found,2,2,5,0,1,2023-07-09 04:46:12,296525.35,,1,2,2344.13,1369.9803278076515,-0.6342572826505568,0,0,0
713,1022,2024-06-14 08:22:14,UK,mobile_app,luxury,1096.46,76.0,6,0,0,No transaction note found,8,4,24,0,0,2024-01-31 02:51:33,194730.68333333332,,1,1,2344.13,1369.9803278076515,-0.9107211064823231,0,0,0
136,1022,2024-07-24 00:23:12,UK,mobile_app,travel,1842.0,35.0,4,1,0,repeat purchase,0,2,30,0,1,2024-06-14 08:22:14,57120.96666666667,,1,2,2344.13,1369.9803278076515,-0.3665235111832207,0,0,0
607,1022,2024-08-17 19:41:12,UK,pos_terminal,luxury,2329.11,29.0,0,2,0,No transaction note found,19,5,33,1,0,2024-07-24 00:23:12,35718.0,,1,1,2344.13,1369.9803278076515,-0.010963661079744223,0,0,0
1008,1023,2022-08-12 06:34:52,AU,web,travel,378.78,28.0,0,2,0,No transaction note found,6,4,32,0,0,,-1.0,,1,2,2867.818888888889,1849.2788365021295,-1.3459511025372743,0,0,0
1119,1023,2022-09-12 17:01:40,AU,pos_terminal,travel,1739.96,37.0,6,2,0,No transaction note found,17,0,37,0,0,2022-08-12 06:34:52,45266.8,,1,1,2867.818888888889,1849.2788365021295,-0.609891200086521,0,0,0
744,1023,2022-10-09 16:38:38,AU,mobile_app,electronics,1321.74,25.0,1,0,0,No transaction note found,16,6,40,1,0,2022-09-12 17:01:40,38856.96666666667,,2,3,2867.818888888889,1849.2788365021295,-0.8360442234948535,0,0,0
774,1023,2023-02-10 15:13:08,AU,mobile_app,groceries,2033.83,19.0,6,3,0,VPN suspected,15,4,6,0,0,2022-10-09 16:38:38,178474.5,,1,2,2867.818888888889,1849.2788365021295,-0.4509806052106024,0,0,0
208,1023,2023-08-06 23:53:35,AU,mobile_app,gaming,4815.32,61.0,2,0,0,overnight shipping,23,6,31,1,0,2023-02-10 15:13:08,255400.45,,1,3,2867.818888888889,1849.2788365021295,1.05311382614142,0,0,0
572,1023,2023-09-26 04:51:22,AU,web,luxury,5737.46,48.0,1,1,0,new device,4,1,39,0,1,2023-08-06 23:53:35,72297.78333333334,,1,1,2867.818888888889,1849.2788365021295,1.5517622623849276,0,0,0
657,1023,2023-10-04 11:12:47,AU,web,gaming,1815.34,84.0,3,1,0,first time merchant,11,2,40,0,0,2023-09-26 04:51:22,11901.416666666666,,1,1,2867.818888888889,1849.2788365021295,-0.5691293644389669,0,0,0
642,1023,2023-10-19 16:36:36,AU,pos_terminal,luxury,3216.35,27.0,1,3,0,VPN suspected,16,3,42,0,0,2023-10-04 11:12:47,21923.816666666666,,2,1,2867.818888888889,1849.2788365021295,0.18846866369289658,0,0,0
186,1023,2023-12-17 07:56:13,AU,mobile_app,gaming,4751.59,70.0,6,0,0,new device,7,6,50,1,0,2023-10-19 16:36:36,84439.61666666667,,1,3,2867.818888888889,1849.2788365021295,1.0186517435489735,0,0,0
172,1024,2022-04-04 00:54:08,DE,web,gaming,2189.13,21.0,2,3,0,No transaction note found,0,0,14,0,1,,-1.0,,1,1,2189.523333333333,944.5900624199438,-0.000416406385141609,0,0,0
403,1024,2022-12-10 23:10:02,DE,web,gaming,3134.31,79.0,3,1,0,repeat purchase,23,5,49,1,0,2022-04-04 00:54:08,361335.9,,1,1,2189.523333333333,944.5900624199438,1.0002081371110547,0,0,0
1108,1024,2023-10-20 14:16:17,DE,pos_terminal,luxury,1245.13,60.0,3,0,1,new device,14,4,42,0,0,2022-12-10 23:10:02,451626.25,,1,1,2189.523333333333,944.5900624199438,-0.9997917307259121,0,0,0
872,1025,2022-03-13 00:12:46,SG,web,luxury,2021.98,57.0,2,3,0,repeat purchase,0,6,10,1,1,,-1.0,,1,2,1263.3257142857142,1041.6650473057875,0.7283092465053961,1,0,0
391,1025,2022-08-31 02:23:02,SG,mobile_app,groceries,1250.87,45.0,4,6,0,overnight shipping,2,2,35,0,1,2022-03-13 00:12:46,246370.26666666666,,1,1,1263.3257142857142,1041.6650473057875,-0.011957504303259816,1,0,0
1134,1025,2022-09-25 03:10:45,SG,pos_terminal,travel,374.07,23.0,2,2,1,high value item,3,6,38,1,1,2022-08-31 02:23:02,36047.71666666667,,1,2,1263.3257142857142,1041.6650473057875,-0.8536868128442323,1,0,0
1176,1025,2023-01-30 07:41:11,SG,pos_terminal,luxury,584.6,41.0,2,3,0,new device,7,0,5,0,0,2022-09-25 03:10:45,183150.43333333332,,1,1,1263.3257142857142,1041.6650473057875,-0.6515776986481431,1,0,0
151,1025,2023-11-10 06:12:26,SG,pos_terminal,travel,1408.33,16.0,4,1,1,repeat purchase,6,4,45,0,0,2023-01-30 07:41:11,408871.25,,1,1,1263.3257142857142,1041.6650473057875,0.13920433069087976,1,0,0
580,1025,2024-02-22 16:46:05,SG,pos_terminal,gaming,112.89,42.0,5,3,0,first time merchant,16,3,8,0,0,2023-11-10 06:12:26,150393.65,,1,1,1263.3257142857142,1041.6650473057875,-1.10442000263065,1,0,0
62,1025,2024-11-05 17:53:47,SG,web,gaming,3090.54,29.0,6,1,1,overnight shipping,17,1,45,0,0,2024-02-22 16:46:05,370147.7,,1,1,1263.3257142857142,1041.6650473057875,1.75412844123001,1,0,0
1172,1026,2022-01-31 15:51:35,CN,mobile_app,electronics,3357.27,52.0,1,3,0,first time merchant,15,0,5,0,0,,-1.0,,1,2,2851.67,1503.4655241663945,0.33628971989918616,0,0,0
355,1026,2022-12-09 20:07:55,CN,mobile_app,groceries,3541.11,73.0,0,2,0,No transaction note found,20,4,49,0,0,2022-01-31 15:51:35,449536.3333333333,,1,1,2851.67,1503.4655241663945,0.45856721615366886,0,0,0
402,1026,2024-03-10 22:19:28,CN,web,electronics,3835.8,57.0,1,4,0,new device,22,6,10,1,0,2022-12-09 20:07:55,658211.55,,1,1,2851.67,1503.4655241663945,0.6545743711320929,0,0,0
350,1026,2024-06-03 13:54:31,CN,pos_terminal,travel,186.05,75.0,4,3,0,repeat purchase,13,0,23,0,0,2024-03-10 22:19:28,121895.05,,1,2,2851.67,1503.4655241663945,-1.7729837878909587,0,0,0
626,1026,2024-09-26 17:38:53,CN,pos_terminal,travel,3338.12,23.0,6,0,0,No transaction note found,17,3,39,0,0,2024-06-03 13:54:31,165824.36666666667,,1,1,2851.67,1503.4655241663945,0.32355248070601084,0,0,0
942,1027,2022-02-08 09:14:42,AU,pos_terminal,luxury,3466.04,60.0,4,0,0,high value item,9,1,6,0,0,,-1.0,,2,3,2377.1911111111112,1394.670217569534,0.780721402932376,0,0,0
671,1027,2022-05-18 10:45:30,AU,web,groceries,2471.66,72.0,2,2,0,VPN suspected,10,2,20,0,0,2022-02-08 09:14:42,142650.8,,2,2,2377.1911111111112,1394.670217569534,0.06773564653407298,0,0,0
156,1027,2022-07-26 09:55:34,AU,mobile_app,gaming,2428.44,14.0,3,6,0,repeat purchase,9,1,30,0,0,2022-05-18 10:45:30,99310.06666666667,,2,3,2377.1911111111112,1394.670217569534,0.0367462416872996,0,0,0
1012,1027,2022-08-15 10:59:34,AU,web,groceries,2702.92,46.0,6,3,0,No transaction note found,10,0,33,0,0,2022-07-26 09:55:34,28864.0,,2,2,2377.1911111111112,1394.670217569534,0.2335526239719455,0,0,0
265,1027,2023-10-30 17:41:04,AU,pos_terminal,luxury,2067.8,80.0,3,2,0,VPN suspected,17,0,44,0,0,2022-08-15 10:59:34,635441.5,,1,2,2377.1911111111112,1394.670217569534,-0.22183818598369529,0,0,0
834,1027,2023-12-03 22:03:29,AU,pos_terminal,electronics,509.23,39.0,0,2,0,overnight shipping,22,6,48,1,0,2023-10-30 17:41:04,49222.416666666664,,2,1,2377.1911111111112,1394.670217569534,-1.3393568512320944,0,0,0
423,1027,2024-03-20 00:34:54,AU,web,gaming,2499.66,86.0,5,0,0,high value item,0,2,12,0,1,2023-12-03 22:03:29,154231.41666666666,,1,2,2377.1911111111112,1394.670217569534,0.08781207725387072,0,0,0
780,1027,2024-09-21 20:54:31,AU,pos_terminal,groceries,4919.62,47.0,0,2,1,first time merchant,20,5,38,1,0,2024-03-20 00:34:54,267619.61666666664,,1,1,2377.1911111111112,1394.670217569534,1.822960623135362,0,0,0
48,1027,2024-10-01 22:58:28,AU,web,gaming,329.35,91.0,5,2,0,repeat purchase,22,1,40,0,0,2024-09-21 20:54:31,14523.95,,2,3,2377.1911111111112,1394.670217569534,-1.468333578299138,0,0,0
312,1028,2022-06-09 00:49:30,US,web,groceries,3965.48,17.0,2,2,0,No transaction note found,0,3,23,0,1,,-1.0,,1,1,1903.9325,1489.3504709484655,1.384192330960987,0,0,0
1198,1028,2022-09-07 11:55:50,US,web,groceries,741.27,29.0,4,2,0,overnight shipping,11,2,36,0,0,2022-06-09 00:49:30,130266.33333333333,,3,3,1903.9325,1489.3504709484655,-0.7806507082645092,0,0,0
591,1028,2022-12-13 11:26:42,US,web,luxury,486.53,19.0,5,1,0,high value item,11,1,50,0,0,2022-09-07 11:55:50,139650.86666666667,,3,2,1903.9325,1489.3504709484655,-0.9516917123592495,0,0,0
249,1028,2023-01-04 18:57:44,US,mobile_app,luxury,125.54,35.0,0,1,0,repeat purchase,18,2,1,0,0,2022-12-13 11:26:42,32131.033333333333,,1,3,1903.9325,1489.3504709484655,-1.1940725401372205,0,0,0
849,1028,2023-05-24 11:42:48,SG,web,luxury,1067.51,10.0,1,2,0,No transaction note found,11,2,21,0,0,2023-01-04 18:57:44,201165.06666666668,,3,3,1903.9325,1489.3504709484655,-0.5616021992911713,1,0,0
961,1028,2023-07-31 23:31:32,US,web,luxury,2233.12,62.0,4,2,0,high value item,23,0,31,0,0,2023-05-24 11:42:48,98628.73333333334,,1,2,1903.9325,1489.3504709484655,0.22102755961151507,0,0,0
174,1028,2024-04-22 14:02:04,US,mobile_app,electronics,3389.97,83.0,1,2,0,first time merchant,14,0,17,0,0,2023-07-31 23:31:32,382470.5333333333,,1,2,1903.9325,1489.3504709484655,0.9977755598745299,0,0,0
171,1028,2024-10-08 04:05:49,US,pos_terminal,electronics,3222.04,47.0,0,1,0,overnight shipping,4,1,41,0,1,2024-04-22 14:02:04,242763.75,,1,2,1903.9325,1489.3504709484655,0.8850217096051191,0,0,0
44,1029,2022-07-19 07:56:34,US,mobile_app,gaming,3715.96,63.0,5,3,0,No transaction note found,7,1,29,0,0,,-1.0,,1,2,3206.8,560.790409441514,0.9079327881285766,0,0,0
835,1029,2023-02-07 00:01:36,US,mobile_app,travel,3382.15,64.0,3,0,0,high value item,0,1,6,0,1,2022-07-19 07:56:34,291845.0333333333,,1,2,3206.8,560.790409441514,0.3126836640709126,0,0,0
1162,1029,2024-05-19 02:28:00,US,web,groceries,3322.36,80.0,6,0,0,No transaction note found,2,6,20,1,1,2023-02-07 00:01:36,672626.4,,1,1,3206.8,560.790409441514,0.20606629153142095,0,0,0
739,1029,2024-07-13 10:07:32,US,pos_terminal,luxury,2406.73,20.0,0,3,0,overnight shipping,10,5,28,1,0,2024-05-19 02:28:00,79659.53333333334,,1,1,3206.8,560.790409441514,-1.4266827437309109,0,0,0
786,1030,2022-10-19 22:36:39,UK,web,travel,3920.6,55.0,1,2,0,first time merchant,22,2,42,0,0,,-1.0,,1,2,2576.824285714286,1647.1517362777709,0.8158178051782738,0,0,0
1061,1030,2022-10-20 07:31:25,UK,mobile_app,luxury,1859.1,11.0,4,2,0,VPN suspected,7,3,42,0,0,2022-10-19 22:36:39,534.7666666666667,,1,2,2576.824285714286,1647.1517362777709,-0.4357365929967068,0,0,0
122,1030,2023-05-01 06:51:47,UK,mobile_app,travel,830.74,36.0,6,2,0,new device,6,0,18,0,0,2022-10-20 07:31:25,277880.36666666664,,1,1,2576.824285714286,1647.1517362777709,-1.0600628025078507,0,0,0
170,1030,2023-08-02 03:50:06,UK,pos_terminal,groceries,4157.66,52.0,2,3,0,VPN suspected,3,2,31,0,1,2023-05-01 06:51:47,133738.31666666668,,1,2,2576.824285714286,1647.1517362777709,0.9597389721107797,0,0,0
1189,1030,2024-04-07 17:02:47,MY,web,gaming,4773.91,43.0,5,2,0,repeat purchase,17,6,14,1,0,2023-08-02 03:50:06,359352.68333333335,,1,1,2576.824285714286,1647.1517362777709,1.333869652622704,1,0,0
919,1030,2024-05-21 00:38:19,UK,pos_terminal,electronics,1088.87,90.0,3,0,0,first time merchant,0,1,21,0,1,2024-04-07 17:02:47,62375.53333333333,,1,1,2576.824285714286,1647.1517362777709,-0.9033498571763408,0,0,0
658,1030,2024-12-26 19:26:10,UK,pos_terminal,luxury,1406.89,41.0,5,3,1,VPN suspected,19,3,52,0,0,2024-05-21 00:38:19,316487.85,,1,2,2576.824285714286,1647.1517362777709,-0.7102771772308605,0,0,0
1030,1031,2022-07-27 21:45:39,US,web,travel,2656.45,10.0,3,1,0,overnight shipping,21,2,30,0,0,,-1.0,,1,1,3703.42,3136.656996095256,-0.33378530113536364,0,0,0
830,1031,2024-01-12 19:10:30,US,mobile_app,gaming,2995.73,20.0,6,3,1,overnight shipping,19,4,2,0,0,2022-07-27 21:45:39,768804.85,,2,2,3703.42,3136.656996095256,-0.22561918656741403,0,0,0
1038,1031,2024-03-11 18:02:50,UK,pos_terminal,gaming,1298.65,12.0,3,2,0,repeat purchase,18,0,11,0,0,2024-01-12 19:10:30,84892.33333333333,,1,2,3703.42,3136.656996095256,-0.7666665507237918,0,0,0
748,1031,2024-05-10 08:41:38,US,web,luxury,3734.18,83.0,5,1,0,new device,8,4,19,0,0,2024-03-11 18:02:50,85838.8,,1,2,3703.42,3136.656996095256,0.009806618969907165,0,0,0
578,1031,2024-09-29 14:23:03,US,pos_terminal,gaming,1687.97,13.0,1,6,0,No transaction note found,14,6,39,1,0,2024-05-10 08:41:38,204821.41666666666,,1,1,3703.42,3136.656996095256,-0.6425471457379567,0,0,0
1120,1031,2024-10-07 19:31:03,US,mobile_app,luxury,9847.54,63.0,2,0,0,No transaction note found,19,0,41,0,0,2024-09-29 14:23:03,11828.0,,2,2,3703.42,3136.656996095256,1.9588115651946192,0,0,0
977,1032,2022-08-28 10:58:22,AU,mobile_app,luxury,4662.26,33.0,1,0,0,high value item,10,6,34,1,0,,-1.0,,1,3,2314.9772727272725,1572.2858151959492,1.4929109609630313,0,0,0
46,1032,2023-02-25 02:53:48,AU,pos_terminal,luxury,1165.76,0.0,1,1,0,No transaction note found,2,5,8,1,1,2022-08-28 10:58:22,260155.43333333332,,1,1,2314.9772727272725,1572.2858151959492,-0.7309213513346167,0,1,0
1013,1032,2023-03-15 14:24:03,DE,mobile_app,luxury,2556.35,94.0,0,0,0,first time merchant,14,2,11,0,0,2023-02-25 02:53:48,26610.25,,2,2,2314.9772727272725,1572.2858151959492,0.1535170799989987,0,0,0
947,1032,2023-08-30 14:04:51,AU,pos_terminal,electronics,3588.78,94.0,2,2,0,high value item,14,2,35,0,0,2023-03-15 14:24:03,241900.8,,2,2,2314.9772727272725,1572.2858151959492,0.8101597781787387,0,0,0
509,1032,2024-04-05 21:00:29,AU,pos_terminal,luxury,424.21,93.0,4,2,0,No transaction note found,21,4,14,0,0,2023-08-30 14:04:51,315775.63333333336,,1,2,2314.9772727272725,1572.2858151959492,-1.2025595184114994,0,0,0
223,1032,2024-06-16 23:00:14,AU,web,luxury,2101.79,73.0,3,0,0,new device,23,6,24,1,0,2024-04-05 21:00:29,103799.75,,1,3,2314.9772727272725,1572.2858151959492,-0.13559066084985552,0,0,0
702,1032,2024-09-08 19:50:32,AU,pos_terminal,groceries,2606.77,19.0,0,0,0,No transaction note found,19,6,36,1,0,2024-06-16 23:00:14,120770.3,,1,3,2314.9772727272725,1572.2858151959492,0.18558504087016917,0,0,0
547,1032,2024-09-17 15:38:26,AU,web,gaming,1076.32,62.0,6,2,0,VPN suspected,15,1,38,0,0,2024-09-08 19:50:32,12707.9,,1,1,2314.9772727272725,1572.2858151959492,-0.7878066829553522,0,0,0
363,1032,2024-09-19 22:29:08,US,pos_terminal,groceries,164.0,81.0,0,3,0,overnight shipping,22,3,38,0,0,2024-09-17 15:38:26,3290.7,,1,2,2314.9772727272725,1572.2858151959492,-1.3680574180205287,0,0,0
36,1032,2024-10-25 18:21:55,AU,mobile_app,electronics,2285.18,62.0,1,2,0,high value item,18,4,43,0,0,2024-09-19 22:29:08,51592.78333333333,,2,2,2314.9772727272725,1572.2858151959492,-0.018951562393609168,0,0,0
559,1032,2024-12-05 18:41:49,AU,pos_terminal,travel,4833.33,88.0,3,0,0,repeat purchase,18,3,49,0,0,2024-10-25 18:21:55,59059.9,,2,2,2314.9772727272725,1572.2858151959492,1.6017143339545252,0,0,0
50,1033,2022-05-03 18:35:35,AU,web,luxury,3327.04,16.0,4,0,0,high value item,18,1,18,0,0,,-1.0,,1,1,2880.6185714285716,2306.818199978035,0.1935225882020868,0,0,0
564,1033,2022-06-19 13:53:54,AU,mobile_app,electronics,4289.59,34.0,5,2,0,No transaction note found,13,6,24,1,0,2022-05-03 18:35:35,67398.31666666667,,2,1,2880.6185714285716,2306.818199978035,0.6107856391044792,0,0,0
939,1033,2022-09-15 01:15:00,AU,mobile_app,travel,1522.63,28.0,1,0,0,overnight shipping,1,3,37,0,1,2022-06-19 13:53:54,125961.1,,1,1,2880.6185714285716,2306.818199978035,-0.5886846962805747,0,0,0
1065,1033,2022-11-11 02:32:34,AU,mobile_app,gaming,2698.96,33.0,0,3,0,high value item,2,4,45,0,1,2022-09-15 01:15:00,82157.56666666667,,1,3,2880.6185714285716,2306.818199978035,-0.07874854265945244,0,0,0
1062,1033,2023-01-06 12:28:04,AU,web,luxury,3613.01,64.0,2,1,0,VPN suspected,12,4,1,0,0,2022-11-11 02:32:34,81235.5,,1,3,2880.6185714285716,2306.818199978035,0.3174898778665793,0,0,0
857,1033,2023-01-13 13:21:44,AU,web,luxury,3018.65,16.0,5,1,0,new device,13,4,2,0,0,2023-01-06 12:28:04,10133.666666666666,,2,3,2880.6185714285716,2306.818199978035,0.05983628383577986,0,0,0
251,1033,2023-02-20 00:39:48,AU,mobile_app,luxury,2717.96,73.0,4,3,0,first time merchant,0,0,8,0,1,2023-01-13 13:21:44,53958.066666666666,,1,2,2880.6185714285716,2306.818199978035,-0.07051208952232142,0,0,0
260,1033,2023-02-25 23:02:29,AU,pos_terminal,electronics,9661.69,86.0,2,0,0,high value item,23,5,8,1,0,2023-02-20 00:39:48,8542.683333333332,,1,2,2880.6185714285716,2306.818199978035,2.9395777389982434,0,0,0
496,1033,2023-03-25 11:24:28,AU,pos_terminal,groceries,940.58,52.0,6,0,0,high value item,11,5,12,1,0,2023-02-25 23:02:29,39621.98333333333,,2,2,2880.6185714285716,2306.818199978035,-0.8410019356735803,0,0,0
300,1033,2023-09-20 05:50:16,AU,mobile_app,gaming,237.55,68.0,4,2,0,high value item,5,2,38,0,1,2023-03-25 11:24:28,257425.8,,1,4,2880.6185714285716,2306.818199978035,-1.1457637066734336,0,0,0
802,1033,2023-10-18 16:36:12,AU,pos_terminal,electronics,2661.17,10.0,1,1,0,repeat purchase,16,2,42,0,0,2023-09-20 05:50:16,40965.933333333334,,1,4,2880.6185714285716,2306.818199978035,-0.09513041445167247,0,0,0
146,1033,2023-11-29 22:11:58,AU,mobile_app,electronics,2933.46,24.0,6,0,0,VPN suspected,22,2,48,0,0,2023-10-18 16:36:12,60815.76666666667,,1,4,2880.6185714285716,2306.818199978035,0.022906628954085576,0,0,0
299,1033,2024-08-28 11:26:28,AU,web,gaming,111.16,76.0,3,2,0,first time merchant,11,2,35,0,0,2023-11-29 22:11:58,392474.5,,2,4,2880.6185714285716,2306.818199978035,-1.2005534599366963,0,0,0
362,1033,2024-09-02 06:28:04,AU,pos_terminal,luxury,2595.21,43.0,5,3,0,high value item,6,0,36,0,0,2024-08-28 11:26:28,6901.6,,1,2,2880.6185714285716,2306.818199978035,-0.1237239117635231,0,0,0
270,1034,2022-06-23 04:41:51,DE,mobile_app,travel,3116.62,64.0,3,1,0,first time merchant,4,3,25,0,1,,-1.0,,2,2,1642.5639999999999,1199.271727228047,1.2291259491350466,0,0,0
139,1034,2022-08-12 04:06:10,DE,mobile_app,luxury,1792.08,67.0,2,0,0,No transaction note found,4,4,32,0,1,2022-06-23 04:41:51,71964.31666666667,,2,2,1642.5639999999999,1199.271727228047,0.12467232955252427,0,0,0
1175,1034,2022-10-07 08:02:02,CN,pos_terminal,groceries,881.33,27.0,0,0,0,new device,8,4,40,0,0,2022-08-12 04:06:10,80875.86666666667,,2,2,1642.5639999999999,1199.271727228047,-0.6347468907313344,0,0,0
557,1034,2022-12-03 16:45:53,DE,mobile_app,luxury,2353.0,10.0,1,0,0,repeat purchase,16,5,48,1,0,2022-10-07 08:02:02,82603.85,,1,1,1642.5639999999999,1199.271727228047,0.5923895176300671,0,0,0
749,1034,2023-03-23 08:07:36,DE,web,electronics,69.79,36.0,1,0,0,VPN suspected,8,3,12,0,0,2022-12-03 16:45:53,157881.71666666667,,2,2,1642.5639999999999,1199.271727228047,-1.3114409055863032,0,0,0
41,1035,2022-07-18 20:41:02,MY,mobile_app,electronics,3662.07,47.0,3,1,0,overnight shipping,20,0,29,0,0,,-1.0,,2,2,2266.3425,1298.498787904654,1.0748777842544166,1,0,0
205,1035,2022-09-01 23:14:28,MY,web,electronics,2003.4,80.0,5,1,0,No transaction note found,23,3,35,0,0,2022-07-18 20:41:02,64953.433333333334,,1,2,2266.3425,1298.498787904654,-0.20249730107511463,1,0,0
678,1035,2022-11-07 03:33:10,CN,web,gaming,1691.45,18.0,4,3,0,new device,3,0,45,0,1,2022-09-01 23:14:28,95298.7,,1,2,2266.3425,1298.498787904654,-0.44273626233235525,0,0,0
1174,1035,2022-12-11 09:47:06,MY,web,electronics,2402.52,19.0,5,10,0,new device,9,6,49,1,0,2022-11-07 03:33:10,49333.933333333334,,1,2,2266.3425,1298.498787904654,0.10487302819877489,1,0,0
244,1035,2023-02-19 04:19:44,MY,pos_terminal,groceries,4545.1,93.0,1,0,0,new device,4,6,7,1,1,2022-12-11 09:47:06,100472.63333333333,,1,2,2266.3425,1298.498787904654,1.7549169250108878,1,0,0
810,1035,2023-11-09 17:51:58,MY,mobile_app,luxury,1622.95,74.0,6,3,0,new device,17,3,45,0,0,2023-02-19 04:19:44,379532.23333333334,,1,2,2266.3425,1298.498787904654,-0.49548948831767653,1,0,0
386,1035,2024-02-16 20:50:56,MY,web,gaming,1848.83,31.0,6,3,1,new device,20,4,7,0,0,2023-11-09 17:51:58,142738.96666666667,,2,1,2266.3425,1298.498787904654,-0.32153476298097045,1,0,0
295,1035,2024-04-10 05:50:55,MY,mobile_app,electronics,354.42,52.0,2,2,0,first time merchant,5,2,15,0,1,2024-02-16 20:50:56,76859.98333333334,,1,1,2266.3425,1298.498787904654,-1.472409922757963,1,0,0
616,1036,2023-04-07 21:05:47,JP,mobile_app,gaming,527.04,33.0,2,3,0,first time merchant,21,4,14,0,0,,-1.0,,1,1,1432.548,1167.9987387433248,-0.7752645357941531,1,0,0
1117,1036,2024-01-18 04:01:38,JP,web,groceries,2300.88,69.0,2,0,0,VPN suspected,4,3,3,0,1,2023-04-07 21:05:47,410815.85,,1,2,1432.548,1167.9987387433248,0.7434357343007556,1,0,0
52,1036,2024-03-31 02:09:47,JP,web,electronics,1076.45,53.0,2,0,0,No transaction note found,2,6,13,1,1,2024-01-18 04:01:38,105008.15,,2,1,1432.548,1167.9987387433248,-0.3048787538787358,1,0,0
369,1036,2024-04-25 10:16:24,US,web,groceries,2985.43,52.0,3,2,0,VPN suspected,10,3,17,0,0,2024-03-31 02:09:47,36486.61666666667,,1,2,1432.548,1167.9987387433248,1.3295236959508872,0,0,0
1089,1036,2024-11-12 02:21:00,JP,mobile_app,luxury,272.94,29.0,2,0,0,first time merchant,2,1,46,0,1,2024-04-25 10:16:24,288964.6,,2,1,1432.548,1167.9987387433248,-0.9928161405787539,1,0,0
733,1037,2022-03-28 04:15:32,US,mobile_app,groceries,2089.93,90.0,2,2,0,No transaction note found,4,0,13,0,1,,-1.0,,1,1,3113.38,1450.8779174157323,-0.7054004942214187,0,0,0
720,1037,2022-07-27 09:23:03,US,mobile_app,luxury,1470.46,80.0,6,0,0,first time merchant,9,2,30,0,0,2022-03-28 04:15:32,174547.51666666666,,1,2,3113.38,1450.8779174157323,-1.132362675232061,0,0,0
1200,1037,2022-12-04 20:33:37,US,web,luxury,3198.14,52.0,4,3,1,first time merchant,20,6,48,1,0,2022-07-27 09:23:03,187870.56666666668,,2,3,3113.38,1450.8779174157323,0.058419801544000456,0,0,0
330,1037,2024-01-14 15:45:23,US,web,travel,3697.51,16.0,6,2,0,high value item,15,6,2,1,0,2022-12-04 20:33:37,584351.7666666667,,1,3,3113.38,1450.8779174157323,0.40260451481709636,0,0,0
34,1037,2024-02-25 06:58:38,US,web,electronics,3950.24,74.0,0,2,0,high value item,6,6,8,1,0,2024-01-14 15:45:23,59953.25,,1,3,3113.38,1450.8779174157323,0.5767956007563985,0,0,0
239,1037,2024-06-21 01:59:52,US,pos_terminal,gaming,3642.71,52.0,4,9,0,overnight shipping,1,4,25,0,1,2024-02-25 06:58:38,168181.23333333334,,1,2,3113.38,1450.8779174157323,0.3648342797461756,0,0,0
1046,1037,2024-07-12 05:35:33,US,web,luxury,1254.11,93.0,5,3,0,high value item,5,4,28,0,1,2024-06-21 01:59:52,30455.683333333334,,1,2,3113.38,1450.8779174157323,-1.2814792875969094,0,0,0
537,1037,2024-10-09 20:56:49,US,web,luxury,5603.94,80.0,3,1,0,repeat purchase,20,2,41,0,0,2024-07-12 05:35:33,129081.26666666666,,2,2,3113.38,1450.8779174157323,1.7165882601867173,0,0,0
814,1038,2022-01-14 04:23:54,UK,pos_terminal,groceries,1440.28,18.0,6,0,0,repeat purchase,4,4,2,0,1,,-1.0,,1,3,2062.45875,1420.0118892443757,-0.4381503807908798,0,0,0
335,1038,2022-07-02 11:10:36,UK,pos_terminal,travel,4600.03,73.0,5,2,0,new device,11,5,26,1,0,2022-01-14 04:23:54,243766.7,,1,3,2062.45875,1420.0118892443757,1.7870070449553108,0,0,0
459,1038,2022-10-28 10:09:24,UK,mobile_app,electronics,2137.84,28.0,1,3,0,VPN suspected,10,4,43,0,0,2022-07-02 11:10:36,169858.8,,2,3,2062.45875,1420.0118892443757,0.05308494285925496,0,0,0
93,1038,2022-12-03 10:54:33,UK,pos_terminal,groceries,2444.65,67.0,3,3,1,No transaction note found,10,5,48,1,0,2022-10-28 10:09:24,51885.15,,2,3,2062.45875,1420.0118892443757,0.26914651412064866,0,0,0
258,1038,2023-07-29 00:21:24,UK,web,travel,937.71,49.0,2,2,0,new device,0,5,30,1,1,2022-12-03 10:54:33,342086.85,,2,3,2062.45875,1420.0118892443757,-0.7920699527371613,0,0,0
326,1038,2023-09-07 13:26:20,UK,web,groceries,1335.41,30.0,4,1,0,new device,13,3,36,0,0,2023-07-29 00:21:24,58384.933333333334,,1,1,2062.45875,1420.0118892443757,-0.5120018751299897,0,0,0
723,1038,2024-05-24 17:36:16,CN,web,electronics,188.27,18.0,1,3,0,No transaction note found,17,4,21,0,0,2023-09-07 13:26:20,374649.93333333335,,1,3,2062.45875,1420.0118892443757,-1.3198401817588323,0,0,0
640,1038,2024-06-30 00:39:02,US,mobile_app,gaming,3415.48,31.0,3,1,0,VPN suspected,0,6,26,1,1,2024-05-24 17:36:16,52262.76666666667,,2,1,2062.45875,1420.0118892443757,0.9528238884816501,0,0,0
185,1039,2022-03-23 04:59:20,US,pos_terminal,travel,1506.47,80.0,6,1,0,No transaction note found,4,2,12,0,1,,-1.0,,1,1,1796.6433333333334,1201.6009531245672,-0.24148893405817046,0,0,0
1145,1039,2022-03-25 07:06:36,US,pos_terminal,luxury,2663.42,88.0,0,0,0,overnight shipping,7,4,12,0,0,2022-03-23 04:59:20,3007.266666666667,,1,2,1796.6433333333334,1201.6009531245672,0.721351513922118,0,0,0
924,1039,2022-10-18 05:58:45,US,pos_terminal,electronics,1460.89,54.0,5,1,0,high value item,5,1,42,0,1,2022-03-25 07:06:36,298012.15,,1,1,1796.6433333333334,1201.6009531245672,-0.27942166029434445,0,0,0
1140,1039,2022-12-25 08:55:19,US,pos_terminal,travel,160.53,35.0,3,10,0,overnight shipping,8,6,51,1,0,2022-10-18 05:58:45,98096.56666666667,,1,2,1796.6433333333334,1201.6009531245672,-1.3616112146706338,0,0,0
486,1039,2023-03-19 11:07:57,US,mobile_app,groceries,3638.99,44.0,1,2,0,VPN suspected,11,6,11,1,0,2022-12-25 08:55:19,121092.63333333333,,1,2,1796.6433333333334,1201.6009531245672,1.5332433466168152,0,0,0
109,1039,2024-03-08 10:23:06,US,mobile_app,luxury,1349.56,33.0,4,3,0,first time merchant,10,4,10,0,0,2023-03-19 11:07:57,511155.15,,1,2,1796.6433333333334,1201.6009531245672,-0.372073051515785,0,0,0
929,1040,2022-01-31 02:39:55,DE,web,groceries,449.94,35.0,6,3,0,VPN suspected,2,0,5,0,1,,-1.0,,1,3,2219.126,1697.953342606038,-1.0419520699459466,0,0,0
225,1040,2022-03-28 23:59:35,DE,mobile_app,luxury,994.42,95.0,0,3,0,overnight shipping,23,0,13,0,0,2022-01-31 02:39:55,81919.66666666667,,1,3,2219.126,1697.953342606038,-0.7212836591377166,0,0,0
396,1040,2022-08-15 04:34:26,DE,web,luxury,4328.63,36.0,6,3,0,overnight shipping,4,0,33,0,1,2022-03-28 23:59:35,200434.85,,1,3,2219.126,1697.953342606038,1.2423804276990964,0,0,0
679,1040,2022-08-25 08:14:15,DE,pos_terminal,travel,3214.87,71.0,1,1,0,overnight shipping,8,3,34,0,0,2022-08-15 04:34:26,14619.816666666668,,2,2,2219.126,1697.953342606038,0.5864377866070929,0,0,0
1054,1040,2023-07-25 14:27:15,MY,pos_terminal,groceries,163.52,51.0,1,2,0,high value item,14,1,30,0,0,2022-08-25 08:14:15,481333.0,,1,2,2219.126,1697.953342606038,-1.210637506001804,1,0,0
955,1040,2024-01-05 18:09:01,DE,mobile_app,gaming,709.66,13.0,4,1,0,repeat purchase,18,4,1,0,0,2023-07-25 14:27:15,236381.76666666666,,1,1,2219.126,1697.953342606038,-0.8889914475996465,0,0,0
147,1040,2024-06-13 20:31:41,DE,pos_terminal,travel,4644.3,38.0,6,2,0,new device,20,3,24,0,0,2024-01-05 18:09:01,230542.66666666666,,1,2,2219.126,1697.953342606038,1.4282924855154238,0,0,0
836,1040,2024-06-19 08:53:27,DE,mobile_app,groceries,2926.15,27.0,3,0,0,VPN suspected,8,2,25,0,0,2024-06-13 20:31:41,7941.766666666666,,2,2,2219.126,1697.953342606038,0.4163977785837457,0,0,0
78,1040,2024-06-19 13:30:29,DE,pos_terminal,groceries,3592.1,54.0,1,0,0,overnight shipping,13,2,25,0,0,2024-06-19 08:53:27,277.03333333333336,,1,2,2219.126,1697.953342606038,0.8086052576054555,0,0,0
1085,1040,2024-10-01 03:35:09,DE,mobile_app,luxury,1167.67,10.0,6,2,0,new device,3,1,40,0,1,2024-06-19 13:30:29,149164.66666666666,,1,2,2219.126,1697.953342606038,-0.6192490533257019,0,0,0
917,1041,2022-02-21 22:33:26,AU,pos_terminal,groceries,2224.1,83.0,5,1,1,overnight shipping,22,0,8,0,0,,-1.0,,2,2,2852.348,1285.3465844240975,-0.488777118648888,0,0,0
878,1041,2022-10-16 19:30:21,AU,web,luxury,3535.96,43.0,2,1,0,high value item,19,6,41,1,0,2022-02-21 22:33:26,341096.9166666667,,1,1,2852.348,1285.3465844240975,0.5318503260397226,0,0,0
1104,1041,2023-10-14 07:04:42,AU,pos_terminal,travel,2024.12,73.0,1,0,0,repeat purchase,7,5,41,1,0,2022-10-16 19:30:21,521974.35,,1,1,2852.348,1285.3465844240975,-0.644361614242037,0,0,0
76,1041,2023-10-23 22:14:22,DE,web,gaming,4781.8,90.0,4,1,0,new device,22,0,43,0,0,2023-10-14 07:04:42,13869.666666666666,,2,2,2852.348,1285.3465844240975,1.5011141923751994,0,0,0
468,1041,2024-10-24 16:46:38,AU,mobile_app,luxury,1695.76,65.0,5,3,0,first time merchant,16,3,43,0,0,2023-10-23 22:14:22,528152.2666666667,,1,1,2852.348,1285.3465844240975,-0.899825785523997,0,0,0
710,1042,2022-12-22 07:17:06,CN,pos_terminal,gaming,4304.62,67.0,0,3,0,high value item,7,3,51,0,0,,-1.0,,1,4,3217.1012499999997,2678.622273696157,0.4059992932483769,0,0,0
218,1042,2023-01-12 00:08:46,CN,mobile_app,electronics,1985.83,70.0,0,0,0,repeat purchase,0,3,2,0,1,2022-12-22 07:17:06,29811.666666666668,,1,4,3217.1012499999997,2678.622273696157,-0.4596658745396761,0,0,0
1194,1042,2023-10-24 05:48:41,CN,mobile_app,electronics,8164.98,18.0,3,2,0,overnight shipping,5,1,43,0,1,2023-01-12 00:08:46,410739.9166666667,,1,1,3217.1012499999997,2678.622273696157,1.847173003296414,0,0,0
201,1042,2023-12-03 14:38:37,CN,mobile_app,luxury,83.8,74.0,6,0,0,first time merchant,14,6,48,1,0,2023-10-24 05:48:41,58129.933333333334,,1,1,3217.1012499999997,2678.622273696157,-1.1697435957166307,0,0,0
824,1042,2023-12-15 21:01:05,CN,mobile_app,gaming,3674.88,88.0,0,3,0,VPN suspected,21,4,50,0,0,2023-12-03 14:38:37,17662.466666666667,,1,1,3217.1012499999997,2678.622273696157,0.17090082259650746,0,0,0
18,1042,2024-08-15 04:39:34,CN,mobile_app,travel,136.48,27.0,1,3,0,overnight shipping,4,3,33,0,1,2023-12-15 21:01:05,350378.48333333334,,1,4,3217.1012499999997,2678.622273696157,-1.1500767690358726,0,0,0
320,1042,2024-10-03 13:08:19,CN,mobile_app,electronics,2453.28,79.0,3,1,0,VPN suspected,13,3,40,0,0,2024-08-15 04:39:34,71068.75,,1,4,3217.1012499999997,2678.622273696157,-0.2851545204789265,0,0,0
972,1042,2024-11-20 12:56:00,CN,web,electronics,4932.94,27.0,0,2,0,repeat purchase,12,2,47,0,0,2024-10-03 13:08:19,69107.68333333333,,1,1,3217.1012499999997,2678.622273696157,0.6405676406298082,0,0,0
314,1043,2022-01-09 23:06:59,US,pos_terminal,luxury,2947.31,23.0,2,3,0,repeat purchase,23,6,1,1,0,,-1.0,,1,1,3099.075,214.62812229355305,-0.7071067778919787,0,0,0
427,1043,2022-04-26 03:22:30,US,web,electronics,3250.84,29.0,3,0,0,high value item,3,1,17,0,1,2022-01-09 23:06:59,152895.51666666666,,1,1,3099.075,214.62812229355305,0.7071067778919808,0,0,0
439,1044,2022-06-03 11:53:08,MY,web,luxury,853.25,53.0,1,0,0,overnight shipping,11,4,22,0,0,,-1.0,,2,1,2161.394,2212.6860886161353,-0.5912018007118863,1,0,0
958,1044,2022-06-06 11:47:18,MY,web,gaming,4348.78,78.0,3,0,0,first time merchant,11,0,23,0,0,2022-06-03 11:53:08,4314.166666666667,,2,2,2161.394,2212.6860886161353,0.9885658933970346,1,0,0
717,1044,2022-08-14 22:15:10,MY,web,electronics,680.39,77.0,5,3,0,high value item,22,6,32,1,0,2022-06-06 11:47:18,99987.86666666667,,1,1,2161.394,2212.6860886161353,-0.6693240435773942,1,0,0
818,1044,2022-11-14 18:36:58,MY,pos_terminal,luxury,4776.75,51.0,4,2,0,new device,18,0,46,0,0,2022-08-14 22:15:10,132261.8,,1,2,2161.394,2212.6860886161353,1.1819823939127778,1,0,0
1024,1044,2023-02-15 04:36:47,UK,web,gaming,147.8,78.0,0,3,0,No transaction note found,4,2,7,0,1,2022-11-14 18:36:58,133079.81666666668,,1,1,2161.394,2212.6860886161353,-0.9100224430205316,0,0,0
898,1045,2022-01-18 22:09:29,CN,pos_terminal,groceries,2310.26,13.0,28,0,0,No transaction note found,22,1,3,0,0,,-1.0,,1,1,3180.2285714285713,3220.5665013403186,-0.2701290506084914,0,0,0
1052,1045,2023-01-19 00:57:11,CN,pos_terminal,travel,9984.42,33.0,2,0,0,No transaction note found,0,3,3,0,1,2022-01-18 22:09:29,525767.7,,1,1,3180.2285714285713,3220.5665013403186,2.112731230899811,0,0,0
963,1045,2023-07-08 07:56:33,CN,pos_terminal,electronics,2766.2,63.0,4,0,0,high value item,7,5,27,1,0,2023-01-19 00:57:11,245219.36666666667,,1,2,3180.2285714285713,3220.5665013403186,-0.12855768426339378,0,0,0
715,1045,2023-08-14 17:30:27,CN,web,electronics,977.73,18.0,2,1,0,first time merchant,17,0,33,0,0,2023-07-08 07:56:33,53853.9,,1,1,3180.2285714285713,3220.5665013403186,-0.6838854501256059,0,0,0
401,1045,2023-08-26 03:34:47,CN,web,electronics,768.33,37.0,5,3,0,No transaction note found,3,5,34,1,1,2023-08-14 17:30:27,16444.333333333332,,1,2,3180.2285714285713,3220.5665013403186,-0.7489050669889288,0,0,0
1005,1045,2024-02-04 02:31:53,CN,web,groceries,1325.81,92.0,1,0,0,repeat purchase,2,6,5,1,1,2023-08-26 03:34:47,233217.1,,1,1,3180.2285714285713,3220.5665013403186,-0.5758050860483114,0,0,0
22,1045,2024-12-04 20:17:39,CN,pos_terminal,luxury,4128.85,51.0,6,2,0,VPN suspected,20,2,49,0,0,2024-02-04 02:31:53,438825.76666666666,,1,1,3180.2285714285713,3220.5665013403186,0.2945511071349208,0,0,0
1127,1046,2022-02-14 18:06:16,DE,web,electronics,945.31,32.0,2,2,0,No transaction note found,18,0,7,0,0,,-1.0,,1,3,2752.2788888888886,2377.5041631753493,-0.7600276444839261,0,0,0
813,1046,2022-07-25 09:19:18,DE,pos_terminal,travel,2932.58,72.0,6,1,0,No transaction note found,9,0,30,0,0,2022-02-14 18:06:16,231313.03333333333,,1,3,2752.2788888888886,2377.5041631753493,0.07583629669455748,0,0,0
609,1046,2022-07-26 00:34:38,MY,web,travel,347.27,52.0,1,3,0,new device,0,1,30,0,1,2022-07-25 09:19:18,915.3333333333334,,2,3,2752.2788888888886,2377.5041631753493,-1.0115687392432595,1,0,0
255,1046,2023-04-22 22:18:12,DE,web,luxury,590.51,88.0,3,2,0,repeat purchase,22,5,16,1,0,2022-07-26 00:34:38,390103.56666666665,,1,1,2752.2788888888886,2377.5041631753493,-0.9092597701287183,0,0,0
1197,1046,2023-06-18 01:50:44,DE,web,electronics,8190.86,62.0,0,0,0,repeat purchase,1,6,24,1,1,2023-04-22 22:18:12,80852.53333333334,,1,1,2752.2788888888886,2377.5041631753493,2.287516966467661,0,0,0
890,1046,2023-12-12 20:43:43,DE,mobile_app,travel,2190.87,73.0,3,1,0,overnight shipping,20,1,50,0,0,2023-06-18 01:50:44,256012.98333333334,,2,3,2752.2788888888886,2377.5041631753493,-0.2361337143313691,0,0,0
816,1046,2023-12-18 15:29:20,DE,mobile_app,travel,2419.68,83.0,2,0,0,high value item,15,0,51,0,0,2023-12-12 20:43:43,8325.616666666667,,1,3,2752.2788888888886,2377.5041631753493,-0.13989413521979957,0,0,0
31,1046,2024-06-11 20:52:31,JP,mobile_app,luxury,3351.0,52.0,3,3,0,VPN suspected,20,1,24,0,0,2023-12-18 15:29:20,253763.18333333332,,2,3,2752.2788888888886,2377.5041631753493,0.2518275763233453,1,0,0
599,1046,2024-09-25 00:20:57,JP,mobile_app,groceries,3802.43,22.0,3,1,1,new device,0,2,39,0,1,2024-06-11 20:52:31,151408.43333333332,,2,1,2752.2788888888886,2377.5041631753493,0.44170316392150893,1,0,0
1125,1047,2022-12-02 00:38:23,US,web,groceries,4087.08,52.0,1,1,0,VPN suspected,0,4,48,0,1,,-1.0,,3,2,2956.094,1775.3323875349836,0.6370559158053514,0,0,0
784,1047,2023-04-02 09:49:09,US,mobile_app,luxury,4803.18,52.0,4,3,0,VPN suspected,9,6,13,1,0,2022-12-02 00:38:23,174790.76666666666,,1,1,2956.094,1775.3323875349836,1.0404170018914853,0,0,0
716,1047,2023-05-19 00:20:54,US,mobile_app,travel,2505.06,60.0,0,1,0,overnight shipping,0,4,20,0,1,2023-04-02 09:49:09,67111.75,,3,2,2956.094,1775.3323875349836,-0.25405608728078943,0,0,0
1032,1047,2023-05-22 00:07:45,US,mobile_app,travel,189.25,73.0,5,3,0,new device,0,0,21,0,1,2023-05-19 00:20:54,4306.85,,3,1,2956.094,1775.3323875349836,-1.5584935077096813,0,0,0
118,1047,2024-01-20 10:12:29,US,pos_terminal,luxury,3195.9,88.0,0,3,0,high value item,10,5,3,1,0,2023-05-22 00:07:45,350524.73333333334,,1,1,2956.094,1775.3323875349836,0.13507667729363415,0,0,0
567,1048,2022-09-29 09:03:24,CN,web,gaming,1578.39,34.0,1,2,0,repeat purchase,9,3,39,0,0,,-1.0,,2,2,2514.945,1162.8233452918146,-0.8054146864113468,0,0,0
705,1048,2022-10-13 22:18:12,CN,mobile_app,travel,1023.12,76.0,5,2,0,No transaction note found,22,3,41,0,0,2022-09-29 09:03:24,20954.8,,1,2,2514.945,1162.8233452918146,-1.2829334791396207,0,0,0
445,1048,2022-11-01 07:07:08,CN,mobile_app,groceries,2132.09,21.0,3,2,0,new device,7,1,44,0,0,2022-10-13 22:18:12,26448.933333333334,,1,1,2514.945,1162.8233452918146,-0.32924605577463806,0,0,0
168,1048,2022-12-04 12:01:14,CN,web,groceries,2948.87,56.0,6,2,0,first time merchant,12,6,48,1,0,2022-11-01 07:07:08,47814.1,,1,1,2514.945,1162.8233452918146,0.37316502266395823,0,0,0
1111,1048,2024-08-17 09:16:54,CN,pos_terminal,electronics,4202.32,74.0,4,0,0,high value item,9,5,33,1,0,2022-12-04 12:01:14,895515.6666666666,,2,1,2514.945,1162.8233452918146,1.451101757487116,0,0,0
229,1048,2024-12-09 21:31:49,CN,pos_terminal,gaming,3204.88,76.0,0,1,1,repeat purchase,21,0,50,0,0,2024-08-17 09:16:54,164894.91666666666,,1,1,2514.945,1162.8233452918146,0.5933274411745305,0,0,0
904,1049,2022-03-26 04:32:05,US,web,luxury,986.01,17.0,6,3,0,first time merchant,4,5,12,1,1,,-1.0,,1,1,2508.864,1145.0588545223854,-1.3299351330156706,0,0,0
1171,1049,2022-04-17 22:33:51,US,web,electronics,3483.85,41.0,1,2,0,new device,22,6,15,1,0,2022-03-26 04:32:05,32761.766666666666,,1,1,2508.864,1145.0588545223854,0.8514723903922611,0,0,0
637,1049,2023-05-25 19:49:48,SG,web,luxury,1659.62,61.0,5,3,0,No transaction note found,19,3,21,0,0,2022-04-17 22:33:51,580155.95,,1,1,2508.864,1145.0588545223854,-0.7416596942994931,1,0,0
193,1049,2023-10-13 15:28:21,US,mobile_app,travel,2834.74,64.0,2,1,0,overnight shipping,15,4,41,0,0,2023-05-25 19:49:48,202778.55,,1,1,2508.864,1145.0588545223854,0.2845932317915009,0,0,0
304,1049,2024-10-01 10:38:38,US,web,gaming,3580.1,59.0,2,2,0,repeat purchase,10,1,40,0,0,2023-10-13 15:28:21,509470.2833333333,,1,1,2508.864,1145.0588545223854,0.935529205131401,0,0,0
1096,1050,2022-09-18 07:27:02,UK,mobile_app,travel,4850.81,84.0,2,3,0,high value item,7,6,37,1,0,,-1.0,,1,1,3272.7400000000002,1171.389535384983,1.3471778194444597,0,0,0
1170,1050,2022-11-01 11:05:07,UK,pos_terminal,luxury,2333.32,37.0,6,6,0,VPN suspected,11,1,44,0,0,2022-09-18 07:27:02,63578.083333333336,,1,1,3272.7400000000002,1171.389535384983,-0.801970626868589,0,0,0
656,1050,2022-11-05 13:20:29,UK,pos_terminal,groceries,2433.94,88.0,5,0,0,repeat purchase,13,5,44,1,0,2022-11-01 11:05:07,5895.366666666667,,1,1,3272.7400000000002,1171.389535384983,-0.716072642500024,0,0,0
761,1050,2024-04-11 09:24:49,UK,web,travel,3472.89,39.0,4,0,0,high value item,9,3,15,0,0,2022-11-05 13:20:29,752884.3333333334,,1,1,3272.7400000000002,1171.389535384983,0.17086544992415298,0,0,0
1146,1051,2022-01-08 16:33:48,DE,pos_terminal,gaming,2600.48,75.0,2,3,0,No transaction note found,16,5,1,1,0,,-1.0,,1,3,1928.4642857142858,926.804229210344,0.7250891753680119,0,0,0
648,1051,2022-06-27 17:54:31,DE,pos_terminal,electronics,547.61,59.0,6,0,0,VPN suspected,17,0,26,0,0,2022-01-08 16:33:48,244880.71666666667,,1,3,1928.4642857142858,926.804229210344,-1.4899093489148203,0,0,0
152,1051,2022-07-18 00:13:10,DE,web,luxury,1542.46,72.0,2,3,0,overnight shipping,0,0,29,0,1,2022-06-27 17:54:31,29178.65,,1,3,1928.4642857142858,926.804229210344,-0.41648956009099053,0,0,0
126,1051,2022-09-28 20:19:10,DE,mobile_app,luxury,1252.7,93.0,3,1,0,repeat purchase,20,2,39,0,0,2022-07-18 00:13:10,104886.0,,2,1,1928.4642857142858,926.804229210344,-0.7291337959150775,0,0,0
313,1051,2023-01-14 21:22:01,DE,pos_terminal,gaming,1739.83,74.0,4,0,0,repeat purchase,21,5,2,1,0,2022-09-28 20:19:10,155582.85,,1,3,1928.4642857142858,926.804229210344,-0.2035319647548502,0,0,0
181,1051,2023-03-06 19:45:18,DE,pos_terminal,groceries,3250.78,74.0,5,0,0,first time merchant,19,0,10,0,0,2023-01-14 21:22:01,73343.28333333334,,1,3,1928.4642857142858,926.804229210344,1.426747604952509,0,0,0
983,1051,2023-05-06 20:33:58,DE,web,luxury,2565.39,32.0,4,1,0,repeat purchase,20,5,18,1,0,2023-03-06 19:45:18,87888.66666666667,,2,3,1928.4642857142858,926.804229210344,0.6872278893552176,0,0,0
763,1052,2022-10-14 07:44:40,JP,web,travel,2111.19,20.0,2,2,0,repeat purchase,7,4,41,0,0,,-1.0,,1,2,1794.4683333333332,1201.5137161180037,0.2636022064649995,1,0,0
1026,1052,2023-09-26 15:54:09,JP,mobile_app,travel,416.29,78.0,2,1,0,new device,15,1,39,0,0,2022-10-14 07:44:40,500169.48333333334,,1,1,1794.4683333333332,1201.5137161180037,-1.1470350399212412,1,0,0
779,1052,2024-01-10 12:25:56,JP,web,luxury,2278.69,37.0,1,2,0,No transaction note found,12,2,2,0,0,2023-09-26 15:54:09,152431.78333333333,,1,2,1794.4683333333332,1201.5137161180037,0.40300968700644463,1,0,0
690,1052,2024-03-22 02:52:26,JP,pos_terminal,travel,186.97,95.0,5,2,0,No transaction note found,2,4,12,0,1,2024-01-10 12:25:56,103106.5,,1,2,1794.4683333333332,1201.5137161180037,-1.3378942843258035,1,0,0
84,1052,2024-04-20 16:49:39,MY,pos_terminal,groceries,2804.87,71.0,2,3,0,overnight shipping,16,5,16,1,0,2024-03-22 02:52:26,42597.21666666667,,1,1,1794.4683333333332,1201.5137161180037,0.8409406011037435,1,0,0
1152,1052,2024-12-11 00:55:09,JP,mobile_app,electronics,2968.8,33.0,5,0,0,repeat purchase,0,2,50,0,1,2024-04-20 16:49:39,337445.5,,1,2,1794.4683333333332,1201.5137161180037,0.9773768296718578,1,0,0
252,1053,2022-04-11 05:09:03,AU,web,groceries,3335.32,48.0,0,3,0,overnight shipping,5,0,15,0,1,,-1.0,,2,6,2940.6075,1148.249347654803,0.343751556058939,0,0,0
622,1053,2022-05-17 01:48:26,AU,mobile_app,groceries,4035.13,41.0,1,3,0,overnight shipping,1,1,20,0,1,2022-04-11 05:09:03,51639.38333333333,,1,2,2940.6075,1148.249347654803,0.9532097729778508,0,0,0
388,1053,2022-06-16 15:50:42,AU,web,travel,4412.23,57.0,3,2,0,VPN suspected,15,3,24,0,0,2022-05-17 01:48:26,44042.26666666667,,1,1,2940.6075,1148.249347654803,1.2816227616463771,0,0,0
692,1053,2022-07-17 06:01:01,AU,web,groceries,3880.56,42.0,0,2,1,first time merchant,6,6,28,1,0,2022-06-16 15:50:42,44050.316666666666,,2,2,2940.6075,1148.249347654803,0.8185961541539468,0,0,0
430,1053,2022-08-29 05:55:38,AU,web,travel,1572.17,83.0,1,2,0,repeat purchase,5,0,35,0,1,2022-07-17 06:01:01,61914.61666666667,,2,6,2940.6075,1148.249347654803,-1.1917598758448344,0,0,0
1184,1053,2022-08-30 04:07:18,AU,web,travel,3915.2,33.0,2,1,0,overnight shipping,4,1,35,0,1,2022-08-29 05:55:38,1331.6666666666667,,1,2,2940.6075,1148.249347654803,0.8487638177112995,0,0,0
166,1053,2022-12-12 18:48:10,AU,web,groceries,3167.8,71.0,0,2,0,No transaction note found,18,0,50,0,0,2022-08-30 04:07:18,150640.86666666667,,1,6,2940.6075,1148.249347654803,0.19785989904023946,0,0,0
261,1053,2023-10-20 06:12:18,AU,mobile_app,luxury,1364.0,24.0,4,0,0,overnight shipping,6,4,42,0,0,2022-12-12 18:48:10,448524.13333333336,,2,1,2940.6075,1148.249347654803,-1.3730532512124483,0,0,0
100,1053,2023-11-13 09:58:00,AU,web,electronics,3771.9,87.0,3,2,0,first time merchant,9,0,46,0,0,2023-10-20 06:12:18,34785.7,,2,6,2940.6075,1148.249347654803,0.723965140235299,0,0,0
113,1053,2024-06-16 09:53:44,AU,mobile_app,luxury,1514.86,29.0,6,3,0,VPN suspected,9,6,24,1,0,2023-11-13 09:58:00,311035.73333333334,,2,2,2940.6075,1148.249347654803,-1.2416706379254319,0,0,0
393,1053,2024-06-17 14:54:35,AU,web,travel,1528.55,73.0,6,1,0,VPN suspected,14,0,25,0,0,2024-06-16 09:53:44,1740.85,,1,6,2940.6075,1148.249347654803,-1.2297481404052193,0,0,0
1151,1053,2024-08-05 16:04:22,AU,mobile_app,luxury,2789.57,75.0,6,3,0,new device,16,0,32,0,0,2024-06-17 14:54:35,70629.78333333334,,1,6,2940.6075,1148.249347654803,-0.1315371964360185,0,0,0
585,1054,2022-08-15 18:18:11,SG,pos_terminal,luxury,1760.77,86.0,6,0,0,high value item,18,0,33,0,0,,-1.0,,1,3,2934.46375,1460.6131034425277,-0.8035623857089287,1,0,0
880,1054,2022-10-06 08:54:55,SG,web,travel,2800.39,45.0,0,1,0,VPN suspected,8,3,40,0,0,2022-08-15 18:18:11,74316.73333333334,,1,2,2934.46375,1460.6131034425277,-0.09179278871591717,1,0,0
561,1054,2022-12-07 20:53:17,SG,mobile_app,travel,3475.8,25.0,3,6,0,No transaction note found,20,2,49,0,0,2022-10-06 08:54:55,89998.36666666667,,2,2,2934.46375,1460.6131034425277,0.3706226164369754,1,0,0
415,1054,2023-01-16 06:03:47,SG,web,gaming,4358.21,89.0,5,2,0,repeat purchase,6,0,3,0,0,2022-12-07 20:53:17,56710.5,,1,3,2934.46375,1460.6131034425277,0.9747593299309476,1,0,0
240,1054,2023-02-22 17:33:48,SG,mobile_app,travel,707.6,12.0,5,2,0,No transaction note found,17,2,8,0,0,2023-01-16 06:03:47,53970.01666666667,,1,2,2934.46375,1460.6131034425277,-1.5246089089242671,1,0,0
160,1054,2023-03-30 20:14:43,SG,pos_terminal,luxury,4323.29,11.0,1,0,0,overnight shipping,20,3,13,0,0,2023-02-22 17:33:48,52000.916666666664,,2,2,2934.46375,1460.6131034425277,0.9508515613934089,1,0,0
73,1054,2023-08-08 22:58:31,SG,web,electronics,4493.5,21.0,6,2,0,overnight shipping,22,1,32,0,0,2023-03-30 20:14:43,188803.8,,1,1,2934.46375,1460.6131034425277,1.0673848169138687,1,0,0
575,1054,2023-09-11 13:05:21,SG,web,luxury,1556.15,71.0,3,3,0,VPN suspected,13,0,37,0,0,2023-08-08 22:58:31,48366.833333333336,,1,3,2934.46375,1460.6131034425277,-0.9436542413260869,1,0,0
787,1055,2022-01-31 17:30:51,AU,pos_terminal,groceries,4036.36,53.0,6,1,0,new device,17,0,5,0,0,,-1.0,,3,3,2814.705,1812.7336744110123,0.6739296661419039,0,0,0
901,1055,2022-05-18 17:24:38,JP,web,travel,4807.26,16.0,4,3,1,first time merchant,17,2,20,0,0,2022-01-31 17:30:51,154073.78333333333,,3,3,2814.705,1812.7336744110123,1.099198976731877,1,0,0
930,1055,2022-06-01 05:27:31,AU,web,electronics,4925.46,66.0,5,3,0,first time merchant,5,2,22,0,1,2022-05-18 17:24:38,19442.883333333335,,1,3,2814.705,1812.7336744110123,1.1644043633082615,0,0,0
1045,1055,2022-07-20 15:20:19,MY,web,luxury,365.41,51.0,5,0,0,overnight shipping,15,2,29,0,0,2022-06-01 05:27:31,71152.8,,1,3,2814.705,1812.7336744110123,-1.351160975588881,1,0,0
432,1055,2022-10-02 19:35:13,AU,mobile_app,groceries,2110.65,43.0,1,0,0,high value item,19,6,39,1,0,2022-07-20 15:20:19,106814.9,,2,2,2814.705,1812.7336744110123,-0.3883940646872791,0,0,0
1159,1055,2022-10-03 19:20:30,AU,mobile_app,travel,4343.15,73.0,5,1,0,first time merchant,19,0,40,0,0,2022-10-02 19:35:13,1425.2833333333333,,2,3,2814.705,1812.7336744110123,0.8431712951416414,0,0,0
945,1055,2023-02-23 00:14:01,AU,mobile_app,luxury,339.54,95.0,6,0,0,No transaction note found,0,3,8,0,1,2022-10-03 19:20:30,204773.51666666666,,1,2,2814.705,1812.7336744110123,-1.3654322391314448,0,0,0
440,1055,2023-09-17 20:32:52,AU,mobile_app,luxury,288.43,68.0,2,2,0,overnight shipping,20,6,37,1,0,2023-02-23 00:14:01,297858.85,,1,2,2814.705,1812.7336744110123,-1.3936272248160388,0,0,0
785,1055,2023-09-26 17:46:14,AU,web,luxury,3012.4,41.0,4,0,0,No transaction note found,17,1,39,0,0,2023-09-17 20:32:52,12793.366666666667,,3,2,2814.705,1812.7336744110123,0.10905904314059515,0,0,0
757,1055,2024-04-23 10:06:05,AU,web,luxury,2136.1,55.0,4,0,0,first time merchant,10,1,17,0,0,2023-09-26 17:46:14,301939.85,,1,2,2814.705,1812.7336744110123,-0.3743544954117379,0,0,0
45,1055,2024-06-27 14:15:54,AU,pos_terminal,gaming,4889.23,52.0,0,3,0,high value item,14,3,26,0,0,2024-04-23 10:06:05,93849.81666666667,,1,2,2814.705,1812.7336744110123,1.144417974512471,0,0,0
399,1055,2024-10-07 13:48:35,AU,mobile_app,electronics,2522.47,62.0,2,0,0,high value item,13,0,41,0,0,2024-06-27 14:15:54,146852.68333333332,,1,3,2814.705,1812.7336744110123,-0.16121231934136834,0,0,0
848,1056,2023-06-29 17:25:34,AU,web,travel,2180.11,60.0,6,0,0,repeat purchase,17,3,26,0,0,,-1.0,,1,1,2088.725,1315.6559699245008,0.06945964757431562,0,0,0
451,1056,2023-08-30 22:17:35,AU,web,electronics,1459.92,45.0,2,0,0,No transaction note found,22,2,35,0,0,2023-06-29 17:25:34,89572.01666666666,,1,1,2088.725,1315.6559699245008,-0.47794029318780346,0,0,0
56,1056,2023-11-14 05:04:32,AU,pos_terminal,travel,3881.36,92.0,1,2,0,No transaction note found,5,1,46,0,1,2023-08-30 22:17:35,108406.95,,1,1,2088.725,1315.6559699245008,1.3625408472876621,0,0,0
548,1056,2023-11-27 20:52:02,AU,mobile_app,luxury,833.51,90.0,4,1,1,high value item,20,0,48,0,0,2023-11-14 05:04:32,19667.5,,1,1,2088.725,1315.6559699245008,-0.9540602016741737,0,0,0
324,1057,2022-07-08 22:54:37,CN,mobile_app,gaming,4006.13,36.0,0,2,0,high value item,22,4,27,0,0,,-1.0,,1,1,3094.568,1704.4635648434755,0.5348087332589656,0,0,0
264,1057,2022-10-22 19:16:58,CN,web,gaming,4412.14,13.0,0,3,0,overnight shipping,19,5,42,1,0,2022-07-08 22:54:37,152422.35,,1,1,3094.568,1704.4635648434755,0.773012710377881,0,0,0
1035,1057,2023-11-23 16:10:45,CN,mobile_app,groceries,3380.3,76.0,3,3,1,new device,16,3,47,0,0,2022-10-22 19:16:58,571493.7833333333,,1,1,3094.568,1704.4635648434755,0.16763749363351121,0,0,0
966,1057,2023-12-17 05:29:47,CN,web,travel,3541.53,12.0,3,0,0,high value item,5,6,50,1,1,2023-11-23 16:10:45,33919.03333333333,,1,1,3094.568,1704.4635648434755,0.26223030472408215,0,0,0
522,1057,2023-12-19 13:30:19,CN,web,electronics,132.74,35.0,6,0,0,No transaction note found,13,1,51,0,0,2023-12-17 05:29:47,3360.5333333333333,,1,1,3094.568,1704.4635648434755,-1.7376892419944403,0,0,0
236,1058,2022-01-24 20:49:40,DE,mobile_app,travel,2700.11,74.0,1,3,0,first time merchant,20,0,4,0,0,,-1.0,,1,1,2692.786,1315.8305300689985,0.005566066322853915,0,0,0
902,1058,2022-10-05 21:09:03,DE,mobile_app,gaming,1394.53,26.0,6,0,0,overnight shipping,21,2,40,0,0,2022-01-24 20:49:40,365779.38333333336,,1,1,2692.786,1315.8305300689985,-0.9866437738999133,0,0,0
106,1058,2023-03-09 22:56:36,DE,web,electronics,1402.58,94.0,6,1,0,high value item,22,3,10,0,0,2022-10-05 21:09:03,223307.55,,1,1,2692.786,1315.8305300689985,-0.9805259647930081,0,0,0
601,1058,2023-06-23 15:59:54,DE,mobile_app,groceries,3633.82,50.0,3,7,1,VPN suspected,15,4,25,0,0,2023-03-09 22:56:36,152223.3,,1,1,2692.786,1315.8305300689985,0.7151635248580642,0,0,0
755,1058,2024-06-01 17:01:44,DE,pos_terminal,groceries,4332.89,62.0,5,3,0,new device,17,5,22,1,0,2023-06-23 15:59:54,495421.8333333333,,1,1,2692.786,1315.8305300689985,1.2464401475120035,0,0,0
651,1059,2022-01-13 12:00:36,US,mobile_app,travel,1123.37,82.0,0,3,0,overnight shipping,12,3,2,0,0,,-1.0,,1,2,2627.07,1576.1171370657178,-0.9540534549351214,0,0,0
1102,1059,2022-03-05 18:59:31,UK,pos_terminal,electronics,1305.83,61.0,4,0,0,VPN suspected,18,5,9,1,0,2022-01-13 12:00:36,73858.91666666667,,2,2,2627.07,1576.1171370657178,-0.838287947594919,0,0,0
758,1059,2022-04-03 23:11:12,US,web,groceries,307.31,89.0,0,1,0,No transaction note found,23,6,13,1,0,2022-03-05 18:59:31,42011.683333333334,,1,3,2627.07,1576.1171370657178,-1.471819540214336,0,0,0
554,1059,2022-05-01 15:16:26,US,mobile_app,groceries,3445.3,10.0,1,3,0,high value item,15,6,17,1,0,2022-04-03 23:11:12,39845.23333333333,,2,3,2627.07,1576.1171370657178,0.519142886501007,0,0,0
1003,1059,2022-06-24 19:02:46,US,mobile_app,luxury,1343.39,12.0,5,2,0,overnight shipping,19,4,25,0,0,2022-05-01 15:16:26,77986.33333333333,,1,3,2627.07,1576.1171370657178,-0.8144572315163373,0,0,0
792,1059,2022-07-02 04:59:20,US,web,luxury,4805.11,79.0,3,1,0,new device,4,5,26,1,1,2022-06-24 19:02:46,10676.566666666668,,2,2,2627.07,1576.1171370657178,1.3819023654897193,0,0,0
97,1059,2023-03-21 01:08:32,CN,pos_terminal,travel,2989.99,51.0,1,1,0,first time merchant,1,1,12,0,1,2022-07-02 04:59:20,377049.2,,1,1,2627.07,1576.1171370657178,0.23026207346216254,0,0,0
540,1059,2023-09-01 15:21:03,US,pos_terminal,travel,4640.29,59.0,1,0,0,high value item,15,4,35,0,0,2023-03-21 01:08:32,237012.51666666666,,2,3,2627.07,1576.1171370657178,1.2773289196944102,0,0,0
1043,1059,2024-02-02 18:31:32,US,mobile_app,gaming,4270.56,95.0,3,6,0,VPN suspected,18,4,5,0,0,2023-09-01 15:21:03,221950.48333333334,,2,3,2627.07,1576.1171370657178,1.0427461013841341,0,0,0
907,1059,2024-03-17 04:05:36,US,mobile_app,gaming,1516.68,42.0,0,3,0,overnight shipping,4,6,11,1,1,2024-02-02 18:31:32,62494.066666666666,,2,3,2627.07,1576.1171370657178,-0.7045098196617738,0,0,0
553,1059,2024-07-04 11:30:36,US,mobile_app,gaming,3149.94,81.0,6,1,0,No transaction note found,11,3,27,0,0,2024-03-17 04:05:36,157405.0,,1,2,2627.07,1576.1171370657178,0.3317456473910532,0,0,0
301,1060,2022-08-28 01:20:36,SG,mobile_app,gaming,2812.87,50.0,1,1,0,repeat purchase,1,6,34,1,1,,-1.0,,1,1,3284.3857142857146,1342.7147447294983,-0.35116596144976847,1,0,0
709,1060,2022-11-07 00:35:37,SG,web,groceries,4125.77,88.0,1,2,0,new device,0,0,45,0,1,2022-08-28 01:20:36,102195.01666666666,,1,1,3284.3857142857146,1342.7147447294983,0.6266292144455374,1,0,0
1066,1060,2022-12-15 18:37:35,SG,web,gaming,4713.84,69.0,5,3,0,overnight shipping,18,3,50,0,0,2022-11-07 00:35:37,55801.96666666667,,1,1,3284.3857142857146,1342.7147447294983,1.0646001254736066,1,0,0
4,1060,2024-04-06 03:56:36,SG,pos_terminal,electronics,2096.71,76.0,2,2,0,high value item,3,5,14,1,1,2022-12-15 18:37:35,687439.0166666667,,1,1,3284.3857142857146,1342.7147447294983,-0.8845331586233398,1,0,0
331,1060,2024-06-25 12:00:58,DE,mobile_app,electronics,3783.58,30.0,5,3,0,repeat purchase,12,1,26,0,0,2024-04-06 03:56:36,115684.36666666667,,1,3,3284.3857142857146,1342.7147447294983,0.3717798494980052,0,0,0
781,1060,2024-09-03 21:58:35,SG,pos_terminal,groceries,1060.59,88.0,0,2,0,first time merchant,21,1,36,0,0,2024-06-25 12:00:58,101397.61666666667,,1,3,3284.3857142857146,1342.7147447294983,-1.656193709806708,1,0,0
652,1060,2024-10-01 19:16:22,JP,mobile_app,groceries,4397.34,46.0,1,3,0,overnight shipping,19,1,40,0,0,2024-09-03 21:58:35,40157.78333333333,,1,3,3284.3857142857146,1342.7147447294983,0.8288836404626658,1,0,0
817,1061,2022-07-29 12:03:35,CN,pos_terminal,luxury,3227.46,68.0,1,1,0,new device,12,4,30,0,0,,-1.0,,2,2,3667.175,1511.799788868751,-0.29085531248091384,0,0,0
68,1061,2022-08-01 18:47:48,CN,web,luxury,4067.73,69.0,3,1,0,VPN suspected,18,0,31,0,0,2022-07-29 12:03:35,4724.216666666666,,1,3,3667.175,1511.799788868751,0.2649524116548045,0,0,0
1092,1061,2022-09-03 14:03:40,CN,web,luxury,4506.87,44.0,6,1,0,first time merchant,14,5,35,1,0,2022-08-01 18:47:48,47235.86666666667,,1,1,3667.175,1511.799788868751,0.5554273827676126,0,0,0
33,1061,2022-11-21 09:35:00,CN,web,groceries,4564.74,25.0,1,2,0,No transaction note found,9,0,47,0,0,2022-09-03 14:03:40,113491.33333333333,,1,3,3667.175,1511.799788868751,0.5937062609802514,0,0,0
466,1061,2023-07-06 02:36:36,CN,mobile_app,electronics,466.96,55.0,3,2,0,new device,2,3,27,0,1,2022-11-21 09:35:00,326461.6,,1,2,3667.175,1511.799788868751,-2.116824611011922,0,0,0
1165,1061,2023-07-24 05:51:58,CN,web,groceries,4894.26,85.0,0,1,0,first time merchant,5,0,30,0,1,2023-07-06 02:36:36,26115.366666666665,,2,3,3667.175,1511.799788868751,0.8116716307509229,0,0,0
67,1061,2024-05-03 05:42:42,CN,mobile_app,electronics,2720.87,74.0,3,0,0,overnight shipping,5,4,18,0,1,2023-07-24 05:51:58,408950.73333333334,,2,2,3667.175,1511.799788868751,-0.6259459797306236,0,0,0
130,1061,2024-10-10 12:07:15,CN,pos_terminal,electronics,4888.51,50.0,6,3,0,No transaction note found,12,3,41,0,0,2024-05-03 05:42:42,230784.55,,2,2,3667.175,1511.799788868751,0.8078682170698676,0,0,0
581,1062,2022-04-11 11:36:30,SG,mobile_app,gaming,3891.77,95.0,3,2,0,repeat purchase,11,0,15,0,0,,-1.0,,2,1,3178.641428571428,1089.475929989539,0.6545611075918117,1,0,0
819,1062,2023-02-21 10:35:19,SG,web,luxury,2315.67,73.0,6,1,0,overnight shipping,10,1,8,0,0,2022-04-11 11:36:30,454978.81666666665,,1,3,3178.641428571428,1089.475929989539,-0.7920977460967992,1,0,0
1129,1062,2023-03-14 21:09:11,SG,mobile_app,groceries,2464.32,52.0,0,0,0,No transaction note found,21,1,11,0,0,2023-02-21 10:35:19,30873.866666666665,,1,3,3178.641428571428,1089.475929989539,-0.655655998364541,1,0,0
964,1062,2023-04-11 05:54:35,CN,pos_terminal,travel,3366.2,36.0,3,0,0,high value item,5,1,15,0,1,2023-03-14 21:09:11,39405.4,,1,3,3178.641428571428,1089.475929989539,0.17215485561977728,0,0,0
770,1062,2024-05-09 22:08:23,SG,pos_terminal,luxury,1548.62,20.0,0,2,0,new device,22,3,19,0,0,2023-04-11 05:54:35,568333.8,,1,2,3178.641428571428,1089.475929989539,-1.4961518503553166,1,0,0
993,1062,2024-05-23 01:36:03,SG,mobile_app,travel,4278.07,15.0,0,2,0,VPN suspected,1,3,21,0,1,2024-05-09 22:08:23,18927.666666666668,,1,2,3178.641428571428,1089.475929989539,1.0091352559199065,1,0,0
503,1062,2024-06-01 11:13:47,SG,mobile_app,electronics,4385.84,67.0,4,2,0,VPN suspected,11,5,22,1,0,2024-05-23 01:36:03,13537.733333333334,,2,1,3178.641428571428,1089.475929989539,1.108054375685164,1,0,0
149,1063,2022-05-19 11:16:50,JP,web,electronics,3663.19,62.0,3,3,0,No transaction note found,11,3,20,0,0,,-1.0,,2,2,2982.125,1565.8128757171548,0.4349593815212861,1,0,0
15,1063,2022-09-06 14:08:51,JP,pos_terminal,travel,4750.25,88.0,4,3,0,VPN suspected,14,1,36,0,0,2022-05-19 11:16:50,158572.01666666666,,2,3,2982.125,1565.8128757171548,1.129205812150564,1,0,0
1099,1063,2023-06-06 16:11:03,JP,mobile_app,luxury,479.13,77.0,6,1,0,repeat purchase,16,1,23,0,0,2022-09-06 14:08:51,393242.2,,1,3,2982.125,1565.8128757171548,-1.59852753724075,1,0,0
219,1063,2023-08-05 14:40:08,JP,web,electronics,1784.85,70.0,6,2,0,high value item,14,5,31,1,0,2023-06-06 16:11:03,86309.08333333333,,2,1,2982.125,1565.8128757171548,-0.7646347903810911,1,0,0
96,1063,2024-08-01 11:09:17,JP,pos_terminal,electronics,3301.33,12.0,0,0,0,No transaction note found,11,3,31,0,0,2023-08-05 14:40:08,521069.15,,2,2,2982.125,1565.8128757171548,0.20385896996395655,1,0,0
1179,1063,2024-11-12 01:39:58,JP,mobile_app,electronics,3914.0,41.0,4,1,0,overnight shipping,1,1,46,0,1,2024-08-01 11:09:17,147750.68333333332,,1,3,2982.125,1565.8128757171548,0.5951381639860343,1,0,0
189,1064,2022-05-25 18:52:14,UK,mobile_app,luxury,2165.69,25.0,5,0,0,high value item,18,2,21,0,0,,-1.0,,1,1,2517.3771428571426,1097.0791257021078,-0.32056679834471385,0,0,0
1069,1064,2023-01-05 20:00:05,UK,web,luxury,1368.36,83.0,0,3,0,VPN suspected,20,3,1,0,0,2022-05-25 18:52:14,324067.85,,2,2,2517.3771428571426,1097.0791257021078,-1.047342088586177,0,0,0
192,1064,2023-02-02 03:11:42,UK,web,travel,2748.77,18.0,1,3,0,high value item,3,3,5,0,1,2023-01-05 20:00:05,39311.61666666667,,1,2,2517.3771428571426,1097.0791257021078,0.21091719979155626,0,0,0
753,1064,2023-05-16 21:59:35,UK,pos_terminal,travel,3137.97,10.0,0,3,1,new device,21,1,20,0,0,2023-02-02 03:11:42,149447.88333333333,,1,1,2517.3771428571426,1097.0791257021078,0.5656773906309543,0,0,0
563,1064,2023-07-16 20:03:36,UK,pos_terminal,luxury,3161.57,70.0,5,4,0,high value item,20,6,28,1,0,2023-05-16 21:59:35,87724.01666666666,,2,1,2517.3771428571426,1097.0791257021078,0.5871890568791813,0,0,0
667,1064,2023-07-31 05:04:03,UK,mobile_app,electronics,4088.7,67.0,5,2,0,overnight shipping,5,0,31,0,1,2023-07-16 20:03:36,20700.45,,1,1,2517.3771428571426,1097.0791257021078,1.4322785114858905,0,0,0
973,1064,2024-01-05 16:06:49,UK,pos_terminal,travel,950.58,15.0,2,1,0,overnight shipping,16,4,1,0,0,2023-07-31 05:04:03,228182.76666666666,,1,1,2517.3771428571426,1097.0791257021078,-1.4281532718566905,0,0,0
343,1065,2022-12-31 07:49:55,DE,web,groceries,3897.68,93.0,2,3,0,high value item,7,5,52,1,0,,-1.0,,2,2,2488.915,2257.7857540902132,0.6239586716533558,0,0,0
1097,1065,2023-01-16 19:33:24,DE,mobile_app,travel,56.39,19.0,4,1,0,first time merchant,19,0,3,0,0,2022-12-31 07:49:55,23743.483333333334,,2,2,2488.915,2257.7857540902132,-1.0773940776237199,0,0,0
54,1065,2023-08-16 10:07:00,DE,mobile_app,groceries,2663.38,81.0,6,3,1,repeat purchase,10,2,33,0,0,2023-01-16 19:33:24,304713.6,,1,2,2488.915,2257.7857540902132,0.07727261086838673,0,0,0
867,1065,2024-03-01 19:36:37,DE,pos_terminal,travel,775.86,86.0,2,1,0,No transaction note found,19,4,9,0,0,2023-08-16 10:07:00,285689.61666666664,,2,2,2488.915,2257.7857540902132,-0.7587323096961804,0,0,0
203,1065,2024-09-04 07:58:54,DE,pos_terminal,travel,945.92,10.0,0,3,0,overnight shipping,7,2,36,0,0,2024-03-01 19:36:37,268582.2833333333,,2,2,2488.915,2257.7857540902132,-0.6834107253997437,0,0,0
42,1065,2024-09-13 09:47:55,DE,web,luxury,704.64,60.0,6,0,1,first time merchant,9,4,37,0,0,2024-09-04 07:58:54,13069.016666666666,,1,2,2488.915,2257.7857540902132,-0.790276489594994,0,0,0
502,1065,2024-09-23 08:23:29,DE,mobile_app,gaming,4456.97,86.0,2,0,0,new device,8,0,39,0,0,2024-09-13 09:47:55,14315.566666666668,,1,2,2488.915,2257.7857540902132,0.8716748240769366,0,0,0
1133,1065,2024-11-02 13:02:37,DE,mobile_app,gaming,6410.48,94.0,6,3,0,high value item,13,5,44,1,0,2024-09-23 08:23:29,57879.13333333333,,1,2,2488.915,2257.7857540902132,1.7369074957159587,0,0,0
529,1066,2022-11-29 12:29:47,CN,web,electronics,3413.31,41.0,2,6,0,high value item,12,1,48,0,0,,-1.0,,3,1,2544.0,2033.9062391699574,0.4274090827091261,0,0,0
1025,1066,2023-10-02 12:46:02,DE,pos_terminal,luxury,4892.37,38.0,2,0,0,new device,12,0,40,0,0,2022-11-29 12:29:47,442096.25,,3,1,2544.0,2033.9062391699574,1.1546107459498114,0,0,0
941,1066,2023-11-02 12:24:14,CN,web,travel,241.24,33.0,3,5,0,VPN suspected,12,3,44,0,0,2023-10-02 12:46:02,44618.2,,3,1,2544.0,2033.9062391699574,-1.1321859167607267,0,0,0
978,1066,2024-10-18 09:30:57,CN,pos_terminal,gaming,1629.08,86.0,1,1,0,VPN suspected,9,4,42,0,0,2023-11-02 12:24:14,505266.7166666667,,1,1,2544.0,2033.9062391699574,-0.44983391189821087,0,0,0
153,1067,2023-04-09 08:36:03,AU,pos_terminal,electronics,1719.61,85.0,0,3,0,VPN suspected,8,6,14,1,0,,-1.0,,1,2,2088.6724999999997,1795.3768195792272,-0.20556269635167448,0,0,0
339,1067,2023-06-25 16:20:27,AU,mobile_app,luxury,757.17,94.0,3,1,0,VPN suspected,16,6,25,1,0,2023-04-09 08:36:03,111344.4,,1,2,2088.6724999999997,1795.3768195792272,-0.7416284344765333,0,0,0
43,1067,2024-02-20 20:23:06,AU,mobile_app,electronics,4715.9,88.0,0,3,0,No transaction note found,20,1,8,0,0,2023-06-25 16:20:27,345842.65,,1,1,2088.6724999999997,1795.3768195792272,1.4633292974205432,0,0,0
699,1067,2024-09-05 02:50:42,AU,mobile_app,electronics,1162.01,27.0,3,0,1,No transaction note found,2,3,36,0,1,2024-02-20 20:23:06,284067.6,,1,1,2088.6724999999997,1795.3768195792272,-0.5161381665923349,0,0,0
436,1068,2022-04-19 23:40:23,MY,web,travel,2289.48,55.0,4,3,0,No transaction note found,23,1,16,0,0,,-1.0,,1,2,3063.54875,1193.4012797280075,-0.6486240321247357,1,0,0
889,1068,2022-06-20 21:11:00,MY,pos_terminal,groceries,4505.68,82.0,0,3,0,repeat purchase,21,0,25,0,0,2022-04-19 23:40:23,89130.61666666667,,2,4,3063.54875,1193.4012797280075,1.2084210688366965,1,0,0
433,1068,2023-01-30 22:23:36,MY,pos_terminal,travel,4108.02,65.0,4,2,0,first time merchant,22,0,5,0,0,2022-06-20 21:11:00,322632.6,,1,4,3063.54875,1193.4012797280075,0.8752054047051548,1,0,0
912,1068,2023-11-19 06:23:15,MY,pos_terminal,luxury,1355.0,86.0,3,0,0,new device,6,6,46,1,0,2023-01-30 22:23:36,420959.65,,1,2,3063.54875,1193.4012797280075,-1.4316632460704262,1,0,0
271,1068,2024-04-21 17:36:23,MY,web,travel,1843.52,20.0,5,2,0,first time merchant,17,6,16,1,0,2023-11-19 06:23:15,222433.13333333333,,1,2,3063.54875,1193.4012797280075,-1.0223122521521522,1,0,0
1081,1068,2024-05-20 18:32:15,MY,mobile_app,luxury,3329.69,61.0,6,0,0,high value item,18,0,21,0,0,2024-04-21 17:36:23,41815.86666666667,,1,4,3063.54875,1193.4012797280075,0.22301069600047468,1,0,0
874,1068,2024-08-19 01:33:39,MY,pos_terminal,luxury,2741.63,28.0,5,3,0,No transaction note found,1,0,34,0,1,2024-05-20 18:32:15,130021.4,,1,4,3063.54875,1193.4012797280075,-0.26974895659016684,1,0,0
123,1068,2024-11-19 21:52:06,MY,mobile_app,electronics,4335.37,26.0,5,1,0,VPN suspected,21,1,47,0,0,2024-08-19 01:33:39,133698.45,,2,2,3063.54875,1193.4012797280075,1.065711317395156,1,0,0
1001,1069,2022-03-13 06:19:13,CN,pos_terminal,electronics,1028.53,93.0,4,1,0,VPN suspected,6,6,10,1,0,,-1.0,,1,2,1412.9983333333332,1013.0624001327812,-0.37951100868311893,0,0,0
938,1069,2022-07-24 07:10:06,JP,web,electronics,576.6,15.0,2,2,0,No transaction note found,7,6,29,1,0,2022-03-13 06:19:13,191570.88333333333,,1,2,1412.9983333333332,1013.0624001327812,-0.8256138350645599,1,0,0
980,1069,2023-05-20 19:22:35,CN,pos_terminal,gaming,855.67,49.0,6,2,0,first time merchant,19,5,20,1,0,2022-07-24 07:10:06,432732.48333333334,,2,2,1412.9983333333332,1013.0624001327812,-0.5501421563570859,0,0,0
1000,1069,2023-10-18 11:07:54,CN,mobile_app,travel,2268.92,25.0,1,3,0,repeat purchase,11,2,42,0,0,2023-05-20 19:22:35,216945.31666666668,,1,1,1412.9983333333332,1013.0624001327812,0.8448854350477146,0,0,0
934,1069,2024-05-23 19:11:29,CN,web,travel,687.63,38.0,0,3,0,overnight shipping,19,3,21,0,0,2023-10-18 11:07:54,314403.5833333333,,2,1,1412.9983333333332,1013.0624001327812,-0.7160154529851861,0,0,0
288,1069,2024-12-07 14:26:15,MY,pos_terminal,groceries,3060.64,48.0,0,1,0,repeat purchase,14,5,49,1,0,2024-05-23 19:11:29,284834.76666666666,,1,2,1412.9983333333332,1013.0624001327812,1.6263970180422367,1,0,0
602,1070,2022-02-09 22:12:13,MY,mobile_app,gaming,119.37,58.0,4,1,0,overnight shipping,22,2,6,0,0,,-1.0,,1,1,1732.0925,1298.7831191615462,-1.2417180945815827,1,0,0
674,1070,2022-10-21 11:54:49,MY,web,groceries,1636.74,71.0,6,2,0,first time merchant,11,4,42,0,0,2022-02-09 22:12:13,365142.6,,1,2,1732.0925,1298.7831191615462,-0.07341679961282262,1,0,0
397,1070,2023-02-18 00:09:28,MY,mobile_app,travel,2629.76,72.0,4,0,0,VPN suspected,0,5,7,1,1,2022-10-21 11:54:49,172094.65,,2,1,1732.0925,1298.7831191615462,0.691160430680302,1,0,0
274,1070,2023-06-11 00:47:07,MY,pos_terminal,groceries,1849.46,40.0,6,0,0,new device,0,6,23,1,1,2023-02-18 00:09:28,162757.65,,2,1,1732.0925,1298.7831191615462,0.09036728170271327,1,0,0
162,1070,2023-06-19 20:45:57,MY,web,groceries,1202.27,86.0,2,0,0,overnight shipping,20,0,25,0,0,2023-06-11 00:47:07,12718.833333333334,,1,1,1732.0925,1298.7831191615462,-0.4079376242139926,1,0,0
1178,1070,2024-01-09 05:39:30,MY,mobile_app,luxury,461.48,59.0,3,2,0,VPN suspected,5,1,2,0,1,2023-06-19 20:45:57,292853.55,,1,2,1732.0925,1298.7831191615462,-0.9783099897543076,1,0,0
1042,1070,2024-10-18 13:16:49,JP,pos_terminal,travel,4277.76,70.0,2,0,0,VPN suspected,13,4,42,0,0,2024-01-09 05:39:30,407977.31666666665,,1,2,1732.0925,1298.7831191615462,1.960040489010516,1,0,0
16,1070,2024-12-03 15:40:15,MY,web,gaming,1679.9,20.0,1,1,0,VPN suspected,15,1,49,0,0,2024-10-18 13:16:49,66383.43333333333,,1,2,1732.0925,1298.7831191615462,-0.040185693230824965,1,0,0
293,1071,2022-01-30 23:27:47,AU,web,luxury,1112.81,29.0,0,7,0,first time merchant,23,6,4,1,0,,-1.0,,1,2,2622.7788888888886,1378.417251694111,-1.0954367315361857,0,0,0
1142,1071,2022-05-22 06:17:42,AU,pos_terminal,luxury,4118.54,72.0,6,3,0,new device,6,6,20,1,0,2022-01-30 23:27:47,160249.91666666666,,1,2,2622.7788888888886,1378.417251694111,1.0851294187393417,0,0,0
751,1071,2022-12-29 13:49:00,AU,pos_terminal,electronics,1739.87,67.0,6,3,0,No transaction note found,13,3,52,0,0,2022-05-22 06:17:42,318691.3,,1,2,2622.7788888888886,1378.417251694111,-0.6405236787364424,0,0,0
243,1071,2023-04-07 04:21:57,AU,web,electronics,2604.07,90.0,3,1,0,first time merchant,4,4,14,0,1,2022-12-29 13:49:00,141992.95,,1,1,2622.7788888888886,1378.417251694111,-0.013572732687359128,0,0,0
10,1071,2023-12-21 20:32:25,AU,pos_terminal,gaming,577.59,32.0,2,3,0,VPN suspected,20,3,51,0,0,2023-04-07 04:21:57,372490.4666666667,,1,2,2622.7788888888886,1378.417251694111,-1.4837226437606592,0,0,0
985,1071,2024-02-21 15:05:47,AU,pos_terminal,luxury,2962.86,18.0,1,3,0,overnight shipping,15,2,8,0,0,2023-12-21 20:32:25,88953.36666666667,,1,4,2622.7788888888886,1378.417251694111,0.246718553974236,0,0,0
943,1071,2024-02-21 18:03:09,AU,pos_terminal,electronics,4861.42,46.0,2,0,0,repeat purchase,18,2,8,0,0,2024-02-21 15:05:47,177.36666666666667,,1,4,2622.7788888888886,1378.417251694111,1.6240663763891252,0,0,0
1044,1071,2024-05-15 14:29:09,AU,web,luxury,2304.0,74.0,2,2,0,high value item,14,2,20,0,0,2024-02-21 18:03:09,120746.0,,1,4,2622.7788888888886,1378.417251694111,-0.2312644364375888,0,0,0
698,1071,2024-06-12 17:44:27,AU,web,gaming,3323.85,74.0,1,1,0,new device,17,2,24,0,0,2024-05-15 14:29:09,40515.3,,1,4,2622.7788888888886,1378.417251694111,0.5086058740555347,0,0,0
533,1072,2022-10-21 00:20:38,UK,mobile_app,luxury,1874.2,47.0,1,2,0,repeat purchase,0,4,42,0,1,,-1.0,,1,1,2621.671428571429,1728.1815907008486,-0.4325190319081564,0,0,0
336,1072,2023-01-23 13:11:26,UK,web,gaming,1178.19,41.0,5,5,0,high value item,13,0,4,0,0,2022-10-21 00:20:38,136130.8,,1,2,2621.671428571429,1728.1815907008486,-0.8352602737690533,0,0,0
334,1072,2023-02-11 02:26:23,UK,mobile_app,travel,4740.6,92.0,1,3,0,new device,2,5,6,1,1,2023-01-23 13:11:26,26714.95,,1,2,2621.671428571429,1728.1815907008486,1.2261029644282109,0,0,0
321,1072,2023-10-19 01:01:37,UK,mobile_app,gaming,2920.25,90.0,0,2,0,new device,1,3,42,0,1,2023-02-11 02:26:23,359915.23333333334,,1,1,2621.671428571429,1728.1815907008486,0.1727703691760108,0,0,0
1059,1072,2023-11-04 22:43:57,UK,mobile_app,travel,2772.37,36.0,6,1,0,new device,22,5,44,1,0,2023-10-19 01:01:37,24342.333333333332,,1,2,2621.671428571429,1728.1815907008486,0.08720065775463828,0,0,0
63,1072,2024-07-08 07:34:15,UK,mobile_app,groceries,4735.7,69.0,6,3,0,No transaction note found,7,0,28,0,0,2023-11-04 22:43:57,354770.3,,1,2,2621.671428571429,1728.1815907008486,1.2232676142391066,0,0,0
687,1072,2024-09-08 06:51:17,UK,mobile_app,groceries,130.39,82.0,3,3,0,high value item,6,6,36,1,0,2024-07-08 07:34:15,89237.03333333334,,1,1,2621.671428571429,1728.1815907008486,-1.4415622999207578,0,0,0
871,1073,2022-05-07 23:15:57,DE,mobile_app,groceries,426.18,16.0,2,1,0,No transaction note found,23,5,18,1,0,,-1.0,,1,1,1012.7379999999999,926.5901512120558,-0.6330285285600479,0,0,0
505,1073,2022-05-13 09:00:29,DE,mobile_app,travel,2442.34,55.0,0,1,0,No transaction note found,9,4,19,0,0,2022-05-07 23:15:57,7784.533333333334,,1,2,1012.7379999999999,926.5901512120558,1.542863366430092,0,0,0
737,1073,2022-08-26 07:59:24,DE,mobile_app,groceries,1002.09,20.0,1,0,0,high value item,7,4,34,0,0,2022-05-13 09:00:29,151138.91666666666,,2,2,1012.7379999999999,926.5901512120558,-0.011491596350416043,0,0,0
1193,1073,2022-12-13 07:41:09,DE,mobile_app,electronics,1188.11,37.0,3,3,0,repeat purchase,7,1,50,0,0,2022-08-26 07:59:24,156941.75,,2,1,1012.7379999999999,926.5901512120558,0.1892659875249041,0,0,0
1169,1073,2023-06-08 17:25:30,DE,pos_terminal,travel,4.97,40.0,0,2,0,high value item,17,3,23,0,0,2022-12-13 07:41:09,255464.35,,1,1,1012.7379999999999,926.5901512120558,-1.0876092290445314,0,0,0
89,1074,2022-03-18 00:19:36,US,mobile_app,gaming,3206.92,27.0,3,0,0,high value item,0,4,11,0,1,,-1.0,,2,1,2609.328571428571,952.4480938713573,0.6274267673133092,0,0,0
936,1074,2023-03-30 09:45:16,US,mobile_app,travel,2847.36,41.0,1,2,0,new device,9,3,13,0,0,2022-03-18 00:19:36,543445.6666666666,,1,2,2609.328571428571,952.4480938713573,0.2499153813242643,0,0,0
444,1074,2023-08-01 15:05:48,US,pos_terminal,groceries,935.11,24.0,5,3,0,No transaction note found,15,1,31,0,0,2023-03-30 09:45:16,178880.53333333333,,1,1,2609.328571428571,952.4480938713573,-1.7578055772293875,0,0,0
190,1074,2023-09-10 19:05:18,US,mobile_app,luxury,3303.96,78.0,5,2,0,high value item,19,6,36,1,0,2023-08-01 15:05:48,57839.5,,1,1,2609.328571428571,952.4480938713573,0.7293115845799041,0,0,0
628,1074,2024-04-24 00:46:29,US,mobile_app,gaming,1720.9,41.0,6,3,0,No transaction note found,0,2,17,0,1,2023-09-10 19:05:18,325781.18333333335,,2,2,2609.328571428571,952.4480938713573,-0.9327842400496914,0,0,0
552,1074,2024-05-29 02:14:26,US,mobile_app,gaming,2666.49,12.0,5,2,0,VPN suspected,2,2,22,0,1,2024-04-24 00:46:29,50487.95,,1,2,2609.328571428571,952.4480938713573,0.06001526900966124,0,0,0
178,1074,2024-12-05 11:44:06,US,web,luxury,3584.56,23.0,1,3,0,new device,11,3,49,0,0,2024-05-29 02:14:26,274169.6666666667,,1,2,2609.328571428571,952.4480938713573,1.023920815051942,0,0,0
608,1075,2022-01-14 19:53:24,CN,web,gaming,1295.01,51.0,5,2,0,first time merchant,19,4,2,0,0,,-1.0,,1,1,1836.595,1734.1599692468744,-0.3123039451978609,0,0,0
40,1075,2022-02-14 21:25:17,CN,pos_terminal,electronics,3726.12,46.0,1,2,0,overnight shipping,21,0,7,0,0,2022-01-14 19:53:24,44731.88333333333,,1,1,1836.595,1734.1599692468744,1.0895909451886372,0,0,0
982,1075,2022-08-18 14:07:22,CN,pos_terminal,travel,1300.53,87.0,2,0,0,new device,14,3,33,0,0,2022-02-14 21:25:17,265962.0833333333,,1,1,1836.595,1734.1599692468744,-0.309120847849352,0,0,0
90,1075,2023-01-31 05:39:54,CN,mobile_app,luxury,434.6,33.0,3,7,0,No transaction note found,5,1,5,0,1,2022-08-18 14:07:22,238532.53333333333,,1,1,1836.595,1734.1599692468744,-0.8084577114352778,0,0,0
352,1075,2024-03-10 13:53:43,CN,mobile_app,luxury,4222.81,46.0,0,1,0,VPN suspected,13,6,10,1,0,2023-01-31 05:39:54,582253.8166666667,,1,1,1836.595,1734.1599692468744,1.3760062752666962,0,0,0
358,1075,2024-05-08 12:56:43,CN,mobile_app,gaming,40.5,77.0,1,3,0,first time merchant,12,2,19,0,0,2024-03-10 13:53:43,84903.0,,1,1,1836.595,1734.1599692468744,-1.0357147159728426,0,0,0
571,1076,2022-03-24 07:48:59,US,mobile_app,luxury,4769.96,13.0,1,1,0,new device,7,3,12,0,0,,-1.0,,1,2,2928.8283333333334,1945.568906728262,0.9463204619993538,0,0,0
1181,1076,2022-07-31 10:30:05,AU,mobile_app,luxury,3724.99,38.0,1,2,0,No transaction note found,10,6,30,1,0,2022-03-24 07:48:59,185921.1,,1,1,2928.8283333333334,1945.568906728262,0.409217922795405,0,0,0
844,1076,2024-04-05 02:48:41,AU,web,travel,3372.03,31.0,3,1,0,first time merchant,2,4,14,0,1,2022-07-31 10:30:05,883698.6,,2,1,2928.8283333333334,1945.568906728262,0.22780054982065404,0,0,0
1177,1076,2024-06-25 13:50:00,AU,pos_terminal,travel,967.44,16.0,4,1,0,high value item,13,1,26,0,0,2024-04-05 02:48:41,117301.31666666667,,1,1,2928.8283333333334,1945.568906728262,-1.0081310029937074,0,0,0
1071,1076,2024-08-07 02:05:37,AU,web,electronics,107.32,69.0,0,2,0,high value item,2,2,32,0,1,2024-06-25 13:50:00,61215.61666666667,,2,1,2928.8283333333334,1945.568906728262,-1.4502227721546406,0,0,0
989,1076,2024-12-19 17:12:40,AU,mobile_app,electronics,4631.23,77.0,2,0,0,new device,17,3,51,0,0,2024-08-07 02:05:37,193867.05,,1,2,2928.8283333333334,1945.568906728262,0.8750148405329347,0,0,0
970,1077,2022-05-09 14:36:39,CN,web,travel,8909.23,73.0,2,2,0,first time merchant,14,0,19,0,0,,-1.0,,1,3,2572.54,2763.4789560356626,2.29301185238272,0,0,0
27,1077,2022-06-24 07:07:35,CN,pos_terminal,travel,1129.21,67.0,2,3,0,first time merchant,7,4,25,0,0,2022-05-09 14:36:39,65790.93333333333,,1,2,2572.54,2763.4789560356626,-0.5222873135500634,0,0,0
395,1077,2022-07-10 05:06:43,CN,web,travel,934.27,59.0,1,0,0,repeat purchase,5,6,27,1,1,2022-06-24 07:07:35,22919.133333333335,,1,1,2572.54,2763.4789560356626,-0.5928288313619632,0,0,0
971,1077,2022-08-19 13:29:15,CN,mobile_app,travel,1717.47,84.0,4,3,0,repeat purchase,13,4,33,0,0,2022-07-10 05:06:43,58102.53333333333,,1,2,2572.54,2763.4789560356626,-0.3094179523721205,0,0,0
855,1077,2022-10-06 09:33:37,CN,web,gaming,4993.2,45.0,5,3,0,No transaction note found,9,3,40,0,0,2022-08-19 13:29:15,68884.36666666667,,1,1,2572.54,2763.4789560356626,0.8759466015520334,0,0,0
353,1077,2023-04-26 06:35:03,AU,mobile_app,gaming,874.4,74.0,0,0,0,new device,6,2,17,0,0,2022-10-06 09:33:37,290701.43333333335,,1,2,2572.54,2763.4789560356626,-0.6144935521550198,0,0,0
525,1077,2024-01-22 17:18:55,CN,pos_terminal,gaming,2707.55,54.0,5,3,0,new device,17,0,4,0,0,2023-04-26 06:35:03,390883.86666666664,,1,3,2572.54,2763.4789560356626,0.04885508525589725,0,0,0
360,1077,2024-05-15 16:07:46,CN,mobile_app,gaming,1773.01,93.0,3,0,0,No transaction note found,16,2,20,0,0,2024-01-22 17:18:55,164088.85,,1,2,2572.54,2763.4789560356626,-0.28932009713834134,0,0,0
827,1077,2024-12-02 03:09:48,CN,web,electronics,114.52,60.0,1,0,0,new device,3,0,49,0,1,2024-05-15 16:07:46,288662.0333333333,,1,3,2572.54,2763.4789560356626,-0.8894657926131424,0,0,0
303,1078,2022-02-20 12:39:53,JP,mobile_app,electronics,3041.15,77.0,6,0,0,high value item,12,6,7,1,0,,-1.0,,2,1,2422.7083333333335,1824.2465473792627,0.3390121075219401,1,0,0
832,1078,2022-05-13 11:28:37,JP,mobile_app,gaming,4217.68,42.0,0,2,1,repeat purchase,11,4,19,0,0,2022-02-20 12:39:53,118008.73333333334,,1,4,2422.7083333333335,1824.2465473792627,0.9839523441857941,1,0,0
1167,1078,2022-10-14 12:52:03,JP,mobile_app,groceries,642.08,82.0,6,3,0,overnight shipping,12,4,41,0,0,2022-05-13 11:28:37,221843.43333333332,,2,4,2422.7083333333335,1824.2465473792627,-0.9760897373720719,1,0,0
464,1078,2023-04-11 13:59:10,JP,web,travel,4755.41,61.0,1,0,0,overnight shipping,13,1,15,0,0,2022-10-14 12:52:03,257827.11666666667,,1,1,2422.7083333333335,1824.2465473792627,1.2787206148301924,1,0,0
730,1078,2023-08-25 20:45:52,JP,web,gaming,1053.53,29.0,0,0,0,new device,20,4,34,0,0,2023-04-11 13:59:10,196246.7,,1,4,2422.7083333333335,1824.2465473792627,-0.7505445660841807,1,0,0
437,1078,2024-04-12 10:54:05,JP,web,groceries,826.4,46.0,3,0,0,first time merchant,10,4,15,0,0,2023-08-25 20:45:52,332048.2166666667,,1,4,2422.7083333333335,1824.2465473792627,-0.8750507630816743,1,0,0
960,1079,2022-09-01 19:27:46,UK,mobile_app,groceries,705.41,28.0,1,2,1,new device,19,3,35,0,0,,-1.0,,2,2,2737.985,1580.170756136925,-1.286300858376266,0,0,0
915,1079,2023-03-14 22:51:03,UK,mobile_app,groceries,2290.03,12.0,5,0,0,overnight shipping,22,1,11,0,0,2022-09-01 19:27:46,279563.2833333333,,1,1,2737.985,1580.170756136925,-0.28348518554736735,0,0,0
406,1079,2023-04-30 23:27:48,UK,web,electronics,2494.13,58.0,0,3,0,No transaction note found,23,6,17,1,0,2023-03-14 22:51:03,67716.75,,1,1,2737.985,1580.170756136925,-0.15432192948321433,0,0,0
959,1079,2023-09-18 04:53:53,UK,web,luxury,4640.42,73.0,4,2,0,VPN suspected,4,0,38,0,1,2023-04-30 23:27:48,201926.08333333334,,2,1,2737.985,1580.170756136925,1.2039426705066487,0,0,0
311,1079,2024-01-13 04:52:28,UK,pos_terminal,travel,1710.88,13.0,0,1,0,new device,4,5,2,1,1,2023-09-18 04:53:53,168478.58333333334,,2,1,2737.985,1580.170756136925,-0.6499962083281329,0,0,0
520,1079,2024-03-28 19:03:34,UK,web,travel,4587.04,13.0,3,2,1,new device,19,3,13,0,0,2024-01-13 04:52:28,108851.1,,2,2,2737.985,1580.170756136925,1.1701615112283317,0,0,0
1049,1080,2023-01-28 21:41:47,JP,mobile_app,luxury,2501.46,73.0,2,3,0,No transaction note found,21,5,4,1,0,,-1.0,,1,2,3718.3075,912.6617602286494,-1.3332951516399052,1,0,0
946,1080,2023-05-26 23:03:11,JP,mobile_app,groceries,4707.87,39.0,4,3,1,overnight shipping,23,4,21,0,0,2023-01-28 21:41:47,170001.4,,1,2,3718.3075,912.6617602286494,1.0842598464430948,1,0,0
856,1080,2024-05-17 11:31:48,JP,pos_terminal,electronics,3912.8,50.0,1,0,0,No transaction note found,11,4,20,0,0,2023-05-26 23:03:11,513388.61666666664,,1,2,3718.3075,912.6617602286494,0.2131046883691873,1,0,0
212,1080,2024-10-05 18:55:17,JP,pos_terminal,gaming,3751.1,77.0,3,0,0,high value item,18,5,40,1,0,2024-05-17 11:31:48,203483.48333333334,,1,2,3718.3075,912.6617602286494,0.035930616827623524,1,0,0
544,1081,2023-01-25 17:42:53,SG,web,electronics,2932.13,38.0,2,3,0,overnight shipping,17,2,4,0,0,,-1.0,,1,1,1694.4566666666667,1315.9981551577737,0.9404825747532678,1,0,0
700,1081,2023-05-15 15:51:13,SG,mobile_app,luxury,496.14,91.0,6,1,0,new device,15,0,20,0,0,2023-01-25 17:42:53,158288.33333333334,,1,3,1694.4566666666667,1315.9981551577737,-0.9105762511673139,1,0,0
831,1081,2023-06-19 05:52:56,SG,pos_terminal,electronics,3551.95,41.0,0,3,0,No transaction note found,5,0,25,0,1,2023-05-15 15:51:13,49801.71666666667,,1,3,1694.4566666666667,1315.9981551577737,1.4114710769565175,1,0,0
1109,1081,2023-10-01 03:34:17,CN,pos_terminal,travel,408.09,36.0,3,0,0,No transaction note found,3,6,39,1,1,2023-06-19 05:52:56,149621.35,,1,1,1694.4566666666667,1315.9981551577737,-0.9774836397946512,0,0,0
269,1081,2024-02-23 12:24:27,SG,pos_terminal,groceries,941.95,56.0,1,1,0,repeat purchase,12,4,8,0,0,2023-10-01 03:34:17,209330.16666666666,,1,1,1694.4566666666667,1315.9981551577737,-0.5718143780957272,1,0,0
879,1081,2024-06-10 16:08:00,SG,web,groceries,1836.48,83.0,5,3,0,overnight shipping,16,0,24,0,0,2024-02-23 12:24:27,155743.55,,1,3,1694.4566666666667,1315.9981551577737,0.10792061734790676,1,0,0
507,1082,2022-10-13 21:49:12,DE,mobile_app,travel,1525.68,90.0,1,3,0,high value item,21,3,41,0,0,,-1.0,,1,4,3194.2322222222224,1149.977243555019,-1.4509436874281878,0,0,0
112,1082,2023-02-16 15:20:11,AU,mobile_app,luxury,3910.09,52.0,3,1,0,high value item,15,3,7,0,0,2022-10-13 21:49:12,181050.98333333334,,1,4,3194.2322222222224,1149.977243555019,0.6224973422646068,0,0,0
673,1082,2023-04-14 22:37:39,DE,web,luxury,4452.89,22.0,1,0,0,high value item,22,4,15,0,0,2023-02-16 15:20:11,82517.46666666666,,1,1,3194.2322222222224,1149.977243555019,1.094506682485982,0,0,0
1126,1082,2023-05-07 05:52:25,JP,mobile_app,travel,3264.05,66.0,1,1,0,overnight shipping,5,6,18,1,1,2023-04-14 22:37:39,32114.766666666666,,2,1,3194.2322222222224,1149.977243555019,0.06071231249928422,1,0,0
233,1082,2023-05-08 18:34:13,DE,pos_terminal,gaming,2262.56,10.0,2,1,0,overnight shipping,18,0,19,0,0,2023-05-07 05:52:25,2201.8,,1,1,3194.2322222222224,1149.977243555019,-0.8101657901873499,0,0,0
88,1082,2023-08-08 20:03:58,DE,pos_terminal,travel,3693.69,14.0,1,1,1,No transaction note found,20,1,32,0,0,2023-05-08 18:34:13,132569.75,,1,2,3194.2322222222224,1149.977243555019,0.4343197055219657,0,0,0
840,1082,2024-06-13 05:13:47,DE,pos_terminal,travel,2914.74,88.0,0,2,0,high value item,5,3,24,0,1,2023-08-08 20:03:58,445509.81666666665,,2,4,3194.2322222222224,1149.977243555019,-0.24304152433330367,0,0,0
1124,1082,2024-10-10 08:40:42,DE,mobile_app,travel,1871.9,52.0,5,3,0,overnight shipping,8,3,41,0,0,2024-06-13 05:13:47,171566.91666666666,,1,4,3194.2322222222224,1149.977243555019,-1.1498768602884595,0,0,0
180,1082,2024-10-29 12:26:38,CN,mobile_app,luxury,4852.49,27.0,4,2,0,overnight shipping,12,1,44,0,0,2024-10-10 08:40:42,27585.933333333334,,1,2,3194.2322222222224,1149.977243555019,1.441991819465461,0,0,0
108,1083,2022-03-02 20:17:50,JP,web,gaming,1877.76,84.0,0,2,0,repeat purchase,20,2,9,0,0,,-1.0,,2,2,2224.535,1703.1131987401463,-0.20361242004144042,1,0,0
821,1083,2022-10-11 18:35:58,SG,web,groceries,3376.43,27.0,3,0,0,repeat purchase,18,1,41,0,0,2022-03-02 20:17:50,321018.13333333336,,3,2,2224.535,1703.1131987401463,0.6763467048767503,1,0,0
140,1083,2022-10-31 02:45:15,UK,pos_terminal,electronics,1301.57,52.0,6,1,1,No transaction note found,2,0,44,0,1,2022-10-11 18:35:58,27849.283333333333,,1,2,2224.535,1703.1131987401463,-0.5419281587875369,0,0,0
852,1083,2023-01-14 12:40:24,UK,pos_terminal,travel,4575.78,84.0,4,2,0,overnight shipping,12,5,2,1,0,2022-10-31 02:45:15,108595.15,,1,1,2224.535,1703.1131987401463,1.380557089064485,0,0,0
82,1083,2023-10-15 05:25:39,SG,mobile_app,travel,4141.62,82.0,6,2,0,first time merchant,5,6,41,1,1,2023-01-14 12:40:24,394125.25,,2,3,2224.535,1703.1131987401463,1.1256356896406747,1,0,0
1023,1083,2023-12-10 18:01:18,SG,mobile_app,electronics,305.1,38.0,3,0,0,first time merchant,18,6,49,1,0,2023-10-15 05:25:39,81395.65,,3,3,2224.535,1703.1131987401463,-1.1270155157154995,1,0,0
132,1083,2024-03-11 18:40:48,SG,pos_terminal,electronics,2187.99,40.0,0,0,0,overnight shipping,18,0,11,0,0,2023-12-10 18:01:18,132519.5,,3,2,2224.535,1703.1131987401463,-0.021457763363605963,1,0,0
617,1083,2024-05-14 11:42:09,SG,web,luxury,3971.18,11.0,0,1,0,first time merchant,11,1,20,0,0,2024-03-11 18:40:48,91741.35,,1,2,2224.535,1703.1131987401463,1.0255601338138038,1,0,0
235,1083,2024-09-15 05:31:52,SG,pos_terminal,travel,477.72,14.0,4,0,0,No transaction note found,5,6,37,1,1,2024-05-14 11:42:09,178189.71666666667,,2,3,2224.535,1703.1131987401463,-1.0256599510192166,1,0,0
267,1083,2024-10-09 20:42:03,SG,web,travel,30.2,29.0,2,3,0,overnight shipping,20,2,41,0,0,2024-09-15 05:31:52,35470.183333333334,,2,2,2224.535,1703.1131987401463,-1.2884258084684141,1,0,0
296,1085,2022-04-23 16:58:43,DE,web,electronics,2327.3,56.0,4,1,0,first time merchant,16,5,16,1,0,,-1.0,,1,4,2859.431111111111,1069.110720014224,-0.4977324622692317,0,0,0
900,1085,2022-06-17 23:37:56,DE,pos_terminal,luxury,2352.76,22.0,4,0,0,new device,23,4,24,0,0,2022-04-23 16:58:43,79599.21666666666,,1,2,2859.431111111111,1069.110720014224,-0.47391827771062833,0,0,0
460,1085,2022-10-11 20:58:15,DE,pos_terminal,luxury,2463.51,39.0,4,1,0,repeat purchase,20,1,41,0,0,2022-06-17 23:37:56,166880.31666666668,,1,1,2859.431111111111,1069.110720014224,-0.37032751023752086,0,0,0
277,1085,2023-07-08 08:51:06,DE,pos_terminal,luxury,3376.78,52.0,4,1,1,repeat purchase,8,5,27,1,0,2022-10-11 20:58:15,388072.85,,2,4,2859.431111111111,1069.110720014224,0.4839058099445548,0,0,0
434,1085,2023-07-14 04:55:51,DE,web,electronics,4843.9,23.0,0,2,0,repeat purchase,4,4,28,0,1,2023-07-08 08:51:06,8404.75,,1,2,2859.431111111111,1069.110720014224,1.8561865031738587,0,0,0
447,1085,2023-09-16 03:06:42,DE,pos_terminal,groceries,3706.72,85.0,2,2,0,repeat purchase,3,5,37,1,1,2023-07-14 04:55:51,92050.85,,1,4,2859.431111111111,1069.110720014224,0.792517438116808,0,0,0
650,1085,2024-06-17 00:55:28,DE,web,travel,2784.71,50.0,5,0,0,overnight shipping,0,0,25,0,1,2023-09-16 03:06:42,395868.76666666666,,1,1,2859.431111111111,1069.110720014224,-0.06989090064508648,0,0,0
734,1085,2024-10-31 08:33:25,DE,pos_terminal,travel,984.11,52.0,5,2,0,repeat purchase,8,3,44,0,0,2024-06-17 00:55:28,196297.95,,2,1,2859.431111111111,1069.110720014224,-1.7540943851785162,0,0,0
379,1085,2024-11-30 07:04:49,DE,mobile_app,electronics,2895.09,17.0,3,0,1,No transaction note found,7,5,48,1,0,2024-10-31 08:33:25,43111.4,,1,4,2859.431111111111,1069.110720014224,0.033353784805763335,0,0,0
1144,1086,2022-04-03 04:42:27,UK,pos_terminal,travel,736.55,15.0,0,1,0,No transaction note found,4,6,13,1,1,,-1.0,,1,1,1950.4560000000001,1471.151081643997,-0.8251402695115936,0,0,0
456,1086,2022-06-24 06:08:30,UK,mobile_app,groceries,2395.06,79.0,5,0,0,overnight shipping,6,4,25,0,0,2022-04-03 04:42:27,118166.05,,2,1,1950.4560000000001,1471.151081643997,0.30221505156571626,0,0,0
570,1086,2022-07-25 05:58:22,UK,mobile_app,travel,109.73,68.0,5,3,0,high value item,5,0,30,0,1,2022-06-24 06:08:30,44629.86666666667,,2,2,1950.4560000000001,1471.151081643997,-1.2512147956571575,0,0,0
862,1086,2022-10-26 06:54:56,UK,web,groceries,3564.91,78.0,5,3,0,No transaction note found,6,2,43,0,0,2022-07-25 05:58:22,133976.56666666668,,2,1,1950.4560000000001,1471.151081643997,1.0974087027117998,0,0,0
805,1086,2024-09-16 05:58:21,UK,pos_terminal,groceries,2946.03,38.0,4,2,0,first time merchant,5,0,38,0,1,2022-10-26 06:54:56,994983.4166666666,,2,2,1950.4560000000001,1471.151081643997,0.6767313108912347,0,0,0
1070,1087,2022-04-18 18:23:27,UK,web,luxury,3235.43,39.0,0,0,0,No transaction note found,18,0,16,0,0,,-1.0,,1,3,2964.146666666667,2500.151260213463,0.10850676823056324,0,0,0
986,1087,2022-04-18 19:37:36,UK,web,electronics,2661.8,71.0,0,1,0,overnight shipping,19,0,16,0,0,2022-04-18 18:23:27,74.15,,1,3,2964.146666666667,2500.151260213463,-0.1209313498259511,0,0,0
373,1087,2023-03-08 14:38:21,UK,pos_terminal,groceries,11.24,11.0,3,3,0,No transaction note found,14,2,10,0,0,2022-04-18 19:37:36,466260.75,,1,1,2964.146666666667,2500.151260213463,-1.181091205823502,0,0,0
417,1087,2023-10-08 07:23:42,UK,pos_terminal,electronics,4365.51,10.0,5,4,0,overnight shipping,7,6,40,1,0,2023-03-08 14:38:21,307725.35,,2,2,2964.146666666667,2500.151260213463,0.560511420102512,0,0,0
672,1087,2024-02-04 22:55:08,UK,mobile_app,electronics,6850.04,51.0,6,3,0,first time merchant,22,6,5,1,0,2023-10-08 07:23:42,172291.43333333332,,1,2,2964.146666666667,2500.151260213463,1.5542632940542787,0,0,0
697,1087,2024-10-07 07:45:28,UK,web,electronics,660.86,87.0,3,8,0,overnight shipping,7,0,41,0,0,2024-02-04 22:55:08,353330.3333333333,,2,3,2964.146666666667,2500.151260213463,-0.9212589267379016,0,0,0
791,1088,2022-02-09 17:51:05,AU,mobile_app,luxury,4615.53,82.0,4,8,0,overnight shipping,17,2,6,0,0,,-1.0,,2,3,3959.3840000000005,3520.890541520963,0.18635796604928132,0,0,0
216,1088,2022-02-10 13:07:22,AU,pos_terminal,groceries,3249.68,46.0,5,3,0,overnight shipping,13,3,6,0,0,2022-02-09 17:51:05,1156.2833333333333,,1,1,3959.3840000000005,3520.890541520963,-0.201569458530631,0,0,0
35,1088,2023-11-12 17:48:34,AU,mobile_app,groceries,1194.79,62.0,5,3,0,No transaction note found,17,6,45,1,0,2022-02-10 13:07:22,921881.2,,2,1,3959.3840000000005,3520.890541520963,-0.78519737191425,0,0,0
175,1088,2024-02-28 04:53:52,AU,pos_terminal,electronics,9671.86,70.0,6,3,0,overnight shipping,4,2,9,0,1,2023-11-12 17:48:34,154745.3,,1,3,3959.3840000000005,3520.890541520963,1.6224520281543064,0,0,0
974,1088,2024-05-01 07:00:09,JP,mobile_app,electronics,1065.06,59.0,3,2,1,overnight shipping,7,2,18,0,0,2024-02-28 04:53:52,90846.28333333334,,1,3,3959.3840000000005,3520.890541520963,-0.8220431637587073,1,0,0
1164,1089,2022-03-02 18:46:41,CN,pos_terminal,groceries,4453.57,67.0,4,3,0,repeat purchase,18,2,9,0,0,,-1.0,,1,1,3926.045,1868.5756298413912,0.2823139676956919,0,0,0
954,1089,2022-05-27 19:49:55,CN,pos_terminal,luxury,3119.95,60.0,5,2,0,VPN suspected,19,4,21,0,0,2022-03-02 18:46:41,123903.23333333334,,1,1,3926.045,1868.5756298413912,-0.43139543678434006,0,0,0
979,1089,2023-03-23 03:10:44,CN,pos_terminal,electronics,6245.68,33.0,6,3,0,new device,3,3,12,0,1,2022-05-27 19:49:55,431000.81666666665,,1,1,3926.045,1868.5756298413912,1.2413920865471717,0,0,0
968,1089,2024-10-15 05:47:43,CN,pos_terminal,groceries,1884.98,61.0,6,2,0,overnight shipping,5,1,42,0,1,2023-03-23 03:10:44,823836.9833333333,,1,1,3926.045,1868.5756298413912,-1.0923106174585238,0,0,0
1064,1090,2022-01-21 10:06:17,SG,web,electronics,526.23,16.0,3,3,0,first time merchant,10,4,3,0,0,,-1.0,,1,2,2902.364,1258.1193041063823,-1.888639648278604,1,0,0
549,1090,2022-05-10 20:03:33,SG,pos_terminal,groceries,4190.91,52.0,1,2,0,new device,20,1,19,0,0,2022-01-21 10:06:17,157557.26666666666,,2,3,2902.364,1258.1193041063823,1.0241842691661336,1,0,0
809,1090,2022-12-30 14:24:39,SG,web,travel,2807.87,26.0,0,1,0,first time merchant,14,4,52,0,0,2022-05-10 20:03:33,336621.1,,1,2,2902.364,1258.1193041063823,-0.07510734450348283,1,0,0
773,1090,2023-02-02 16:16:37,SG,pos_terminal,electronics,1110.17,23.0,5,3,0,first time merchant,16,3,5,0,0,2022-12-30 14:24:39,49071.96666666667,,1,1,2902.364,1258.1193041063823,-1.4245024252870522,1,0,0
931,1090,2023-05-01 20:59:13,DE,web,electronics,3150.2,49.0,4,2,0,repeat purchase,20,0,18,0,0,2023-02-02 16:16:37,127002.6,,2,1,2902.364,1258.1193041063823,0.19698926738592004,0,0,0
804,1090,2023-08-26 05:40:15,SG,web,travel,4233.87,38.0,1,0,0,repeat purchase,5,5,34,1,1,2023-05-01 20:59:13,167561.03333333333,,1,2,2902.364,1258.1193041063823,1.0583304744264637,1,0,0
925,1090,2024-04-09 01:24:11,SG,pos_terminal,gaming,3280.79,41.0,5,3,0,No transaction note found,1,1,15,0,1,2023-08-26 05:40:15,326623.93333333335,,1,3,2902.364,1258.1193041063823,0.3007870547450097,1,0,0
712,1090,2024-04-09 08:15:45,SG,web,luxury,2349.1,82.0,5,0,0,VPN suspected,8,1,15,0,0,2024-04-09 01:24:11,411.56666666666666,,2,3,2902.364,1258.1193041063823,-0.43975479765249514,1,0,0
71,1090,2024-06-09 08:40:50,US,pos_terminal,luxury,4005.68,13.0,4,4,0,high value item,8,6,23,1,0,2024-04-09 08:15:45,87865.08333333333,,2,1,2902.364,1258.1193041063823,0.8769565782822669,0,0,0
210,1090,2024-11-23 17:00:44,SG,web,gaming,3368.82,19.0,1,2,0,new device,17,5,47,1,0,2024-06-09 08:40:50,240979.9,,1,2,2902.364,1258.1193041063823,0.3707565717158396,1,0,0
120,1091,2022-01-20 15:08:12,JP,pos_terminal,travel,2046.26,66.0,0,1,0,first time merchant,15,3,3,0,0,,-1.0,,1,1,3981.9542857142856,1780.3074291694268,-1.08728091227331,1,0,0
125,1091,2022-05-10 17:25:13,CN,mobile_app,luxury,1418.68,26.0,3,9,0,No transaction note found,17,1,19,0,0,2022-01-20 15:08:12,158537.01666666666,,1,1,3981.9542857142856,1780.3074291694268,-1.4397930625443378,0,0,0
1156,1091,2022-09-18 20:05:33,JP,pos_terminal,groceries,3554.83,15.0,4,0,0,overnight shipping,20,6,37,1,0,2022-05-10 17:25:13,188800.33333333334,,1,1,3981.9542857142856,1780.3074291694268,-0.23991602726364708,1,0,0
1022,1091,2023-01-30 13:19:10,CN,mobile_app,luxury,6473.3,22.0,4,2,0,VPN suspected,13,0,5,0,0,2022-09-18 20:05:33,192553.61666666667,,1,3,3981.9542857142856,1780.3074291694268,1.399390730761603,0,0,0
442,1091,2023-02-11 03:12:18,JP,mobile_app,luxury,4505.09,35.0,5,0,0,No transaction note found,3,5,6,1,1,2023-01-30 13:19:10,16673.133333333335,,1,1,3981.9542857142856,1780.3074291694268,0.2938457177195373,1,0,0
263,1091,2023-10-02 10:52:12,JP,pos_terminal,travel,4614.0,82.0,6,3,0,high value item,10,0,40,0,0,2023-02-11 03:12:18,335979.9,,1,3,3981.9542857142856,1780.3074291694268,0.3550205452889589,1,0,0
1139,1091,2024-10-07 11:06:11,JP,mobile_app,gaming,5261.52,53.0,6,1,1,repeat purchase,11,0,41,0,0,2023-10-02 10:52:12,534253.9833333333,,1,3,3981.9542857142856,1780.3074291694268,0.7187330083111967,1,0,0
1130,1092,2022-04-18 07:24:51,US,pos_terminal,gaming,2517.61,90.0,5,3,0,No transaction note found,7,0,16,0,0,,-1.0,,1,3,2872.0922222222225,1514.8303137560013,-0.23400787467956627,0,0,0
850,1092,2023-07-25 09:31:09,US,pos_terminal,electronics,3251.78,47.0,6,3,0,high value item,9,1,30,0,0,2022-04-18 07:24:51,666846.3,,1,3,2872.0922222222225,1514.8303137560013,0.25064706873758485,0,0,0
1147,1092,2024-02-11 22:39:48,US,mobile_app,luxury,1463.39,22.0,3,0,0,first time merchant,22,6,6,1,0,2023-07-25 09:31:09,290228.65,,1,1,2872.0922222222225,1514.8303137560013,-0.929940607492442,0,0,0
197,1092,2024-03-05 15:58:29,US,web,gaming,4842.24,45.0,2,1,0,first time merchant,15,1,10,0,0,2024-02-11 22:39:48,32718.683333333334,,1,3,2872.0922222222225,1514.8303137560013,1.3005732456547048,0,0,0
518,1092,2024-04-15 18:34:55,US,web,travel,4162.18,70.0,2,1,0,high value item,18,0,16,0,0,2024-03-05 15:58:29,59196.433333333334,,1,3,2872.0922222222225,1514.8303137560013,0.8516384746612461,0,0,0
689,1092,2024-06-03 02:38:16,US,mobile_app,gaming,2254.39,31.0,2,1,0,No transaction note found,2,0,23,0,1,2024-04-15 18:34:55,69603.35,,1,3,2872.0922222222225,1514.8303137560013,-0.40776991100121196,0,0,0
885,1092,2024-06-15 08:33:48,US,web,gaming,757.77,61.0,4,3,0,new device,8,5,24,1,0,2024-06-03 02:38:16,17635.533333333333,,1,1,2872.0922222222225,1514.8303137560013,-1.3957485554799793,0,0,0
605,1092,2024-07-02 23:56:13,US,mobile_app,groceries,1665.73,43.0,5,1,0,VPN suspected,23,1,27,0,0,2024-06-15 08:33:48,25402.416666666668,,1,3,2872.0922222222225,1514.8303137560013,-0.7963678910221065,0,0,0
536,1092,2024-09-18 19:14:28,US,web,travel,4933.74,41.0,3,1,0,overnight shipping,19,2,38,0,0,2024-07-02 23:56:13,112038.25,,1,1,2872.0922222222225,1514.8303137560013,1.3609760506217687,0,0,0
944,1093,2022-04-07 05:10:52,MY,mobile_app,luxury,906.69,30.0,1,1,0,new device,5,3,14,0,1,,-1.0,,1,1,1951.5266666666666,2460.7303906675343,-0.42460428441460774,1,0,0
1039,1093,2022-10-18 02:20:03,MY,mobile_app,gaming,185.62,37.0,0,2,0,No transaction note found,2,1,42,0,1,2022-04-07 05:10:52,279189.18333333335,,1,1,1951.5266666666666,2460.7303906675343,-0.7176351677388032,1,0,0
449,1093,2024-07-07 20:45:07,US,mobile_app,luxury,4762.27,31.0,5,8,1,high value item,20,6,27,1,0,2022-10-18 02:20:03,905425.0666666667,,1,1,1951.5266666666666,2460.7303906675343,1.1422394521534112,0,0,0
493,1094,2022-01-11 22:55:03,US,web,electronics,1522.15,88.0,3,1,0,repeat purchase,22,1,2,0,0,,-1.0,,1,3,2181.57,1011.6563003428153,-0.6518221650737958,0,0,0
677,1094,2022-10-18 10:53:46,US,web,luxury,1978.29,14.0,2,0,0,high value item,10,1,42,0,0,2022-01-11 22:55:03,402478.7166666667,,1,3,2181.57,1011.6563003428153,-0.20093780855327611,0,0,0
861,1094,2023-06-27 16:11:19,US,pos_terminal,travel,1163.57,42.0,6,9,0,overnight shipping,16,1,26,0,0,2022-10-18 10:53:46,363197.55,,2,3,2181.57,1011.6563003428153,-1.0062706075719938,0,0,0
916,1094,2024-07-03 02:58:59,US,mobile_app,groceries,4078.41,32.0,4,2,0,high value item,2,2,27,0,1,2023-06-27 16:11:19,534887.6666666666,,1,1,2181.57,1011.6563003428153,1.8749846161756976,0,0,0
159,1094,2024-08-08 16:25:40,MY,web,luxury,2231.07,70.0,2,2,0,overnight shipping,16,3,32,0,0,2024-07-03 02:58:59,52646.683333333334,,2,1,2181.57,1011.6563003428153,0.048929661173687314,1,0,0
344,1094,2024-11-15 06:31:28,US,mobile_app,gaming,2115.93,57.0,3,6,0,high value item,6,4,46,0,0,2024-08-08 16:25:40,141965.8,,1,1,2181.57,1011.6563003428153,-0.06488369615032023,0,0,0
364,1095,2023-09-14 09:31:01,SG,web,travel,4684.17,46.0,6,0,0,No transaction note found,9,3,37,0,0,,-1.0,,1,2,4052.4466666666667,641.2743770928961,0.9851061509694794,1,0,0
214,1095,2024-01-18 12:17:28,SG,web,travel,4071.14,40.0,6,1,0,VPN suspected,12,3,3,0,0,2023-09-14 09:31:01,181606.45,,1,2,4052.4466666666667,641.2743770928961,0.029150288863989977,1,0,0
92,1095,2024-05-01 22:35:58,SG,pos_terminal,groceries,3402.03,20.0,4,0,0,No transaction note found,22,2,18,0,0,2024-01-18 12:17:28,150378.5,,1,1,4052.4466666666667,641.2743770928961,-1.0142564398334695,1,0,0
610,1096,2022-02-22 14:55:47,SG,web,luxury,2193.3,58.0,0,1,0,first time merchant,14,1,8,0,0,,-1.0,,2,2,2287.8175,1315.6971936673924,-0.07183833822472521,1,0,0
291,1096,2023-03-28 02:30:37,SG,mobile_app,luxury,3047.56,57.0,5,2,0,new device,2,1,13,0,1,2022-02-22 14:55:47,573814.8333333334,,2,2,2287.8175,1315.6971936673924,0.5774447978278977,1,0,0
198,1096,2023-04-02 16:25:22,SG,mobile_app,luxury,4435.97,27.0,1,2,0,overnight shipping,16,6,13,1,0,2023-03-28 02:30:37,8034.75,,1,2,2287.8175,1315.6971936673924,1.6327104065732712,1,0,0
1016,1096,2023-05-25 09:47:45,JP,web,luxury,25.14,83.0,4,0,0,repeat purchase,9,3,21,0,0,2023-04-02 16:25:22,75922.38333333333,,1,1,2287.8175,1315.6971936673924,-1.7197555112913039,1,0,0
161,1096,2023-12-16 14:16:13,SG,pos_terminal,travel,1986.37,75.0,6,2,0,repeat purchase,14,5,50,1,0,2023-05-25 09:47:45,295468.4666666667,,2,1,2287.8175,1315.6971936673924,-0.22911616856135517,1,0,0
846,1096,2023-12-27 03:49:59,SG,pos_terminal,luxury,3200.35,63.0,2,3,0,overnight shipping,3,2,52,0,1,2023-12-16 14:16:13,15213.766666666666,,1,1,2287.8175,1315.6971936673924,0.6935733422493623,1,0,0
124,1096,2024-07-14 02:40:50,SG,web,luxury,1391.85,57.0,3,0,0,repeat purchase,2,6,28,1,1,2023-12-27 03:49:59,287930.85,,2,2,2287.8175,1315.6971936673924,-0.6809830592574027,1,0,0
1041,1096,2024-09-02 23:23:48,SG,pos_terminal,luxury,2022.0,39.0,4,1,0,repeat purchase,23,0,36,0,0,2024-07-14 02:40:50,73242.96666666666,,1,1,2287.8175,1315.6971936673924,-0.20203546931574487,1,0,0
694,1097,2022-03-21 15:48:57,UK,mobile_app,travel,1227.7,90.0,3,2,0,repeat purchase,15,0,12,0,0,,-1.0,,1,1,2282.43,2313.5920557278855,-0.4558841725743082,0,0,0
645,1097,2023-02-26 22:07:59,UK,web,gaming,4935.44,57.0,3,1,0,overnight shipping,22,6,8,1,0,2022-03-21 15:48:57,492859.0333333333,,1,1,2282.43,2313.5920557278855,1.1467060467431147,0,0,0
410,1097,2024-08-07 09:29:18,UK,pos_terminal,luxury,684.15,29.0,0,2,0,VPN suspected,9,2,32,0,0,2023-02-26 22:07:59,759561.3166666667,,1,1,2282.43,2313.5920557278855,-0.6908218741688066,0,0,0
110,1098,2022-01-26 09:26:24,US,pos_terminal,travel,4890.89,31.0,1,2,0,new device,9,2,4,0,0,,-1.0,,1,3,2060.168,1800.205542839598,1.5724437752451823,0,0,0
65,1098,2022-06-17 11:14:01,US,web,luxury,688.86,70.0,1,3,1,repeat purchase,11,4,24,0,0,2022-01-26 09:26:24,204587.61666666667,,1,1,2060.168,1800.205542839598,-0.7617507930994002,0,0,0
639,1098,2023-09-20 00:51:57,US,mobile_app,electronics,943.22,33.0,2,1,0,VPN suspected,0,2,38,0,1,2022-06-17 11:14:01,661777.9333333333,,1,3,2060.168,1800.205542839598,-0.62045581652757,0,0,0
79,1098,2024-05-06 07:55:57,US,mobile_app,travel,949.98,75.0,2,0,0,new device,7,0,19,0,0,2023-09-20 00:51:57,330184.0,,1,1,2060.168,1800.205542839598,-0.6167006897716902,0,0,0
250,1098,2024-11-13 19:10:24,US,web,groceries,2827.89,29.0,1,0,0,No transaction note found,19,2,46,0,0,2024-05-06 07:55:57,275714.45,,1,3,2060.168,1800.205542839598,0.42646352415347794,0,0,0
1161,1099,2022-02-19 14:58:13,UK,mobile_app,luxury,1944.49,54.0,4,2,0,VPN suspected,14,5,7,1,0,,-1.0,,1,1,2763.73,1595.5143844121335,-0.5134645027358049,0,0,0
893,1099,2022-05-25 01:03:26,MY,pos_terminal,electronics,2142.94,80.0,4,3,1,high value item,1,2,21,0,1,2022-02-19 14:58:13,135965.21666666667,,1,2,2763.73,1595.5143844121335,-0.3890845523330896,1,0,0
732,1099,2023-01-18 15:29:42,AU,mobile_app,groceries,3726.66,94.0,6,10,0,overnight shipping,15,2,3,0,0,2022-05-25 01:03:26,343586.26666666666,,2,2,2763.73,1595.5143844121335,0.603523233264231,0,0,0
633,1099,2023-06-20 22:50:23,UK,mobile_app,luxury,4500.36,50.0,0,1,0,high value item,22,1,25,0,0,2023-01-18 15:29:42,220760.68333333332,,1,3,2763.73,1595.5143844121335,1.0884452167692993,0,0,0
643,1099,2023-09-19 15:50:49,UK,pos_terminal,luxury,209.12,49.0,5,1,0,first time merchant,15,1,38,0,0,2023-06-20 22:50:23,130620.43333333333,,2,3,2763.73,1595.5143844121335,-1.6011200055342936,0,0,0
881,1099,2024-02-04 00:30:04,UK,mobile_app,travel,3765.54,24.0,0,3,0,No transaction note found,0,6,5,1,1,2023-09-19 15:50:49,197799.25,,1,2,2763.73,1595.5143844121335,0.6278915500778242,0,0,0
803,1099,2024-02-20 23:39:21,UK,pos_terminal,electronics,625.0,79.0,5,2,0,first time merchant,23,1,8,0,0,2024-02-04 00:30:04,24429.283333333333,,1,3,2763.73,1595.5143844121335,-1.3404642545971241,0,0,0
1196,1099,2024-04-07 04:48:41,UK,mobile_app,electronics,4369.95,94.0,2,2,0,No transaction note found,4,6,14,1,1,2024-02-20 23:39:21,66549.33333333333,,1,2,2763.73,1595.5143844121335,1.0067098207903722,0,0,0
230,1099,2024-09-30 16:39:44,UK,web,gaming,3589.51,36.0,6,0,0,VPN suspected,16,0,40,0,0,2024-04-07 04:48:41,254151.05,,1,1,2763.73,1595.5143844121335,0.5175634942985854,0,0,0
148,1100,2022-03-08 05:38:20,CN,pos_terminal,travel,2481.43,19.0,2,0,0,high value item,5,1,10,0,1,,-1.0,,1,3,2094.1299999999997,1570.9634058729462,0.2465366147627016,0,0,0
1182,1100,2022-10-29 09:36:30,UK,web,travel,4447.2,94.0,0,1,0,repeat purchase,9,5,43,1,0,2022-03-08 05:38:20,338638.1666666667,,1,2,2094.1299999999997,1570.9634058729462,1.4978515675178674,0,0,0
237,1100,2022-10-31 04:21:05,UK,pos_terminal,electronics,1313.53,65.0,1,3,0,high value item,4,0,44,0,1,2022-10-29 09:36:30,2564.5833333333335,,2,1,2094.1299999999997,1570.9634058729462,-0.49689254191522003,0,0,0
906,1100,2022-11-29 04:36:05,UK,web,electronics,70.95,61.0,2,3,0,VPN suspected,4,1,48,0,1,2022-10-31 04:21:05,41775.0,,2,3,2094.1299999999997,1570.9634058729462,-1.2878594068050666,0,0,0
398,1100,2022-12-25 13:15:11,UK,pos_terminal,luxury,4554.25,82.0,5,1,0,high value item,13,6,51,1,0,2022-11-29 04:36:05,37959.1,,1,1,2094.1299999999997,1570.9634058729462,1.5659944660728564,0,0,0
920,1100,2022-12-27 23:01:38,UK,pos_terminal,luxury,1720.5,88.0,6,1,0,new device,23,1,52,0,0,2022-12-25 13:15:11,3466.45,,1,3,2094.1299999999997,1570.9634058729462,-0.2378349480345677,0,0,0
586,1100,2023-04-07 12:31:48,UK,mobile_app,groceries,888.96,78.0,6,1,0,first time merchant,12,4,14,0,0,2022-12-27 23:01:38,144810.16666666666,,1,2,2094.1299999999997,1570.9634058729462,-0.7671534521393361,0,0,0
499,1100,2024-03-15 03:14:46,UK,pos_terminal,gaming,855.97,91.0,4,0,0,high value item,3,4,11,0,1,2023-04-07 12:31:48,493362.9666666667,,2,2,2094.1299999999997,1570.9634058729462,-0.7881533047626811,0,0,0
990,1100,2024-12-07 03:05:11,UK,pos_terminal,electronics,2514.38,78.0,0,3,0,No transaction note found,3,5,49,1,1,2024-03-15 03:14:46,384470.4166666667,,2,2,2094.1299999999997,1570.9634058729462,0.267511005303448,0,0,0
736,1101,2022-01-05 13:03:04,JP,mobile_app,travel,2733.18,74.0,5,2,0,VPN suspected,13,2,1,0,0,,-1.0,,1,1,2732.2166666666667,1709.8997406416747,0.0005633858585016387,1,0,0
480,1101,2022-01-16 11:50:14,JP,mobile_app,gaming,4513.46,100.0,0,1,0,first time merchant,11,6,2,1,0,2022-01-05 13:03:04,15767.166666666666,,1,2,2732.2166666666667,1709.8997406416747,1.041723845554176,1,0,0
154,1101,2022-03-13 16:36:57,JP,pos_terminal,travel,4746.32,31.0,6,0,0,VPN suspected,16,6,10,1,0,2022-01-16 11:50:14,80926.71666666666,,1,2,2732.2166666666667,1709.8997406416747,1.1779072687486927,1,0,0
863,1101,2023-02-27 07:42:18,JP,pos_terminal,groceries,154.49,81.0,5,0,0,repeat purchase,7,0,9,0,0,2022-03-13 16:36:57,504905.35,,1,1,2732.2166666666667,1709.8997406416747,-1.5075308834770171,1,0,0
579,1101,2023-05-25 05:05:34,JP,pos_terminal,groceries,2156.07,68.0,1,6,0,new device,5,3,21,0,1,2023-02-27 07:42:18,125123.26666666666,,1,1,2732.2166666666667,1709.8997406416747,-0.33694763088884716,1,0,0
414,1101,2023-09-23 00:10:52,JP,web,electronics,2089.78,46.0,1,1,0,new device,0,5,38,1,1,2023-05-25 05:05:34,173945.3,,1,1,2732.2166666666667,1709.8997406416747,-0.3757159857955058,1,0,0
556,1102,2022-01-19 09:07:27,DE,pos_terminal,gaming,1858.79,28.0,5,2,0,VPN suspected,9,2,3,0,0,,-1.0,,1,1,1670.7411111111112,1304.0362388442986,0.14420526308037804,0,0,0
623,1102,2022-09-10 23:47:37,SG,web,luxury,1378.08,91.0,2,3,0,No transaction note found,23,5,36,1,0,2022-01-19 09:07:27,337840.1666666667,,2,2,1670.7411111111112,1304.0362388442986,-0.22442713046876828,1,0,0
487,1102,2023-01-31 08:11:12,DE,pos_terminal,gaming,515.37,85.0,6,3,0,first time merchant,8,1,5,0,0,2022-09-10 23:47:37,204983.58333333334,,1,2,1670.7411111111112,1304.0362388442986,-0.8859961684309158,0,0,0
400,1102,2023-02-03 12:02:00,DE,pos_terminal,groceries,3743.63,18.0,5,3,0,No transaction note found,12,4,5,0,0,2023-01-31 08:11:12,4550.8,,1,2,1670.7411111111112,1304.0362388442986,1.5895945428065599,0,0,0
927,1102,2023-04-15 18:53:46,DE,mobile_app,luxury,3652.76,15.0,2,1,0,overnight shipping,18,5,15,1,0,2023-02-03 12:02:00,102651.76666666666,,1,2,1670.7411111111112,1304.0362388442986,1.519910896529572,0,0,0
141,1102,2024-02-02 21:40:41,DE,pos_terminal,gaming,375.86,35.0,3,0,0,overnight shipping,21,4,5,0,0,2023-04-15 18:53:46,422086.9166666667,,1,2,1670.7411111111112,1304.0362388442986,-0.9929793916300201,0,0,0
1084,1102,2024-06-25 00:26:25,DE,web,electronics,815.13,11.0,6,1,0,first time merchant,0,1,26,0,1,2024-02-02 21:40:41,206085.73333333334,,1,2,1670.7411111111112,1304.0362388442986,-0.656125256050703,0,0,0
1047,1102,2024-09-01 13:44:08,DE,web,groceries,2156.76,70.0,3,0,0,first time merchant,13,6,35,1,0,2024-06-25 00:26:25,98717.71666666666,,1,1,1670.7411111111112,1304.0362388442986,0.3727035142210641,0,0,0
443,1102,2024-10-24 23:59:47,DE,mobile_app,groceries,540.29,29.0,0,1,0,VPN suspected,23,3,43,0,0,2024-09-01 13:44:08,76935.65,,2,1,1670.7411111111112,1304.0362388442986,-0.8668862700571672,0,0,0
1121,1103,2022-02-02 04:12:22,MY,web,gaming,136.84,35.0,0,0,0,overnight shipping,4,2,5,0,1,,-1.0,,1,3,2038.7875000000001,1582.8409824928292,-1.2016036487787976,1,0,0
725,1103,2022-04-16 18:19:51,MY,web,groceries,4222.6,41.0,1,2,0,first time merchant,18,5,15,1,0,2022-02-02 04:12:22,105967.48333333334,,1,1,2038.7875000000001,1582.8409824928292,1.379679022816743,1,0,0
1094,1103,2022-05-01 07:39:24,MY,mobile_app,electronics,3771.32,50.0,6,6,0,No transaction note found,7,6,17,1,0,2022-04-16 18:19:51,20959.55,,1,2,2038.7875000000001,1582.8409824928292,1.094571418836667,1,0,0
746,1103,2022-08-07 08:10:37,CN,web,gaming,3242.78,23.0,0,1,0,No transaction note found,8,6,31,1,0,2022-05-01 07:39:24,141151.21666666667,,1,2,2038.7875000000001,1582.8409824928292,0.7606528472012536,0,0,0
498,1103,2022-12-28 19:17:33,MY,pos_terminal,luxury,250.31,24.0,0,2,0,overnight shipping,19,2,52,0,0,2022-08-07 08:10:37,206586.93333333332,,1,3,2038.7875000000001,1582.8409824928292,-1.129916093771664,1,0,0
965,1103,2022-12-29 12:29:06,MY,pos_terminal,gaming,544.19,34.0,4,1,0,new device,12,3,52,0,0,2022-12-28 19:17:33,1031.55,,1,4,2038.7875000000001,1582.8409824928292,-0.9442499382636317,1,0,0
176,1103,2023-04-27 02:29:28,MY,mobile_app,electronics,2235.89,73.0,0,8,1,repeat purchase,2,3,17,0,1,2022-12-29 12:29:06,170760.36666666667,,1,4,2038.7875000000001,1582.8409824928292,0.12452451141970143,1,0,0
718,1103,2023-05-30 16:59:26,MY,mobile_app,groceries,1035.26,57.0,0,3,0,No transaction note found,16,1,22,0,0,2023-04-27 02:29:28,48389.96666666667,,1,2,2038.7875000000001,1582.8409824928292,-0.6340039909881133,1,0,0
1132,1103,2023-06-22 13:46:04,MY,mobile_app,gaming,2429.02,23.0,1,3,0,high value item,13,3,25,0,0,2023-05-30 16:59:26,32926.63333333333,,1,4,2038.7875000000001,1582.8409824928292,0.24653929504998,1,0,0
565,1103,2024-05-02 21:42:03,MY,pos_terminal,groceries,420.76,45.0,5,1,0,repeat purchase,21,3,18,0,0,2023-06-22 13:46:04,454075.98333333334,,1,4,2038.7875000000001,1582.8409824928292,-1.0222299762871665,1,0,0
669,1103,2024-08-07 14:28:09,MY,mobile_app,luxury,4366.94,58.0,5,10,0,new device,14,2,32,0,0,2024-05-02 21:42:03,139246.1,,1,3,2038.7875000000001,1582.8409824928292,1.4708694845223005,1,0,0
32,1103,2024-11-19 00:42:55,MY,mobile_app,electronics,1809.54,52.0,0,1,0,high value item,0,1,47,0,1,2024-08-07 14:28:09,148934.76666666666,,1,2,2038.7875000000001,1582.8409824928292,-0.14483293175727383,1,0,0
778,1104,2022-03-29 11:40:01,US,mobile_app,groceries,1978.09,15.0,0,1,0,repeat purchase,11,1,13,0,0,,-1.0,,1,2,2862.3059999999996,1124.102207087151,-0.7865975125973993,0,0,0
476,1104,2023-06-23 16:46:00,SG,pos_terminal,luxury,2892.31,34.0,4,3,0,No transaction note found,16,4,25,0,0,2022-03-29 11:40:01,649745.9833333333,,1,1,2862.3059999999996,1124.102207087151,0.02669152307577861,1,0,0
12,1104,2023-10-31 12:44:18,US,web,luxury,1896.35,32.0,2,0,0,No transaction note found,12,1,44,0,0,2023-06-23 16:46:00,186958.3,,1,2,2862.3059999999996,1124.102207087151,-0.859313320363501,0,0,0
328,1104,2024-01-15 21:42:56,US,pos_terminal,groceries,2855.3,25.0,6,2,1,first time merchant,21,0,3,0,0,2023-10-31 12:44:18,109978.63333333333,,1,1,2862.3059999999996,1124.102207087151,-0.006232529351715997,0,0,0
987,1104,2024-12-05 09:57:18,US,mobile_app,luxury,4689.48,48.0,6,3,0,first time merchant,9,3,49,0,0,2024-01-15 21:42:56,467294.36666666664,,1,1,2862.3059999999996,1124.102207087151,1.6254518392368391,0,0,0
346,1105,2022-07-13 14:42:46,DE,mobile_app,gaming,409.77,24.0,3,1,1,VPN suspected,14,2,28,0,0,,-1.0,,2,2,2541.336153846154,1530.6286849320768,-1.3926082627549505,0,0,0
1073,1105,2022-08-23 00:41:59,DE,mobile_app,gaming,4825.02,35.0,3,2,0,VPN suspected,0,1,34,0,1,2022-07-13 14:42:46,58199.21666666667,,2,2,2541.336153846154,1530.6286849320768,1.4919907542796293,0,0,0
103,1105,2022-10-09 20:14:04,DE,web,groceries,1866.63,95.0,3,8,0,repeat purchase,20,6,40,1,0,2022-08-23 00:41:59,68852.08333333333,,1,2,2541.336153846154,1530.6286849320768,-0.44080328592306156,0,0,0
604,1105,2022-11-07 04:37:19,DE,pos_terminal,electronics,1639.88,94.0,4,0,0,No transaction note found,4,0,45,0,1,2022-10-09 20:14:04,40823.25,,1,3,2541.336153846154,1530.6286849320768,-0.5889450280922685,0,0,0
956,1105,2023-03-24 01:09:37,DE,pos_terminal,travel,2180.02,29.0,1,2,0,repeat purchase,1,4,12,0,1,2022-11-07 04:37:19,197072.3,,1,1,2541.336153846154,1530.6286849320768,-0.2360573517294221,0,0,0
332,1105,2023-11-13 22:27:56,US,web,gaming,1759.93,80.0,3,0,0,VPN suspected,22,0,46,0,0,2023-03-24 01:09:37,338238.31666666665,,1,3,2541.336153846154,1530.6286849320768,-0.5105132038478879,0,0,0
463,1105,2023-11-22 14:50:41,DE,mobile_app,electronics,4405.9,32.0,0,3,0,first time merchant,14,2,47,0,0,2023-11-13 22:27:56,12502.75,,2,2,2541.336153846154,1530.6286849320768,1.2181686286877522,0,0,0
310,1105,2023-11-28 05:06:13,DE,web,groceries,2793.72,77.0,5,0,0,repeat purchase,5,1,48,0,1,2023-11-22 14:50:41,8055.533333333334,,1,2,2541.336153846154,1530.6286849320768,0.16488900844364193,0,0,0
275,1105,2024-02-24 07:42:28,DE,web,groceries,4209.32,43.0,0,3,0,high value item,7,5,8,1,0,2023-11-28 05:06:13,126876.25,,1,1,2541.336153846154,1530.6286849320768,1.0897377414744218,0,0,0
75,1105,2024-04-18 18:04:08,US,mobile_app,luxury,1723.23,80.0,1,1,0,repeat purchase,18,3,16,0,0,2024-02-24 07:42:28,78381.66666666667,,1,2,2541.336153846154,1530.6286849320768,-0.5344902796477111,0,0,0
1020,1105,2024-04-21 00:28:20,DE,pos_terminal,travel,1417.63,44.0,3,0,0,overnight shipping,0,6,16,1,1,2024-04-18 18:04:08,3264.2,,2,2,2541.336153846154,1530.6286849320768,-0.7341468018391538,0,0,0
245,1105,2024-04-22 09:28:47,DE,web,groceries,924.55,88.0,4,1,0,repeat purchase,9,0,17,0,0,2024-04-21 00:28:20,1980.45,,1,3,2541.336153846154,1530.6286849320768,-1.0562889417676768,0,0,0
494,1105,2024-07-04 21:07:33,DE,pos_terminal,luxury,4881.77,71.0,2,0,0,new device,21,3,27,0,0,2024-04-22 09:28:47,105818.76666666666,,1,2,2541.336153846154,1530.6286849320768,1.5290670227166856,0,0,0
738,1106,2022-11-28 13:13:46,AU,web,gaming,2712.06,18.0,1,0,1,No transaction note found,13,0,48,0,0,,-1.0,,2,1,3304.461111111111,1179.2618250285368,-0.5023490954578944,0,0,0
306,1106,2022-12-25 17:29:45,AU,web,luxury,1909.47,15.0,2,2,0,new device,17,6,51,1,0,2022-11-28 13:13:46,39135.98333333333,,1,1,3304.461111111111,1179.2618250285368,-1.182935868442408,0,0,0
1079,1106,2023-06-10 13:54:29,AU,mobile_app,groceries,4623.16,52.0,2,0,0,high value item,13,5,23,1,0,2022-12-25 17:29:45,240264.73333333334,,2,2,3304.461111111111,1179.2618250285368,1.118240971513665,0,0,0
199,1106,2023-11-08 23:07:30,AU,mobile_app,groceries,3236.65,41.0,4,1,1,first time merchant,23,2,45,0,0,2023-06-10 13:54:29,217993.01666666666,,1,2,3304.461111111111,1179.2618250285368,-0.0575030155915292,0,0,0
908,1106,2023-12-06 00:19:41,AU,web,luxury,4232.7,65.0,0,1,0,high value item,0,2,49,0,1,2023-11-08 23:07:30,38952.183333333334,,1,2,3304.461111111111,1179.2618250285368,0.7871355361362827,0,0,0
615,1106,2024-06-20 04:54:38,AU,web,gaming,4497.85,51.0,2,0,0,No transaction note found,4,3,25,0,1,2023-12-06 00:19:41,283954.95,,2,1,3304.461111111111,1179.2618250285368,1.011979582108503,0,0,0
305,1106,2024-06-25 09:10:51,AU,mobile_app,luxury,2936.31,52.0,6,2,0,No transaction note found,9,1,26,0,0,2024-06-20 04:54:38,7456.216666666666,,1,1,3304.461111111111,1179.2618250285368,-0.3121877629696038,0,0,0
1088,1106,2024-08-23 16:55:59,AU,pos_terminal,luxury,1356.13,24.0,5,0,0,overnight shipping,16,4,34,0,0,2024-06-25 09:10:51,85425.13333333333,,1,1,3304.461111111111,1179.2618250285368,-1.6521616063200923,0,0,0
99,1106,2024-12-21 04:24:15,AU,mobile_app,electronics,4235.82,34.0,3,0,0,No transaction note found,4,5,51,1,1,2024-08-23 16:55:59,172048.26666666666,,2,2,3304.461111111111,1179.2618250285368,0.7897812590230763,0,0,0
114,1107,2022-03-17 11:44:57,US,pos_terminal,electronics,1241.91,52.0,0,3,0,No transaction note found,11,3,11,0,0,,-1.0,,2,2,2344.8771428571426,1925.7326967612291,-0.5727519425266834,0,0,0
1037,1107,2022-08-06 00:11:51,US,web,travel,1760.14,74.0,1,2,0,new device,0,5,31,1,1,2022-03-17 11:44:57,203786.9,,1,1,2344.8771428571426,1925.7326967612291,-0.30364398124442493,0,0,0
143,1107,2023-02-13 20:56:51,US,pos_terminal,travel,4947.03,52.0,6,2,0,overnight shipping,20,0,7,0,0,2022-08-06 00:11:51,276285.0,,1,2,2344.8771428571426,1925.7326967612291,1.351253401637339,0,0,0
19,1107,2023-06-01 02:30:01,US,web,gaming,344.02,15.0,1,0,0,VPN suspected,2,3,22,0,1,2023-02-13 20:56:51,154413.16666666666,,1,2,2344.8771428571426,1925.7326967612291,-1.0390108379123753,0,0,0
1029,1107,2024-02-14 17:09:07,US,mobile_app,luxury,3023.4,30.0,4,0,0,overnight shipping,17,2,7,0,0,2023-06-01 02:30:01,372399.1,,1,1,2344.8771428571426,1925.7326967612291,0.3523452960444734,0,0,0
1027,1107,2024-03-04 11:59:44,US,web,groceries,383.87,66.0,3,3,0,No transaction note found,11,0,10,0,0,2024-02-14 17:09:07,27050.616666666665,,2,2,2344.8771428571426,1925.7326967612291,-1.0183174155765438,0,0,0
17,1107,2024-03-08 18:44:01,US,pos_terminal,luxury,4713.77,59.0,6,1,0,VPN suspected,18,4,10,0,0,2024-03-04 11:59:44,6164.283333333334,,1,1,2344.8771428571426,1925.7326967612291,1.2301254795782157,0,0,0
431,1108,2022-01-01 07:19:02,DE,pos_terminal,travel,2885.78,76.0,2,1,0,repeat purchase,7,5,52,1,0,,-1.0,,1,1,3116.667142857143,1650.2541227209983,-0.1399100536567349,0,0,0
860,1108,2022-06-05 04:46:07,MY,web,travel,3677.34,53.0,2,3,0,VPN suspected,4,6,22,1,1,2022-01-01 07:19:02,223047.08333333334,,1,2,3116.667142857143,1650.2541227209983,0.33974940551483035,1,0,0
513,1108,2022-10-31 00:18:29,DE,mobile_app,electronics,171.38,52.0,0,2,0,high value item,0,0,44,0,1,2022-06-05 04:46:07,212852.36666666667,,1,1,3116.667142857143,1650.2541227209983,-1.7847476351101899,0,0,0
754,1108,2023-05-30 22:51:17,DE,pos_terminal,luxury,4803.31,55.0,3,1,0,overnight shipping,22,1,22,0,0,2022-10-31 00:18:29,305192.8,,1,1,3116.667142857143,1650.2541227209983,1.022050382374964,0,0,0
337,1108,2023-06-09 02:06:35,DE,mobile_app,groceries,1772.15,95.0,4,8,0,overnight shipping,2,4,23,0,1,2023-05-30 22:51:17,13155.3,,1,1,3116.667142857143,1650.2541227209983,-0.8147333942970278,0,0,0
743,1108,2023-08-24 01:54:06,DE,mobile_app,groceries,4078.65,52.0,3,2,0,overnight shipping,1,3,34,0,1,2023-06-09 02:06:35,109427.51666666666,,1,1,3116.667142857143,1650.2541227209983,0.5829301341521299,0,0,0
574,1108,2024-03-17 17:04:22,DE,pos_terminal,travel,4428.06,40.0,2,0,0,repeat purchase,17,6,11,1,0,2023-08-24 01:54:06,297550.26666666666,,1,2,3116.667142857143,1650.2541227209983,0.7946611610220283,0,0,0
1078,1109,2022-04-13 09:31:54,UK,mobile_app,electronics,2278.6,76.0,1,3,0,No transaction note found,9,2,15,0,0,,-1.0,,1,1,2125.775,1147.725677123582,0.1331546405609816,0,0,0
129,1109,2023-10-07 04:15:17,UK,web,travel,3606.18,13.0,5,1,0,high value item,4,5,40,1,1,2022-04-13 09:31:54,780163.3833333333,,1,1,2125.775,1147.725677123582,1.2898596149823667,0,0,0
55,1109,2024-04-08 22:40:26,UK,mobile_app,electronics,860.19,68.0,2,0,0,first time merchant,22,0,15,0,0,2023-10-07 04:15:17,266065.15,,1,1,2125.775,1147.725677123582,-1.1026894537828897,0,0,0
693,1109,2024-09-06 20:39:37,UK,mobile_app,electronics,1758.13,70.0,3,0,0,overnight shipping,20,4,36,0,0,2024-04-08 22:40:26,217319.18333333332,,1,1,2125.775,1147.725677123582,-0.32032480176045897,0,0,0
995,1110,2022-07-05 11:40:18,SG,web,electronics,4304.01,40.0,4,2,0,VPN suspected,11,1,27,0,0,,-1.0,,1,2,4208.0375,673.5970663823149,0.14247760982012433,1,0,0
899,1110,2022-12-11 03:41:50,SG,pos_terminal,groceries,4534.61,25.0,3,2,0,No transaction note found,3,6,49,1,1,2022-07-05 11:40:18,228481.53333333333,,1,1,4208.0375,673.5970663823149,0.48481876821988096,1,0,0
638,1110,2023-06-01 15:05:11,SG,web,groceries,3236.48,52.0,4,0,0,No transaction note found,15,3,22,0,0,2022-12-11 03:41:50,248363.35,,1,1,4208.0375,673.5970663823149,-1.4423422376494903,1,0,0
799,1110,2023-08-15 17:55:01,SG,web,gaming,4757.05,39.0,4,2,0,new device,17,1,33,0,0,2023-06-01 15:05:11,108169.83333333333,,1,2,4208.0375,673.5970663823149,0.815045859609483,1,0,0
206,1111,2022-06-30 02:16:14,JP,pos_terminal,electronics,4653.49,52.0,5,0,0,high value item,2,3,26,0,1,,-1.0,,2,2,4961.394285714286,1309.2393157913175,-0.23517800145513149,1,0,0
1072,1111,2022-09-23 12:18:13,JP,pos_terminal,gaming,7862.21,32.0,3,3,0,high value item,12,4,38,0,0,2022-06-30 02:16:14,123001.98333333334,,1,1,4961.394285714286,1309.2393157913175,2.215649713003334,1,0,0
539,1111,2023-08-16 15:44:08,JP,pos_terminal,travel,4683.17,10.0,2,3,0,first time merchant,15,2,33,0,0,2022-09-23 12:18:13,471085.9166666667,,1,2,4961.394285714286,1309.2393157913175,-0.21250834920590814,1,0,0
268,1111,2023-12-07 02:37:00,JP,pos_terminal,luxury,4262.67,80.0,0,2,0,repeat purchase,2,3,49,0,1,2023-08-16 15:44:08,161932.86666666667,,2,2,4961.394285714286,1309.2393157913175,-0.5336872161465527,1,0,0
478,1111,2024-02-21 09:54:42,JP,mobile_app,gaming,4689.57,22.0,6,0,0,VPN suspected,9,2,8,0,0,2023-12-07 02:37:00,109877.7,,1,2,4961.394285714286,1309.2393157913175,-0.2076200144890948,1,0,0
327,1111,2024-05-14 20:57:02,JP,mobile_app,groceries,3948.56,80.0,6,3,1,repeat purchase,20,1,20,0,0,2024-02-21 09:54:42,120182.33333333333,,1,2,4961.394285714286,1309.2393157913175,-0.773605156443166,1,0,0
1131,1111,2024-08-27 11:32:10,JP,mobile_app,groceries,4630.09,65.0,0,1,0,first time merchant,11,1,35,0,0,2024-05-14 20:57:02,150635.13333333333,,1,2,4961.394285714286,1309.2393157913175,-0.25305097526348097,1,0,0
524,1112,2023-01-05 09:02:20,MY,pos_terminal,groceries,649.45,94.0,0,1,0,overnight shipping,9,3,1,0,0,,-1.0,,1,1,1454.286,1045.6786347733023,-0.7696781527667764,1,0,0
1087,1112,2023-01-24 00:23:16,SG,mobile_app,groceries,2563.64,94.0,6,1,0,No transaction note found,0,1,4,0,1,2023-01-05 09:02:20,26840.933333333334,,2,2,1454.286,1045.6786347733023,1.0608938187213723,1,0,0
227,1112,2023-01-31 00:44:24,MY,web,gaming,2427.03,47.0,3,1,0,VPN suspected,0,1,5,0,1,2023-01-24 00:23:16,10101.133333333333,,2,2,1454.286,1045.6786347733023,0.9302513866613389,1,0,0
385,1112,2023-02-03 20:37:58,MY,web,electronics,1421.22,43.0,2,1,0,No transaction note found,20,4,5,0,0,2023-01-31 00:44:24,5513.566666666667,,1,1,1454.286,1045.6786347733023,-0.03162156985943255,1,0,0
247,1112,2024-09-30 22:20:55,MY,web,luxury,210.09,58.0,3,0,0,No transaction note found,22,0,40,0,0,2023-02-03 20:37:58,871302.95,,1,1,1454.286,1045.6786347733023,-1.1898454827565024,1,0,0
470,1113,2022-10-15 03:36:31,DE,mobile_app,luxury,3098.8,66.0,6,2,0,first time merchant,3,5,41,1,1,,-1.0,,1,1,3632.3700000000003,741.2119246088961,-0.7198615973178533,0,0,0
13,1113,2023-03-14 16:30:50,SG,pos_terminal,electronics,3319.61,21.0,6,2,0,repeat purchase,16,1,11,0,0,2022-10-15 03:36:31,216774.31666666668,,1,1,3632.3700000000003,741.2119246088961,-0.42195759352499557,1,0,0
790,1113,2024-04-22 20:09:03,DE,web,gaming,4478.7,86.0,1,3,0,No transaction note found,20,0,17,0,0,2023-03-14 16:30:50,583418.2166666667,,1,1,3632.3700000000003,741.2119246088961,1.1418191908428477,0,0,0
1076,1114,2022-01-23 05:22:55,SG,pos_terminal,gaming,1893.12,63.0,0,3,0,No transaction note found,5,6,3,1,1,,-1.0,,1,2,3626.7457142857143,1198.3816621282783,-1.446639054211547,1,0,0
281,1114,2022-02-08 15:09:41,SG,web,luxury,3500.58,100.0,6,3,0,No transaction note found,15,1,6,0,0,2022-01-23 05:22:55,23626.766666666666,,1,3,3626.7457142857143,1198.3816621282783,-0.1052800775185837,1,0,0
1033,1114,2022-04-12 02:05:51,SG,web,groceries,4684.0,40.0,5,0,0,high value item,2,1,15,0,1,2022-02-08 15:09:41,89936.16666666667,,1,3,3626.7457142857143,1198.3816621282783,0.8822350334004978,1,0,0
641,1114,2022-08-27 21:35:04,SG,mobile_app,groceries,4088.11,61.0,0,3,0,high value item,21,5,34,1,0,2022-04-12 02:05:51,198449.21666666667,,1,1,3626.7457142857143,1198.3816621282783,0.38498944058850265,1,0,0
887,1114,2023-11-19 11:05:23,SG,web,luxury,4123.44,79.0,6,0,0,high value item,11,6,46,1,0,2022-08-27 21:35:04,645930.3166666667,,1,2,3626.7457142857143,1198.3816621282783,0.41447086634501396,1,0,0
95,1114,2024-02-13 12:05:43,SG,pos_terminal,gaming,4964.24,26.0,1,0,0,high value item,12,1,7,0,0,2023-11-19 11:05:23,123900.33333333333,,1,3,3626.7457142857143,1198.3816621282783,1.116083738580369,1,0,0
933,1114,2024-07-10 09:56:05,SG,web,luxury,2133.73,42.0,0,1,0,VPN suspected,9,2,28,0,0,2024-02-13 12:05:43,212990.36666666667,,1,1,3626.7457142857143,1198.3816621282783,-1.245859947184253,1,0,0
284,1115,2022-02-03 01:21:03,US,pos_terminal,luxury,1059.18,76.0,5,1,0,No transaction note found,1,3,5,0,1,,-1.0,,3,5,3480.907272727273,2820.298311814269,-0.858677701781625,0,0,0
1141,1115,2022-02-10 07:26:12,US,pos_terminal,gaming,1339.64,52.0,0,2,0,high value item,7,3,6,0,0,2022-02-03 01:21:03,10445.15,,1,5,3480.907272727273,2820.298311814269,-0.7592343206239831,0,0,0
58,1115,2022-03-19 01:23:53,US,pos_terminal,electronics,2535.83,80.0,5,3,0,new device,1,5,11,1,1,2022-02-10 07:26:12,52917.683333333334,,3,2,3480.907272727273,2820.298311814269,-0.3350983365016144,0,0,0
371,1115,2022-03-27 00:52:29,DE,pos_terminal,groceries,9667.53,86.0,5,2,0,No transaction note found,0,6,12,1,1,2022-03-19 01:23:53,11488.6,,1,2,3480.907272727273,2820.298311814269,2.193605797428194,0,0,0
150,1115,2022-05-31 01:18:01,US,web,electronics,4439.77,19.0,0,3,0,high value item,1,1,22,0,1,2022-03-27 00:52:29,93625.53333333334,,3,1,3480.907272727273,2820.298311814269,0.33998627849261137,0,0,0
695,1115,2023-03-20 19:26:06,US,web,travel,3904.39,66.0,1,3,0,high value item,19,0,12,0,0,2022-05-31 01:18:01,423008.0833333333,,1,1,3480.907272727273,2820.298311814269,0.1501552958063876,0,0,0
365,1115,2023-11-23 12:30:53,US,pos_terminal,groceries,2524.31,67.0,1,2,0,first time merchant,12,3,47,0,0,2023-03-20 19:26:06,356704.7833333333,,1,5,3480.907272727273,2820.298311814269,-0.3391830107900549,0,0,0
843,1115,2023-12-31 16:32:47,JP,pos_terminal,gaming,58.66,13.0,0,2,0,No transaction note found,16,6,52,1,0,2023-11-23 12:30:53,54961.9,,3,2,3480.907272727273,2820.298311814269,-1.2134345003120526,1,0,0
474,1115,2024-05-09 16:13:42,US,web,electronics,4508.31,48.0,2,3,0,new device,16,3,19,0,0,2023-12-31 16:32:47,187180.91666666666,,3,5,3480.907272727273,2820.298311814269,0.36428867221914907,0,0,0
418,1115,2024-08-31 16:26:42,US,pos_terminal,gaming,6801.03,51.0,1,3,0,overnight shipping,16,5,35,1,0,2024-05-09 16:13:42,164173.0,,3,2,3480.907272727273,2820.298311814269,1.1772239529998252,0,0,0
1136,1115,2024-12-12 20:34:41,US,mobile_app,travel,1451.33,16.0,0,1,0,high value item,20,3,50,0,0,2024-08-31 16:26:42,148567.98333333334,,1,5,3480.907272727273,2820.298311814269,-0.719632126936837,0,0,0
598,1116,2022-01-02 08:48:26,DE,mobile_app,groceries,2416.92,92.0,6,2,0,overnight shipping,8,6,52,1,0,,-1.0,,1,2,2409.54,1388.9464312536243,0.005313379864001758,0,0,0
290,1116,2022-03-30 03:47:03,SG,web,electronics,581.21,66.0,2,2,0,new device,3,2,13,0,1,2022-01-02 08:48:26,124978.61666666667,,1,4,2409.54,1388.9464312536243,-1.3163430632452833,1,0,0
829,1116,2022-08-31 04:17:12,DE,mobile_app,travel,1834.09,26.0,0,0,0,repeat purchase,4,2,35,0,1,2022-03-30 03:47:03,221790.15,,2,4,2409.54,1388.9464312536243,-0.414306835059589,0,0,0
1113,1116,2022-11-22 04:01:20,DE,mobile_app,electronics,4759.91,45.0,5,0,0,high value item,4,1,47,0,1,2022-08-31 04:17:12,119504.13333333333,,2,1,2409.54,1388.9464312536243,1.692196291457131,0,0,0
1056,1116,2022-12-07 17:41:19,DE,web,travel,3117.52,57.0,34,3,1,high value item,17,2,49,0,0,2022-11-22 04:01:20,22419.983333333334,,2,4,2409.54,1388.9464312536243,0.5097244818585243,0,0,0
483,1116,2024-01-04 05:15:41,DE,mobile_app,groceries,1227.03,58.0,5,0,0,high value item,5,3,1,0,1,2022-12-07 17:41:19,565174.3666666667,,1,1,2409.54,1388.9464312536243,-0.8513719272331471,0,0,0
347,1116,2024-07-10 19:51:16,DE,web,groceries,3735.4,23.0,22,0,0,high value item,19,2,28,0,0,2024-01-04 05:15:41,271595.5833333333,,1,4,2409.54,1388.9464312536243,0.9545796512852666,0,0,0
688,1116,2024-08-25 17:10:23,DE,mobile_app,travel,1604.24,62.0,3,2,0,high value item,17,6,34,1,0,2024-07-10 19:51:16,66079.11666666667,,2,2,2409.54,1388.9464312536243,-0.579791978926904,0,0,0
242,1117,2022-02-14 01:15:59,CN,mobile_app,luxury,785.87,55.0,2,2,0,No transaction note found,1,0,7,0,1,,-1.0,,1,4,2528.4049999999997,1659.9671847203806,-1.0497406310435755,0,0,0
922,1117,2022-04-04 16:11:24,CN,web,travel,4148.99,14.0,3,3,0,No transaction note found,16,0,14,0,0,2022-02-14 01:15:59,71455.41666666667,,1,4,2528.4049999999997,1659.9671847203806,0.9762753233420006,0,0,0
1149,1117,2022-10-23 07:41:30,CN,pos_terminal,travel,135.85,31.0,5,10,0,VPN suspected,7,6,42,1,0,2022-04-04 16:11:24,290370.1,,1,2,2528.4049999999997,1659.9671847203806,-1.4413266852639757,0,0,0
426,1117,2022-12-02 18:08:28,CN,mobile_app,groceries,4021.99,93.0,5,0,0,new device,18,4,48,0,0,2022-10-23 07:41:30,58226.96666666667,,1,1,2528.4049999999997,1659.9671847203806,0.8997677868262152,0,0,0
841,1117,2022-12-18 03:05:26,CN,web,electronics,3302.54,79.0,6,2,0,first time merchant,3,6,50,1,1,2022-12-02 18:08:28,22136.966666666667,,1,2,2528.4049999999997,1659.9671847203806,0.4663556045720279,0,0,0
404,1117,2023-03-27 02:42:52,CN,pos_terminal,gaming,4427.41,86.0,0,1,0,overnight shipping,2,0,13,0,1,2022-12-18 03:05:26,142537.43333333332,,1,4,2528.4049999999997,1659.9671847203806,1.1440015305603075,0,0,0
302,1117,2023-10-18 04:00:47,CN,pos_terminal,gaming,1478.49,83.0,6,3,0,VPN suspected,4,2,42,0,1,2023-03-27 02:42:52,295277.9166666667,,1,1,2528.4049999999997,1659.9671847203806,-0.6324914189052819,0,0,0
877,1117,2024-09-23 14:18:45,CN,pos_terminal,groceries,1926.1,19.0,5,1,0,first time merchant,14,0,39,0,0,2023-10-18 04:00:47,491657.9666666667,,1,4,2528.4049999999997,1659.9671847203806,-0.3628415100877174,0,0,0
992,1118,2022-01-25 21:20:12,SG,mobile_app,electronics,608.57,84.0,1,1,0,overnight shipping,21,1,4,0,0,,-1.0,,1,2,2499.032857142857,1189.0997696305146,-1.589826947599422,1,0,0
117,1118,2023-04-20 12:40:11,SG,pos_terminal,luxury,3687.2,67.0,24,1,0,No transaction note found,12,3,16,0,0,2022-01-25 21:20:12,647479.9833333333,,2,1,2499.032857142857,1189.0997696305146,0.9992156866924111,1,0,0
582,1118,2023-10-14 03:14:14,SG,mobile_app,groceries,1439.87,68.0,5,3,0,overnight shipping,3,5,41,1,1,2023-04-20 12:40:11,254314.05,,1,1,2499.032857142857,1189.0997696305146,-0.8907266523749877,1,0,0
940,1118,2023-11-14 12:55:22,SG,pos_terminal,luxury,2912.17,70.0,4,0,0,repeat purchase,12,1,46,0,0,2023-10-14 03:14:14,45221.13333333333,,2,2,2499.032857142857,1189.0997696305146,0.347436904294007,1,0,0
703,1118,2023-12-01 09:53:34,SG,mobile_app,luxury,1931.08,85.0,5,1,0,VPN suspected,9,4,48,0,0,2023-11-14 12:55:22,24298.2,,1,2,2499.032857142857,1189.0997696305146,-0.4776326357537985,1,0,0
583,1118,2024-10-18 06:34:44,SG,mobile_app,gaming,3303.83,20.0,4,0,0,overnight shipping,6,4,42,0,0,2023-12-01 09:53:34,463481.1666666667,,1,2,2499.032857142857,1189.0997696305146,0.6768121257875737,1,0,0
589,1118,2024-10-21 20:07:51,SG,mobile_app,groceries,3610.51,14.0,3,3,1,VPN suspected,20,0,43,0,0,2024-10-18 06:34:44,5133.116666666667,,1,1,2499.032857142857,1189.0997696305146,0.9347215189542161,1,0,0
584,1119,2022-03-02 04:39:37,AU,mobile_app,travel,4979.13,46.0,3,3,0,first time merchant,4,2,9,0,1,,-1.0,,1,2,2467.0350000000003,2010.6321896884233,1.2494055416417487,0,0,0
1,1119,2022-04-21 21:41:41,AU,mobile_app,gaming,547.24,78.0,3,3,0,VPN suspected,21,3,16,0,0,2022-03-02 04:39:37,73022.06666666667,,1,1,2467.0350000000003,2010.6321896884233,-0.9548215779324116,0,0,0
566,1119,2022-06-26 18:59:29,AU,web,groceries,929.11,12.0,6,2,0,new device,18,6,25,1,0,2022-04-21 21:41:41,94877.8,,1,3,2467.0350000000003,2010.6321896884233,-0.7648962390472441,0,0,0
676,1119,2022-10-30 14:40:24,AU,pos_terminal,luxury,539.62,45.0,4,1,0,repeat purchase,14,6,43,1,0,2022-06-26 18:59:29,181180.91666666666,,1,3,2467.0350000000003,2010.6321896884233,-0.9586114307155709,0,0,0
508,1119,2023-12-27 13:29:26,JP,web,travel,3834.08,27.0,2,2,0,first time merchant,13,2,52,0,0,2022-10-30 14:40:24,609049.0333333333,,2,2,2467.0350000000003,2010.6321896884233,0.679908044350888,1,0,0
292,1119,2024-07-28 13:10:48,AU,mobile_app,travel,3973.03,31.0,4,0,0,No transaction note found,13,6,30,1,0,2023-12-27 13:29:26,308141.36666666664,,2,3,2467.0350000000003,2010.6321896884233,0.749015661702589,0,0,0
766,1120,2022-03-24 16:27:29,SG,pos_terminal,electronics,6306.43,54.0,0,2,0,first time merchant,16,3,12,0,0,,-1.0,,1,1,3426.006,2025.4515792733487,1.4221144704102884,1,0,0
224,1120,2023-01-07 06:57:53,SG,mobile_app,electronics,3840.96,66.0,0,0,0,VPN suspected,6,5,1,1,0,2022-03-24 16:27:29,415590.4,,1,1,3426.006,2025.4515792733487,0.2048698691424009,1,0,0
724,1120,2023-06-13 18:35:35,SG,pos_terminal,gaming,1633.34,85.0,2,1,0,VPN suspected,18,1,24,0,0,2023-01-07 06:57:53,226777.7,,1,1,3426.006,2025.4515792733487,-0.8850697880633301,1,0,0
662,1120,2024-02-18 12:02:44,SG,pos_terminal,luxury,4015.93,64.0,2,2,0,VPN suspected,12,6,7,1,0,2023-06-13 18:35:35,359607.15,,1,1,3426.006,2025.4515792733487,0.2912555432263857,1,0,0
144,1120,2024-12-20 11:49:37,SG,web,groceries,1333.37,17.0,1,3,0,No transaction note found,11,4,51,0,0,2024-02-18 12:02:44,440626.88333333336,,1,1,3426.006,2025.4515792733487,-1.0331700947157445,1,0,0
560,1121,2022-01-01 10:04:57,SG,pos_terminal,luxury,2358.97,25.0,3,3,0,No transaction note found,10,5,52,1,0,,-1.0,,1,4,2803.8185714285714,1412.162652862131,-0.31501227604834703,1,0,0
308,1121,2022-09-02 11:32:46,MY,mobile_app,groceries,731.54,27.0,0,3,0,repeat purchase,11,4,35,0,0,2022-01-01 10:04:57,351447.81666666665,,1,1,2803.8185714285714,1412.162652862131,-1.46745034449717,1,0,0
461,1121,2022-10-01 03:03:58,MY,web,gaming,4176.43,52.0,6,1,0,new device,3,5,39,1,1,2022-09-02 11:32:46,41251.2,,1,4,2803.8185714285714,1412.162652862131,0.9719924442056722,1,0,0
1080,1121,2022-12-08 18:53:07,MY,pos_terminal,gaming,3487.82,52.0,2,2,0,repeat purchase,18,3,49,0,0,2022-10-01 03:03:58,98869.15,,1,1,2803.8185714285714,1412.162652862131,0.4843644796759879,1,0,0
577,1121,2023-11-18 17:23:07,MY,mobile_app,travel,4351.7,10.0,5,1,0,No transaction note found,17,5,46,1,0,2022-12-08 18:53:07,496710.0,,1,4,2803.8185714285714,1412.162652862131,1.0961070422264931,1,0,0
316,1121,2024-01-23 05:00:43,MY,web,luxury,3293.08,28.0,5,0,0,new device,5,1,4,0,1,2023-11-18 17:23:07,94297.6,,1,1,2803.8185714285714,1412.162652862131,0.346462518024965,1,0,0
367,1121,2024-10-26 00:07:42,SG,web,gaming,1227.19,84.0,6,2,1,No transaction note found,0,5,43,1,1,2024-01-23 05:00:43,398586.98333333334,,1,4,2803.8185714285714,1412.162652862131,-1.1164638635876014,1,0,0
573,1122,2022-11-23 11:06:30,AU,mobile_app,groceries,3342.52,41.0,0,2,0,No transaction note found,11,2,47,0,0,,-1.0,,1,3,2736.6257142857144,1509.2313328469675,0.40145885692112243,0,0,0
1050,1122,2023-03-07 12:47:53,AU,pos_terminal,groceries,3531.13,92.0,0,0,0,high value item,12,1,10,0,0,2022-11-23 11:06:30,149861.38333333333,,1,2,2736.6257142857144,1509.2313328469675,0.5264297582634714,0,0,0
424,1122,2023-03-18 15:18:45,MY,mobile_app,groceries,1053.85,38.0,0,1,0,overnight shipping,15,5,11,1,0,2023-03-07 12:47:53,15990.866666666667,,1,1,2736.6257142857144,1509.2313328469675,-1.1149885890000562,1,0,0
221,1122,2023-09-06 00:49:27,AU,pos_terminal,groceries,2741.51,81.0,1,3,0,repeat purchase,0,2,36,0,1,2023-03-18 15:18:45,246810.7,,1,3,2736.6257142857144,1509.2313328469675,0.003236273729536403,0,0,0
194,1122,2024-08-05 14:22:49,AU,pos_terminal,electronics,3033.53,52.0,1,0,0,No transaction note found,14,0,32,0,0,2023-09-06 00:49:27,481773.36666666664,,1,1,2736.6257142857144,1509.2313328469675,0.19672549810784457,0,0,0
603,1122,2024-08-20 01:49:42,AU,pos_terminal,luxury,4934.66,17.0,5,2,0,VPN suspected,1,1,34,0,1,2024-08-05 14:22:49,20846.883333333335,,1,2,2736.6257142857144,1509.2313328469675,1.4563932234086219,0,0,0
858,1122,2024-08-28 09:25:08,AU,pos_terminal,electronics,519.18,52.0,6,2,0,No transaction note found,9,2,35,0,0,2024-08-20 01:49:42,11975.433333333332,,1,3,2736.6257142857144,1509.2313328469675,-1.4692550214305407,0,0,0
726,1123,2022-05-16 10:59:56,JP,mobile_app,luxury,2366.4,57.0,1,3,0,new device,10,0,20,0,0,,-1.0,,2,2,2705.927272727273,1084.5016013131662,-0.31307217279915206,1,0,0
741,1123,2022-05-18 23:14:53,JP,mobile_app,travel,1936.99,35.0,0,0,1,high value item,23,2,20,0,0,2022-05-16 10:59:56,3614.95,,1,3,2705.927272727273,1084.5016013131662,-0.7090236397956508,1,0,0
409,1123,2022-06-13 11:25:24,JP,mobile_app,luxury,3674.91,71.0,3,0,0,first time merchant,11,0,24,0,0,2022-05-18 23:14:53,36730.51666666667,,1,2,2705.927272727273,1084.5016013131662,0.8934820622666085,1,0,0
282,1123,2022-09-06 18:34:59,AU,pos_terminal,gaming,3161.73,21.0,6,0,0,No transaction note found,18,1,36,0,0,2022-06-13 11:25:24,122829.58333333333,,1,3,2705.927272727273,1084.5016013131662,0.4202877402124806,0,0,0
202,1123,2022-09-24 19:34:52,JP,pos_terminal,luxury,1852.52,77.0,6,3,0,No transaction note found,19,5,38,1,0,2022-09-06 18:34:59,25979.883333333335,,1,1,2705.927272727273,1084.5016013131662,-0.7869119526369778,1,0,0
257,1123,2022-11-15 20:29:57,JP,mobile_app,luxury,2070.35,76.0,5,0,0,No transaction note found,20,1,46,0,0,2022-09-24 19:34:52,74935.08333333333,,1,3,2705.927272727273,1084.5016013131662,-0.5860547111757932,1,0,0
420,1123,2023-05-09 07:13:10,JP,pos_terminal,electronics,4966.81,51.0,6,2,0,high value item,7,1,19,0,0,2022-11-15 20:29:57,251203.21666666667,,1,3,2705.927272727273,1084.5016013131662,2.084720506207776,1,0,0
1128,1123,2023-11-10 10:55:05,JP,mobile_app,luxury,1945.63,66.0,4,0,0,repeat purchase,10,4,45,0,0,2023-05-09 07:13:10,266621.9166666667,,2,1,2705.927272727273,1084.5016013131662,-0.701056846579727,1,0,0
64,1123,2024-01-31 17:59:06,JP,pos_terminal,electronics,3815.82,75.0,3,1,0,repeat purchase,17,2,5,0,0,2023-11-10 10:55:05,118504.01666666666,,1,3,2705.927272727273,1084.5016013131662,1.023412714124918,1,0,0
515,1123,2024-02-11 15:38:42,JP,pos_terminal,travel,2627.64,51.0,4,3,1,high value item,15,6,6,1,0,2024-01-31 17:59:06,15699.6,,1,1,2705.927272727273,1084.5016013131662,-0.07218732792324047,1,0,0
807,1123,2024-09-18 05:03:12,JP,pos_terminal,gaming,1346.4,56.0,2,2,0,overnight shipping,5,2,38,0,1,2024-02-11 15:38:42,316164.5,,1,3,2705.927272727273,1084.5016013131662,-1.2535963719012422,1,0,0
594,1124,2022-12-13 16:30:11,MY,mobile_app,electronics,324.7,36.0,2,0,0,No transaction note found,16,1,50,0,0,,-1.0,,1,1,440.6933333333333,116.80325452203734,-0.9930659364585497,1,0,0
348,1124,2023-09-13 19:52:39,MY,pos_terminal,luxury,439.09,34.0,0,1,0,high value item,19,2,37,0,0,2022-12-13 16:30:11,394762.4666666667,,1,2,440.6933333333333,116.80325452203734,-0.013726786465790225,1,0,0
630,1124,2023-12-20 10:51:28,MY,web,groceries,558.29,74.0,4,1,0,new device,10,2,51,0,0,2023-09-13 19:52:39,140578.81666666668,,1,2,440.6933333333333,116.80325452203734,1.0067927229243394,1,0,0
421,1125,2022-07-05 22:21:55,US,pos_terminal,travel,1716.79,58.0,6,3,0,repeat purchase,22,1,27,0,0,,-1.0,,2,1,1768.6049999999998,1056.4550240795443,-0.049046101177042147,0,0,0
323,1125,2022-07-24 22:43:13,US,pos_terminal,gaming,1498.3,35.0,6,0,0,overnight shipping,22,6,29,1,0,2022-07-05 22:21:55,27381.3,,2,2,1768.6049999999998,1056.4550240795443,-0.2558603952264868,0,0,0
1051,1125,2022-08-07 13:10:03,US,web,travel,1860.37,52.0,4,2,0,VPN suspected,13,6,31,1,0,2022-07-24 22:43:13,19586.833333333332,,1,2,1768.6049999999998,1056.4550240795443,0.08686124625130354,0,0,0
696,1125,2022-12-23 14:18:54,US,mobile_app,travel,549.26,19.0,3,3,0,new device,14,4,51,0,0,2022-08-07 13:10:03,198788.85,,1,1,1768.6049999999998,1056.4550240795443,-1.1541854335563186,0,0,0
988,1125,2023-11-04 20:45:36,US,pos_terminal,groceries,3709.74,16.0,0,3,0,high value item,20,5,44,1,0,2022-12-23 14:18:54,455426.7,,1,1,1768.6049999999998,1056.4550240795443,1.8374042962134136,0,0,0
611,1125,2024-01-04 23:20:26,US,web,travel,1277.17,68.0,3,3,0,overnight shipping,23,3,1,0,0,2023-11-04 20:45:36,87994.83333333333,,1,1,1768.6049999999998,1056.4550240795443,-0.46517361250486877,0,0,0
340,1126,2022-03-25 14:22:45,AU,mobile_app,luxury,3599.1,54.0,6,1,0,first time merchant,14,4,12,0,0,,-1.0,,2,2,2707.548666666667,1273.2212031587871,0.7002328669373761,0,0,0
492,1126,2022-04-07 12:19:44,JP,pos_terminal,electronics,4688.58,38.0,0,2,0,new device,12,3,14,0,0,2022-03-25 14:22:45,18596.983333333334,,1,2,2707.548666666667,1273.2212031587871,1.5559207845569256,1,0,0
1009,1126,2022-08-16 18:10:35,AU,web,luxury,2274.49,62.0,1,2,0,new device,18,1,33,0,0,2022-04-07 12:19:44,188990.85,,1,4,2707.548666666667,1273.2212031587871,-0.34012838114247085,0,0,0
1055,1126,2023-01-05 17:55:05,AU,pos_terminal,electronics,1111.82,48.0,4,0,0,VPN suspected,17,3,1,0,0,2022-08-16 18:10:35,204464.5,,1,2,2707.548666666667,1273.2212031587871,-1.2533004184251393,0,0,0
454,1126,2023-01-07 14:11:52,AU,web,travel,3647.67,12.0,1,1,0,new device,14,5,1,1,0,2023-01-05 17:55:05,2656.7833333333333,,2,3,2707.548666666667,1273.2212031587871,0.7383802052627989,0,0,0
1075,1126,2023-01-22 05:19:44,AU,web,gaming,2227.04,44.0,3,2,0,No transaction note found,5,6,3,1,1,2023-01-07 14:11:52,21067.866666666665,,2,3,2707.548666666667,1273.2212031587871,-0.3773960608530185,0,0,0
384,1126,2023-03-26 00:40:14,AU,mobile_app,travel,2404.25,52.0,3,1,1,repeat purchase,0,6,12,1,1,2023-01-22 05:19:44,90440.5,,1,3,2707.548666666667,1273.2212031587871,-0.2382136473333941,0,0,0
543,1126,2023-06-23 02:55:08,US,mobile_app,electronics,1112.99,30.0,2,0,0,repeat purchase,2,4,25,0,1,2023-03-26 00:40:14,128294.9,,2,2,2707.548666666667,1273.2212031587871,-1.2523814893363858,0,0,0
23,1126,2023-10-28 05:31:13,AU,mobile_app,gaming,2981.18,81.0,1,3,0,high value item,5,5,43,1,1,2023-06-23 02:55:08,183036.08333333334,,2,3,2707.548666666667,1273.2212031587871,0.214912642559258,0,0,0
952,1126,2024-03-05 23:16:15,AU,mobile_app,groceries,1804.22,28.0,1,2,0,high value item,23,1,10,0,0,2023-10-28 05:31:13,186825.03333333333,,1,4,2707.548666666667,1273.2212031587871,-0.7094828961578409,0,0,0
625,1126,2024-06-04 13:03:40,AU,mobile_app,gaming,3201.69,95.0,2,0,0,first time merchant,13,1,23,0,0,2024-03-05 23:16:15,130427.41666666667,,1,4,2707.548666666667,1273.2212031587871,0.38810328645752784,0,0,0
30,1126,2024-06-15 02:38:02,AU,pos_terminal,gaming,130.3,83.0,0,2,0,new device,2,5,24,1,1,2024-06-04 13:03:40,15214.366666666667,,2,3,2707.548666666667,1273.2212031587871,-2.02419552884657,0,0,0
80,1126,2024-08-21 09:34:00,AU,mobile_app,groceries,3637.81,56.0,0,1,0,VPN suspected,9,2,34,0,0,2024-06-15 02:38:02,96895.96666666666,,1,1,2707.548666666667,1273.2212031587871,0.7306360678139895,0,0,0
121,1126,2024-11-12 03:36:07,AU,pos_terminal,gaming,3784.17,66.0,3,1,0,VPN suspected,3,1,46,0,1,2024-08-21 09:34:00,119162.11666666667,,1,4,2707.548666666667,1273.2212031587871,0.8455885989506762,0,0,0
345,1126,2024-12-15 20:41:33,AU,mobile_app,luxury,4007.92,26.0,2,3,1,repeat purchase,20,6,50,1,0,2024-11-12 03:36:07,48545.433333333334,,1,3,2707.548666666667,1273.2212031587871,1.0213239695562626,0,0,0
869,1127,2022-03-03 12:58:52,DE,pos_terminal,luxury,2585.89,16.0,4,1,1,No transaction note found,12,3,9,0,0,,-1.0,,2,1,2421.811111111111,2230.325665754166,0.07356723343512564,0,0,0
469,1127,2022-07-19 00:09:49,DE,pos_terminal,electronics,2274.58,47.0,2,2,0,No transaction note found,0,1,29,0,1,2022-03-03 12:58:52,197950.95,,1,3,2421.811111111111,2230.325665754166,-0.06601327930346272,0,0,0
820,1127,2022-08-27 05:57:28,DE,pos_terminal,luxury,7855.22,30.0,1,3,0,high value item,5,5,34,1,1,2022-07-19 00:09:49,56507.65,,1,2,2421.811111111111,2230.325665754166,2.4361504565530017,0,0,0
211,1127,2023-02-13 07:47:15,DE,web,groceries,1249.23,29.0,0,3,0,first time merchant,7,0,7,0,0,2022-08-27 05:57:28,244909.78333333333,,2,2,2421.811111111111,2230.325665754166,-0.5257443471667231,0,0,0
318,1127,2023-04-18 20:08:01,DE,web,electronics,134.72,87.0,1,0,0,first time merchant,20,1,16,0,0,2023-02-13 07:47:15,92900.76666666666,,1,3,2421.811111111111,2230.325665754166,-1.0254516397441673,0,0,0
797,1127,2023-04-29 12:33:49,DE,web,gaming,1881.21,94.0,1,2,0,No transaction note found,12,5,17,1,0,2023-04-18 20:08:01,15385.8,,2,2,2421.811111111111,2230.325665754166,-0.24238662515158357,0,0,0
706,1127,2024-02-07 07:25:30,DE,pos_terminal,luxury,732.55,42.0,3,5,0,overnight shipping,7,2,6,0,0,2023-04-29 12:33:49,408651.68333333335,,2,1,2421.811111111111,2230.325665754166,-0.7574055829823855,0,0,0
101,1127,2024-08-12 03:51:46,DE,mobile_app,groceries,2070.24,38.0,0,3,0,new device,3,0,33,0,1,2024-02-07 07:25:30,269066.26666666666,,1,2,2421.811111111111,2230.325665754166,-0.15763218641535495,0,0,0
70,1127,2024-10-15 11:59:51,DE,web,luxury,3012.66,79.0,0,2,0,VPN suspected,11,1,42,0,0,2024-08-12 03:51:46,92648.08333333333,,1,3,2421.811111111111,2230.325665754166,0.2649159707755495,0,0,0
467,1128,2022-07-26 16:51:49,CN,pos_terminal,luxury,4344.19,30.0,3,0,0,new device,16,1,30,0,0,,-1.0,,1,1,1973.9399999999998,2052.9301042670345,1.1545692642303862,0,0,0
514,1128,2023-03-08 11:57:45,CN,pos_terminal,electronics,757.86,82.0,5,1,0,overnight shipping,11,2,10,0,0,2022-07-26 16:51:49,323705.93333333335,,1,1,1973.9399999999998,2052.9301042670345,-0.5923630802005223,0,0,0
246,1128,2024-08-18 22:41:23,CN,mobile_app,luxury,819.77,62.0,0,3,0,new device,22,6,33,1,0,2023-03-08 11:57:45,762403.6333333333,,1,1,1973.9399999999998,2052.9301042670345,-0.5622061840298638,0,0,0
482,1129,2022-08-31 20:36:50,MY,pos_terminal,gaming,796.11,52.0,3,9,0,repeat purchase,20,2,35,0,0,,-1.0,,1,1,2827.2200000000003,1420.5454145178737,-1.4298099724529745,1,0,0
289,1129,2023-03-26 14:49:40,MY,mobile_app,electronics,3983.27,70.0,1,0,0,new device,14,6,12,1,0,2022-08-31 20:36:50,297732.8333333333,,1,2,2827.2200000000003,1420.5454145178737,0.8138071392756968,1,0,0
551,1129,2024-04-30 00:00:47,MY,pos_terminal,groceries,2941.39,87.0,6,0,0,repeat purchase,0,1,18,0,1,2023-03-26 14:49:40,576551.1166666667,,1,1,2827.2200000000003,1420.5454145178737,0.08037053855032743,1,0,0
634,1129,2024-09-01 17:20:06,MY,pos_terminal,groceries,3588.11,80.0,1,0,0,first time merchant,17,6,35,1,0,2024-04-30 00:00:47,179599.31666666668,,1,2,2827.2200000000003,1420.5454145178737,0.5356322946269495,1,0,0
794,1130,2022-03-30 03:27:17,CN,web,groceries,3410.56,60.0,0,3,0,No transaction note found,3,2,13,0,1,,-1.0,,1,3,2060.89,1669.1084036609336,0.8086173414738705,0,0,0
620,1130,2023-02-04 04:53:43,CN,web,groceries,1770.33,29.0,4,2,0,first time merchant,4,5,5,1,1,2022-03-30 03:27:17,447926.43333333335,,2,1,2060.89,1669.1084036609336,-0.17408096404206047,0,0,0
177,1130,2023-02-28 20:42:29,AU,web,luxury,1660.53,86.0,5,3,0,new device,20,1,9,0,0,2023-02-04 04:53:43,35508.76666666667,,2,2,2060.89,1669.1084036609336,-0.23986458825674328,0,0,0
767,1130,2023-04-12 10:23:42,CN,mobile_app,groceries,1877.25,15.0,0,1,0,first time merchant,10,2,15,0,0,2023-02-28 20:42:29,61301.21666666667,,1,3,2060.89,1669.1084036609336,-0.11002281193792665,0,0,0
788,1130,2023-07-11 20:57:02,CN,web,luxury,5.89,75.0,3,3,0,No transaction note found,20,1,28,0,0,2023-04-12 10:23:42,130233.33333333333,,2,2,2060.89,1669.1084036609336,-1.2311962455480256,0,0,0
847,1130,2023-10-02 04:04:28,CN,pos_terminal,gaming,712.56,55.0,1,3,0,repeat purchase,4,0,40,0,1,2023-07-11 20:57:02,118507.43333333333,,2,1,2060.89,1669.1084036609336,-0.8078145176446566,0,0,0
534,1130,2023-12-06 06:24:53,CN,pos_terminal,groceries,4989.11,19.0,1,3,0,first time merchant,6,2,49,0,0,2023-10-02 04:04:28,93740.41666666667,,1,3,2060.89,1669.1084036609336,1.7543617859555423,0,0,0
833,1131,2022-09-09 01:13:01,US,pos_terminal,luxury,502.79,21.0,3,0,0,high value item,1,4,36,0,1,,-1.0,,1,3,2008.94375,1349.3668247038067,-1.1161929598577531,0,0,0
884,1131,2022-10-17 15:12:51,US,pos_terminal,electronics,3852.79,14.0,0,3,0,VPN suspected,15,0,42,0,0,2022-09-09 01:13:01,55559.833333333336,,2,3,2008.94375,1349.3668247038067,1.3664529290652556,0,0,0
441,1131,2022-11-11 13:07:58,US,web,gaming,1977.4,64.0,4,0,0,VPN suspected,13,4,45,0,0,2022-10-17 15:12:51,35875.11666666667,,2,3,2008.94375,1349.3668247038067,-0.023376704853347672,0,0,0
309,1131,2023-02-01 20:11:48,US,web,luxury,1581.74,48.0,5,0,0,new device,20,2,5,0,0,2022-11-11 13:07:58,118503.83333333333,,1,2,2008.94375,1349.3668247038067,-0.31659571154328137,0,0,0
569,1131,2023-03-08 08:13:29,US,web,travel,932.94,52.0,4,0,0,overnight shipping,8,2,10,0,0,2023-02-01 20:11:48,49681.683333333334,,1,2,2008.94375,1349.3668247038067,-0.7974138168367882,0,0,0
793,1131,2023-10-13 04:29:31,US,mobile_app,luxury,1092.05,95.0,2,0,0,first time merchant,4,4,41,0,1,2023-03-08 08:13:29,315136.0333333333,,1,3,2008.94375,1349.3668247038067,-0.6794992534378211,0,0,0
390,1131,2023-11-20 13:28:29,US,mobile_app,luxury,1912.47,39.0,0,0,0,first time merchant,13,0,47,0,0,2023-10-13 04:29:31,55258.96666666667,,2,3,2008.94375,1349.3668247038067,-0.071495569798951,0,0,0
1083,1131,2024-10-28 15:25:01,US,mobile_app,gaming,4219.37,83.0,6,3,0,first time merchant,15,0,44,0,0,2023-11-20 13:28:29,494036.5333333333,,2,3,2008.94375,1349.3668247038067,1.6381210872626875,0,0,0
851,1132,2022-09-17 22:16:38,US,pos_terminal,electronics,4782.17,61.0,4,2,0,first time merchant,22,5,37,1,0,,-1.0,,1,1,2161.680714285714,1443.5122659846068,1.8153564382266427,0,0,0
762,1132,2023-01-04 17:56:14,US,web,electronics,3034.9,40.0,0,0,0,new device,17,2,1,0,0,2022-09-17 22:16:38,156699.6,,1,6,2161.680714285714,1443.5122659846068,0.6049268207074575,0,0,0
413,1132,2023-01-22 13:10:53,US,pos_terminal,gaming,2666.47,85.0,3,0,0,No transaction note found,13,6,3,1,0,2023-01-04 17:56:14,25634.65,,1,3,2161.680714285714,1443.5122659846068,0.3496951827908254,0,0,0
769,1132,2023-02-02 12:45:48,US,pos_terminal,electronics,1211.89,28.0,4,1,0,high value item,12,3,5,0,0,2023-01-22 13:10:53,15814.916666666666,,1,2,2161.680714285714,1443.5122659846068,-0.657972042681515,0,0,0
545,1132,2023-03-15 00:27:04,US,pos_terminal,groceries,195.02,88.0,4,2,0,new device,0,2,11,0,1,2023-02-02 12:45:48,58301.26666666667,,3,6,2161.680714285714,1443.5122659846068,-1.362413580146666,0,0,0
115,1132,2023-03-29 14:23:25,US,pos_terminal,travel,754.57,71.0,3,0,0,new device,14,2,13,0,0,2023-03-15 00:27:04,20996.35,,1,6,2161.680714285714,1443.5122659846068,-0.9747826516222475,0,0,0
1155,1132,2023-04-07 06:21:22,US,web,luxury,3698.94,94.0,1,2,0,No transaction note found,6,4,14,0,0,2023-03-29 14:23:25,12477.95,,2,1,2161.680714285714,1443.5122659846068,1.064943694583527,0,0,0
207,1132,2023-08-09 06:02:50,US,pos_terminal,groceries,3370.45,52.0,0,3,0,first time merchant,6,2,32,0,0,2023-04-07 06:21:22,178541.46666666667,,2,6,2161.680714285714,1443.5122659846068,0.8373806819644826,0,0,0
519,1132,2023-09-03 03:07:31,US,pos_terminal,travel,1120.88,42.0,2,1,0,first time merchant,3,6,35,1,1,2023-08-09 06:02:50,35824.683333333334,,1,3,2161.680714285714,1443.5122659846068,-0.7210196538065392,0,0,0
357,1132,2024-01-11 00:28:09,US,pos_terminal,travel,424.81,31.0,3,1,0,high value item,0,3,2,0,1,2023-09-03 03:07:31,187040.63333333333,,3,2,2161.680714285714,1443.5122659846068,-1.2032254627923167,0,0,0
158,1132,2024-02-05 01:32:50,US,mobile_app,travel,3902.8,82.0,1,1,0,VPN suspected,1,0,6,0,1,2024-01-11 00:28:09,36064.683333333334,,1,1,2161.680714285714,1443.5122659846068,1.2061686808921461,0,0,0
200,1132,2024-04-10 19:36:40,US,pos_terminal,gaming,1083.75,70.0,1,3,0,No transaction note found,19,2,15,0,0,2024-02-05 01:32:50,94683.83333333333,,1,6,2161.680714285714,1443.5122659846068,-0.7467416382156388,0,0,0
127,1132,2024-06-30 00:00:44,US,web,luxury,2389.02,21.0,0,2,0,No transaction note found,0,6,26,1,1,2024-04-10 19:36:40,115464.06666666667,,3,3,2161.680714285714,1443.5122659846068,0.15749037335628022,0,0,0
213,1132,2024-07-31 10:44:00,US,web,luxury,1627.86,43.0,2,3,0,new device,10,2,31,0,0,2024-06-30 00:00:44,45283.26666666667,,1,6,2161.680714285714,1443.5122659846068,-0.3698068432564374,0,0,0
511,1133,2022-07-18 07:13:06,JP,pos_terminal,luxury,4630.3,71.0,6,2,0,No transaction note found,7,0,29,0,0,,-1.0,,1,2,2628.8633333333332,1639.9487094743433,1.2204263798641557,1,0,0
875,1133,2022-08-31 15:33:43,JP,mobile_app,travel,154.14,52.0,3,3,1,first time merchant,15,2,35,0,0,2022-07-18 07:13:06,63860.61666666667,,3,1,2628.8633333333332,1639.9487094743433,-1.5090248365917263,1,0,0
315,1133,2022-10-06 15:48:23,JP,pos_terminal,electronics,2469.07,68.0,2,3,0,No transaction note found,15,3,40,0,0,2022-08-31 15:33:43,51854.666666666664,,3,1,2628.8633333333332,1639.9487094743433,-0.09743800669507036,1,0,0
1074,1133,2024-01-12 15:26:57,MY,mobile_app,groceries,3022.42,52.0,3,3,0,first time merchant,15,4,2,0,0,2022-10-06 15:48:23,666698.5666666667,,3,1,2628.8633333333332,1639.9487094743433,0.23998108257471937,1,0,0
535,1133,2024-06-22 10:17:12,JP,mobile_app,groceries,3995.23,39.0,5,1,0,VPN suspected,10,5,25,1,0,2024-01-12 15:26:57,232970.25,,1,1,2628.8633333333332,1639.9487094743433,0.8331764638569895,1,0,0
116,1133,2024-09-16 11:30:06,JP,pos_terminal,luxury,1502.02,24.0,2,1,0,first time merchant,11,0,38,0,0,2024-06-22 10:17:12,123912.9,,1,2,2628.8633333333332,1639.9487094743433,-0.6871210830090674,1,0,0
729,1134,2022-05-27 19:18:08,US,pos_terminal,gaming,3880.6,73.0,5,3,0,high value item,19,4,21,0,0,,-1.0,,1,2,1999.202857142857,1423.5091195249954,1.3216614611397348,0,0,0
550,1134,2022-07-29 16:25:50,US,web,gaming,1150.8,41.0,5,3,0,high value item,16,4,30,0,0,2022-05-27 19:18:08,90547.7,,1,2,1999.202857142857,1423.5091195249954,-0.59599397398027,0,0,0
455,1134,2022-10-09 23:48:51,US,web,luxury,551.07,92.0,1,0,0,first time merchant,23,6,40,1,0,2022-07-29 16:25:50,104123.01666666666,,2,2,1999.202857142857,1423.5091195249954,-1.0172979135013047,0,0,0
595,1134,2023-04-13 23:12:23,US,mobile_app,electronics,2537.58,78.0,4,0,0,new device,23,3,15,0,0,2022-10-09 23:48:51,267803.5333333333,,2,1,1999.202857142857,1423.5091195249954,0.3782042106177666,0,0,0
238,1134,2023-05-20 07:04:17,US,mobile_app,travel,3359.07,54.0,2,0,0,overnight shipping,7,5,20,1,0,2023-04-13 23:12:23,52311.9,,1,1,1999.202857142857,1423.5091195249954,0.9552921890032648,0,0,0
259,1134,2023-09-12 05:07:23,US,web,electronics,125.65,74.0,2,2,0,No transaction note found,5,1,37,0,1,2023-05-20 07:04:17,165483.1,,1,1,1999.202857142857,1423.5091195249954,-1.3161509339455688,0,0,0
1067,1134,2024-12-22 06:53:47,US,mobile_app,luxury,2389.65,32.0,4,3,0,new device,6,6,51,1,0,2023-09-12 05:07:23,672586.4,,1,2,1999.202857142857,1423.5091195249954,0.2742849606663775,0,0,0
654,1135,2023-02-26 07:13:45,SG,web,travel,2317.42,62.0,2,1,0,VPN suspected,7,6,8,1,0,,-1.0,,1,2,2121.4379999999996,1737.8757588636054,0.11277100736369831,1,0,0
538,1135,2024-03-05 13:22:08,SG,pos_terminal,groceries,596.03,53.0,4,0,0,VPN suspected,13,1,10,0,0,2023-02-26 07:13:45,537488.3833333333,,1,1,2121.4379999999996,1737.8757588636054,-0.8777428376108208,1,0,0
1015,1135,2024-04-20 10:17:27,SG,pos_terminal,electronics,4989.36,52.0,5,0,0,No transaction note found,10,5,16,1,0,2024-03-05 13:22:08,66055.31666666667,,1,2,2121.4379999999996,1737.8757588636054,1.6502457010363794,1,0,0
600,1135,2024-08-24 03:43:19,CN,pos_terminal,groceries,960.33,31.0,4,2,0,high value item,3,5,34,1,1,2024-04-20 10:17:27,181045.86666666667,,1,2,2121.4379999999996,1737.8757588636054,-0.6681191069488458,0,0,0
994,1135,2024-10-13 06:24:48,SG,mobile_app,electronics,1744.05,61.0,1,0,0,first time merchant,6,6,41,1,0,2024-08-24 03:43:19,72161.48333333334,,1,2,2121.4379999999996,1737.8757588636054,-0.21715476384041008,1,0,0
182,1136,2023-08-09 13:51:00,SG,web,luxury,3351.6,30.0,5,0,0,No transaction note found,13,2,32,0,0,,-1.0,,1,3,2273.09,1297.0861101847372,0.8314868161269519,1,0,0
866,1136,2024-01-11 22:04:30,SG,web,luxury,2762.8,93.0,6,2,0,new device,22,3,2,0,0,2023-08-09 13:51:00,223693.5,,2,1,2273.09,1297.0861101847372,0.37754625244599466,1,0,0
387,1136,2024-02-14 22:23:20,SG,pos_terminal,groceries,3815.65,78.0,1,0,0,new device,22,2,7,0,0,2024-01-11 22:04:30,48978.833333333336,,2,3,2273.09,1297.0861101847372,1.189250264795682,1,0,0
37,1136,2024-02-18 10:40:45,SG,mobile_app,travel,343.04,46.0,5,0,0,repeat purchase,10,6,7,1,0,2024-02-14 22:23:20,5057.416666666667,,1,2,2273.09,1297.0861101847372,-1.4879891048444835,1,0,0
1095,1136,2024-06-19 11:49:17,SG,web,luxury,1360.61,75.0,0,3,0,overnight shipping,11,2,25,0,0,2024-02-18 10:40:45,175748.53333333333,,1,3,2273.09,1297.0861101847372,-0.7034845202914404,1,0,0
450,1136,2024-11-17 02:10:28,SG,mobile_app,travel,2004.84,100.0,1,0,0,VPN suspected,2,6,46,1,1,2024-06-19 11:49:17,216861.18333333332,,1,2,2273.09,1297.0861101847372,-0.20680970823270536,1,0,0
913,1137,2022-01-17 18:21:59,JP,pos_terminal,gaming,4074.01,61.0,2,2,0,No transaction note found,18,0,3,0,0,,-1.0,,2,2,2286.3088888888888,1212.8539465602687,1.4739623976828753,1,0,0
644,1137,2022-04-18 21:55:27,JP,pos_terminal,groceries,3405.99,37.0,1,2,0,new device,21,0,16,0,0,2022-01-17 18:21:59,131253.46666666667,,1,2,2286.3088888888888,1212.8539465602687,0.923178849594049,1,0,0
349,1137,2023-01-26 02:19:49,JP,mobile_app,luxury,831.36,66.0,3,3,0,first time merchant,2,3,4,0,1,2022-04-18 21:55:27,406344.36666666664,,1,2,2286.3088888888888,1212.8539465602687,-1.1996076634084563,1,0,0
1040,1137,2023-03-31 18:08:18,JP,mobile_app,travel,118.9,23.0,4,0,0,new device,18,4,13,0,0,2023-01-26 02:19:49,93108.48333333334,,2,1,2286.3088888888888,1212.8539465602687,-1.787032061886593,1,0,0
209,1137,2023-05-28 22:28:24,JP,web,gaming,2294.78,85.0,3,0,0,new device,22,6,21,1,0,2023-03-31 18:08:18,83780.1,,1,1,2286.3088888888888,1212.8539465602687,0.006984444528655782,1,0,0
708,1137,2023-07-04 04:50:06,UK,web,electronics,2833.27,53.0,5,3,0,first time merchant,4,1,27,0,1,2023-05-28 22:28:24,52221.7,,1,1,2286.3088888888888,1212.8539465602687,0.4509703024525978,0,0,0
636,1137,2023-09-16 10:14:36,JP,pos_terminal,luxury,2698.52,50.0,4,2,0,repeat purchase,10,5,37,1,0,2023-07-04 04:50:06,106884.5,,1,2,2286.3088888888888,1212.8539465602687,0.3398687140196627,1,0,0
248,1137,2024-03-21 23:02:35,JP,pos_terminal,electronics,2198.33,46.0,3,0,0,VPN suspected,23,3,12,0,0,2023-09-16 10:14:36,270047.98333333334,,1,2,2286.3088888888888,1212.8539465602687,-0.0725387332402245,1,0,0
188,1137,2024-12-28 00:40:04,JP,pos_terminal,groceries,2121.62,52.0,5,0,0,VPN suspected,0,5,52,1,1,2024-03-21 23:02:35,404737.48333333334,,1,2,2286.3088888888888,1212.8539465602687,-0.13578624974256553,1,0,0
366,1138,2022-04-04 21:56:28,SG,pos_terminal,electronics,3536.34,49.0,0,0,0,first time merchant,21,0,14,0,0,,-1.0,,1,1,2986.2157142857145,1354.0808621607748,0.40627136907940986,1,0,0
1021,1138,2022-07-07 22:32:09,CN,pos_terminal,luxury,3835.52,29.0,3,2,1,overnight shipping,22,3,27,0,0,2022-04-04 21:56:28,135395.68333333332,,1,1,2986.2157142857145,1354.0808621607748,0.6272182920885596,0,0,0
796,1138,2023-05-13 03:54:32,SG,pos_terminal,gaming,1693.02,67.0,0,3,0,repeat purchase,3,5,19,1,1,2022-07-07 22:32:09,445282.38333333336,,2,2,2986.2157142857145,1354.0808621607748,-0.9550358109500914,1,0,0
1112,1138,2023-08-01 07:05:05,SG,web,luxury,482.15,80.0,0,3,0,repeat purchase,7,1,31,0,0,2023-05-13 03:54:32,115390.55,,1,1,2986.2157142857145,1354.0808621607748,-1.8492733958959076,1,0,0
798,1138,2024-07-05 03:43:16,SG,web,electronics,3850.68,83.0,4,3,0,first time merchant,3,4,27,0,1,2023-08-01 07:05:05,487958.18333333335,,2,1,2986.2157142857145,1354.0808621607748,0.6384140784139112,1,0,0
1150,1138,2024-07-06 01:42:56,SG,mobile_app,luxury,3516.63,66.0,2,0,0,first time merchant,1,5,27,1,1,2024-07-05 03:43:16,1319.6666666666667,,1,2,2986.2157142857145,1354.0808621607748,0.39171536983978705,1,0,0
886,1138,2024-10-27 06:35:19,AU,web,luxury,3989.17,48.0,1,2,0,VPN suspected,6,6,43,1,0,2024-07-06 01:42:56,163012.38333333333,,1,1,2986.2157142857145,1354.0808621607748,0.7406900974243303,0,0,0
1007,1139,2022-03-05 00:21:29,DE,mobile_app,electronics,2475.17,82.0,0,1,0,No transaction note found,0,5,9,1,1,,-1.0,,1,3,1579.5783333333331,1208.5664670483789,0.7410363360932274,0,0,0
1138,1139,2022-05-02 18:56:09,DE,mobile_app,luxury,495.68,50.0,5,2,0,first time merchant,18,0,18,0,0,2022-03-05 00:21:29,84634.66666666667,,1,2,1579.5783333333331,1208.5664670483789,-0.8968462743968758,0,0,0
479,1139,2022-07-24 20:28:32,DE,web,gaming,1060.14,80.0,1,0,0,VPN suspected,20,6,29,1,0,2022-05-02 18:56:09,119612.38333333333,,1,1,1579.5783333333331,1208.5664670483789,-0.42979707570567566,0,0,0
266,1139,2023-04-29 05:42:42,DE,pos_terminal,travel,572.5,51.0,6,2,0,repeat purchase,5,5,17,1,1,2022-07-24 20:28:32,400874.1666666667,,1,3,1579.5783333333331,1208.5664670483789,-0.8332833656992569,0,0,0
86,1139,2024-02-17 12:52:22,SG,mobile_app,electronics,3570.99,66.0,5,1,0,first time merchant,12,5,7,1,0,2023-04-29 05:42:42,423789.6666666667,,1,3,1579.5783333333331,1208.5664670483789,1.6477469141851926,1,0,0
948,1139,2024-08-05 23:49:06,DE,mobile_app,luxury,1302.99,86.0,1,0,0,new device,23,0,32,0,0,2024-02-17 12:52:22,245456.73333333334,,1,2,1579.5783333333331,1208.5664670483789,-0.2288565344766109,0,0,0
1106,1140,2022-01-01 08:31:27,UK,pos_terminal,travel,644.23,18.0,0,3,1,No transaction note found,8,5,52,1,0,,-1.0,,1,1,2460.5299999999997,1433.9620687165768,-1.2666304357866471,0,0,0
962,1140,2022-02-10 01:14:56,UK,mobile_app,electronics,3725.89,17.0,1,2,0,No transaction note found,1,3,6,0,1,2022-01-01 08:31:27,57163.48333333333,,1,1,2460.5299999999997,1433.9620687165768,0.8824222255282674,0,0,0
523,1140,2022-10-10 03:28:07,UK,mobile_app,gaming,2183.19,39.0,0,0,1,high value item,3,0,41,0,1,2022-02-10 01:14:56,348613.18333333335,,1,2,2460.5299999999997,1433.9620687165768,-0.1934081842542908,0,0,0
629,1140,2023-10-22 23:25:48,UK,web,luxury,1669.48,39.0,2,0,0,VPN suspected,23,6,42,1,0,2022-10-10 03:28:07,544077.6833333333,,1,1,2460.5299999999997,1433.9620687165768,-0.5516533646583863,0,0,0
1018,1140,2024-05-20 15:16:24,UK,web,electronics,4079.86,75.0,1,0,0,new device,15,0,21,0,0,2023-10-22 23:25:48,303350.6,,1,2,2460.5299999999997,1433.9620687165768,1.1292697591710577,0,0,0
228,1141,2022-11-25 02:33:09,CN,mobile_app,travel,4.6,58.0,0,2,0,high value item,2,4,47,0,1,,-1.0,,1,2,2922.49,1747.1169689102774,-1.6701171426547154,0,0,0
526,1141,2023-03-08 03:23:46,CN,web,electronics,3492.01,68.0,0,0,0,overnight shipping,3,2,10,0,1,2022-11-25 02:33:09,148370.61666666667,,1,2,2922.49,1747.1169689102774,0.32597702966346037,0,0,0
49,1141,2023-03-17 13:28:56,CN,mobile_app,luxury,3648.33,50.0,2,3,0,repeat purchase,13,4,11,0,0,2023-03-08 03:23:46,13565.166666666666,,1,2,2922.49,1747.1169689102774,0.41545014610711817,0,0,0
435,1141,2023-07-10 19:06:57,CN,mobile_app,luxury,4030.62,78.0,6,1,0,high value item,19,0,28,0,0,2023-03-17 13:28:56,165938.01666666666,,1,1,2922.49,1747.1169689102774,0.6342620555572589,0,0,0
588,1141,2024-11-13 06:54:58,CN,mobile_app,groceries,4685.77,51.0,0,1,0,high value item,6,2,46,0,0,2023-07-10 19:06:57,707748.0166666667,,1,2,2922.49,1747.1169689102774,1.0092512587178433,0,0,0
775,1141,2024-12-10 00:00:58,CN,web,electronics,1673.61,80.0,4,0,0,VPN suspected,0,1,50,0,1,2024-11-13 06:54:58,38466.0,,1,1,2922.49,1747.1169689102774,-0.7148233473909643,0,0,0
555,1142,2022-06-16 03:27:44,CN,web,electronics,3741.0,66.0,0,3,0,first time merchant,3,3,24,0,1,,-1.0,,2,1,2674.11,1710.0118195751427,0.6239079682297586,0,0,0
1154,1142,2022-10-22 12:35:38,CN,web,gaming,2557.39,65.0,4,0,0,VPN suspected,12,5,42,1,0,2022-06-16 03:27:44,184867.9,,1,1,2674.11,1710.0118195751427,-0.06825683814805425,0,0,0
51,1142,2024-01-23 03:48:17,CN,mobile_app,travel,4092.32,92.0,4,6,0,overnight shipping,3,1,4,0,1,2022-10-22 12:35:38,658992.65,,2,1,2674.11,1710.0118195751427,0.8293568405581888,0,0,0
3,1142,2024-09-23 04:12:18,CN,web,travel,305.73,16.0,4,1,0,No transaction note found,4,0,39,0,1,2024-01-23 03:48:17,351384.01666666666,,1,1,2674.11,1710.0118195751427,-1.3850079706398934,0,0,0
338,1143,2022-03-26 18:11:16,DE,mobile_app,gaming,660.47,77.0,2,0,0,No transaction note found,18,5,12,1,0,,-1.0,,1,1,1640.9485714285713,617.8698178284474,-1.5868691804279116,0,0,0
383,1143,2022-04-22 13:22:12,CN,web,gaming,2379.15,69.0,2,2,0,new device,13,4,16,0,0,2022-03-26 18:11:16,38590.933333333334,,1,4,1640.9485714285713,617.8698178284474,1.194752368979434,0,0,0
253,1143,2022-12-30 14:47:37,DE,web,electronics,1614.79,18.0,6,2,0,No transaction note found,14,4,52,0,0,2022-04-22 13:22:12,362965.4166666667,,1,4,1640.9485714285713,617.8698178284474,-0.04233670374207261,0,0,0
562,1143,2023-01-27 12:23:11,MY,web,luxury,975.25,52.0,2,0,1,overnight shipping,12,4,4,0,0,2022-12-30 14:47:37,40175.566666666666,,1,4,1640.9485714285713,617.8698178284474,-1.07740911146659,1,0,0
721,1143,2023-07-07 01:01:32,DE,pos_terminal,gaming,2017.66,68.0,2,0,0,VPN suspected,1,4,27,0,1,2023-01-27 12:23:11,231158.35,,1,4,1640.9485714285713,617.8698178284474,0.6096938508752718,0,0,0
883,1143,2023-11-02 22:18:14,DE,web,travel,2066.61,37.0,3,2,0,repeat purchase,22,3,44,0,0,2023-07-07 01:01:32,171196.7,,1,1,1640.9485714285713,617.8698178284474,0.6889176591720401,0,0,0
635,1143,2024-07-07 17:41:03,DE,mobile_app,groceries,1772.71,45.0,5,3,0,new device,17,6,27,1,0,2023-11-02 22:18:14,356842.81666666665,,1,1,1640.9485714285713,617.8698178284474,0.21325111660983012,0,0,0
77,1144,2022-03-26 00:05:02,DE,pos_terminal,groceries,2083.52,73.0,4,2,0,high value item,0,5,12,1,1,,-1.0,,1,2,1748.6616666666669,1950.996364865568,0.17163452447355343,0,0,0
372,1144,2022-05-24 09:05:25,UK,web,travel,4391.52,74.0,2,2,0,high value item,9,1,21,0,0,2022-03-26 00:05:02,85500.38333333333,,1,2,1748.6616666666669,1950.996364865568,1.3546198142278127,0,0,0
969,1144,2022-11-29 10:20:14,UK,pos_terminal,luxury,46.15,48.0,4,0,0,new device,10,1,48,0,0,2022-05-24 09:05:25,272234.81666666665,,1,2,1748.6616666666669,1950.996364865568,-0.872637026560517,0,0,0
1091,1144,2023-01-12 20:41:29,UK,web,luxury,11.91,24.0,3,1,0,new device,20,3,2,0,0,2022-11-29 10:20:14,63981.25,,1,1,1748.6616666666669,1950.996364865568,-0.890187033632088,0,0,0
975,1144,2023-01-28 14:34:42,UK,mobile_app,luxury,259.88,12.0,4,3,0,repeat purchase,14,5,4,1,0,2023-01-12 20:41:29,22673.216666666667,,1,2,1748.6616666666669,1950.996364865568,-0.7630878731899894,0,0,0
107,1144,2023-05-08 18:53:54,UK,pos_terminal,gaming,3698.99,20.0,2,3,1,first time merchant,18,0,19,0,0,2023-01-28 14:34:42,144259.2,,1,1,1748.6616666666669,1950.996364865568,0.9996575946812278,0,0,0
473,1145,2022-03-06 19:49:24,AU,mobile_app,luxury,1067.89,12.0,5,2,0,repeat purchase,19,6,9,1,0,,-1.0,,2,1,2762.0950000000003,1719.9547733607928,-0.985028807873548,0,0,0
668,1145,2023-06-22 23:53:20,AU,pos_terminal,luxury,1501.94,79.0,1,6,0,VPN suspected,23,3,25,0,0,2022-03-06 19:49:24,681363.9333333333,,1,1,2762.0950000000003,1719.9547733607928,-0.7326675209823433,0,0,0
592,1145,2023-07-18 19:02:48,AU,pos_terminal,gaming,4400.97,47.0,5,2,0,overnight shipping,19,1,29,0,0,2023-06-22 23:53:20,37149.46666666667,,2,1,2762.0950000000003,1719.9547733607928,0.9528593573409125,0,0,0
1153,1145,2024-12-07 20:24:54,AU,web,travel,4077.58,72.0,3,0,0,first time merchant,20,5,49,1,0,2023-07-18 19:02:48,731602.1,,1,1,2762.0950000000003,1719.9547733607928,0.7648369715149783,0,0,0
91,1146,2022-01-24 08:41:23,JP,web,electronics,799.42,49.0,5,2,0,new device,8,0,4,0,0,,-1.0,,1,1,1884.952,1489.6191180799335,-0.7287312486961182,1,0,0
262,1146,2023-05-17 05:04:19,JP,mobile_app,travel,651.24,16.0,0,3,0,first time merchant,5,2,20,0,1,2022-01-24 08:41:23,688102.9333333333,,1,1,1884.952,1489.6191180799335,-0.8282063414909787,1,0,0
475,1146,2024-03-07 00:35:50,JP,web,electronics,2892.87,95.0,5,7,0,VPN suspected,0,3,10,0,1,2023-05-17 05:04:19,424531.51666666666,,1,3,1884.952,1489.6191180799335,0.6766279968930384,1,0,0
481,1146,2024-05-30 07:35:25,JP,pos_terminal,luxury,4006.86,26.0,3,1,0,new device,7,3,22,0,0,2024-03-07 00:35:50,121379.58333333333,,1,3,1884.952,1489.6191180799335,1.4244634579710986,1,0,0
142,1146,2024-06-06 23:25:31,JP,pos_terminal,luxury,1074.37,45.0,1,1,0,first time merchant,23,3,23,0,0,2024-05-30 07:35:25,11030.1,,1,3,1884.952,1489.6191180799335,-0.5441538646770402,1,0,0
134,1147,2022-06-07 15:29:32,JP,mobile_app,travel,787.39,83.0,0,10,1,repeat purchase,15,1,23,0,0,,-1.0,,1,2,2743.6883333333335,1574.1948918240894,-1.2427294380726164,1,0,0
11,1147,2023-01-25 08:02:45,JP,pos_terminal,travel,4701.38,35.0,0,2,0,repeat purchase,8,2,4,0,0,2022-06-07 15:29:32,333633.2166666667,,1,2,2743.6883333333335,1574.1948918240894,1.2436145466068707,1,0,0
1137,1147,2023-07-10 12:01:48,JP,pos_terminal,luxury,3118.04,59.0,5,0,0,VPN suspected,12,0,28,0,0,2023-01-25 08:02:45,239279.05,,1,1,2743.6883333333335,1574.1948918240894,0.23780515907588073,1,0,0
1082,1147,2023-07-30 02:39:01,JP,mobile_app,travel,2155.11,52.0,6,3,0,VPN suspected,2,6,30,1,1,2023-07-10 12:01:48,28237.216666666667,,1,1,2743.6883333333335,1574.1948918240894,-0.3738916549597754,1,0,0
618,1147,2024-04-10 14:13:29,JP,pos_terminal,luxury,1397.25,53.0,1,3,0,repeat purchase,14,2,15,0,0,2023-07-30 02:39:01,367894.4666666667,,1,2,2743.6883333333335,1574.1948918240894,-0.8553187031201427,1,0,0
999,1147,2024-04-23 18:51:02,JP,mobile_app,gaming,4302.96,87.0,5,1,0,No transaction note found,18,1,17,0,0,2024-04-10 14:13:29,18997.55,,1,2,2743.6883333333335,1574.1948918240894,0.9905200904697825,1,0,0
392,1148,2022-01-25 15:41:32,SG,mobile_app,groceries,3745.94,76.0,4,3,1,No transaction note found,15,1,4,0,0,,-1.0,,1,1,2799.688,1108.7361805170212,0.8534509981975583,1,0,0
782,1148,2022-05-13 09:18:36,US,web,luxury,2914.91,86.0,4,3,0,VPN suspected,9,4,19,0,0,2022-01-25 15:41:32,155137.06666666668,,1,2,2799.688,1108.7361805170212,0.10392192662664793,0,0,0
297,1148,2023-03-06 23:48:14,US,mobile_app,travel,1386.45,54.0,4,0,0,No transaction note found,23,0,10,0,0,2022-05-13 09:18:36,428549.63333333336,,1,1,2799.688,1108.7361805170212,-1.2746386605161426,0,0,0
686,1148,2023-07-14 08:01:44,US,web,groceries,1988.3,14.0,6,1,0,repeat purchase,8,4,28,0,0,2023-03-06 23:48:14,186253.5,,1,2,2799.688,1108.7361805170212,-0.7318134054411727,0,0,0
504,1148,2024-12-01 22:21:53,US,mobile_app,luxury,3962.84,24.0,3,1,0,overnight shipping,22,6,48,1,0,2023-07-14 08:01:44,729500.15,,1,1,2799.688,1108.7361805170212,1.0490791411331086,0,0,0
501,1149,2022-01-03 15:55:15,CN,web,electronics,4952.08,77.0,6,0,0,overnight shipping,15,0,1,0,0,,-1.0,,1,1,3003.601111111111,1479.771505045848,1.3167430797557618,0,0,0
389,1149,2022-03-16 06:14:57,CN,web,luxury,2125.69,30.0,2,0,0,VPN suspected,6,2,11,0,0,2022-01-03 15:55:15,103099.7,,1,1,3003.601111111111,1479.771505045848,-0.5932747779758812,0,0,0
453,1149,2022-08-06 23:47:44,CN,pos_terminal,gaming,3171.89,66.0,2,3,0,high value item,23,5,31,1,0,2022-03-16 06:14:57,206972.78333333333,,2,3,3003.601111111111,1479.771505045848,0.11372626673445416,0,0,0
163,1149,2023-01-24 10:46:45,CN,pos_terminal,luxury,3359.67,31.0,4,0,0,high value item,10,1,4,0,0,2022-08-06 23:47:44,245459.01666666666,,1,1,3003.601111111111,1479.771505045848,0.2406242366978521,0,0,0
1058,1149,2023-04-07 05:57:10,CN,web,groceries,33.8,55.0,1,2,0,repeat purchase,5,4,14,0,1,2023-01-24 10:46:45,104830.41666666667,,1,1,3003.601111111111,1479.771505045848,-2.006932219592306,0,0,0
204,1149,2023-06-04 08:54:34,CN,mobile_app,travel,3403.35,62.0,4,2,0,overnight shipping,8,6,22,1,0,2023-04-07 05:57:10,83697.4,,1,2,3003.601111111111,1479.771505045848,0.27014230746151807,0,0,0
707,1149,2023-07-22 16:36:26,CN,web,luxury,2448.31,65.0,0,0,0,repeat purchase,16,5,29,1,0,2023-06-04 08:54:34,69581.86666666667,,1,3,3003.601111111111,1479.771505045848,-0.3752546316898476,0,0,0
329,1149,2024-03-09 23:47:15,CN,web,electronics,4849.65,42.0,0,2,0,first time merchant,23,5,10,1,0,2023-07-22 16:36:26,333070.81666666665,,2,3,3003.601111111111,1479.771505045848,1.2475229335029614,0,0,0
842,1149,2024-07-07 04:57:07,CN,mobile_app,electronics,2687.97,47.0,4,0,0,overnight shipping,4,6,27,1,1,2024-03-09 23:47:15,171669.86666666667,,1,2,3003.601111111111,1479.771505045848,-0.21329719489451315,0,0,0
394,1150,2022-02-17 18:50:02,SG,mobile_app,travel,3015.41,60.0,1,0,0,repeat purchase,18,3,7,0,0,,-1.0,,1,4,2558.527,1331.6461517309915,0.34309639944973586,1,0,0
131,1150,2022-05-19 00:16:13,CN,web,luxury,3143.22,63.0,3,1,0,first time merchant,0,3,20,0,1,2022-02-17 18:50:02,129926.18333333333,,1,4,2558.527,1331.6461517309915,0.43907534988928104,0,0,0
777,1150,2022-10-13 13:12:10,CN,web,groceries,2529.76,67.0,2,0,1,high value item,13,3,41,0,0,2022-05-19 00:16:13,212455.95,,2,4,2558.527,1331.6461517309915,-0.021602585613757778,0,0,0
448,1150,2023-01-26 06:45:28,US,pos_terminal,travel,3627.03,35.0,1,1,0,No transaction note found,6,3,4,0,0,2022-10-13 13:12:10,150813.3,,1,4,2558.527,1331.6461517309915,0.8023925865073581,0,0,0
29,1150,2023-02-10 13:07:34,CN,web,gaming,357.98,49.0,6,2,0,overnight shipping,13,4,6,0,0,2023-01-26 06:45:28,21982.1,,2,1,2558.527,1331.6461517309915,-1.6525013023463735,0,0,0
87,1150,2023-05-06 07:03:42,CN,pos_terminal,groceries,2067.09,22.0,29,1,0,VPN suspected,7,5,18,1,0,2023-02-10 13:07:34,122036.13333333333,,1,3,2558.527,1331.6461517309915,-0.3690447341143791,0,0,0
853,1150,2023-06-19 10:51:42,CN,web,travel,2995.94,71.0,1,3,1,repeat purchase,10,0,25,0,0,2023-05-06 07:03:42,63588.0,,1,1,2558.527,1331.6461517309915,0.328475398236545,0,0,0
659,1150,2024-01-13 14:37:36,CN,web,luxury,2834.35,20.0,0,2,0,repeat purchase,14,5,2,1,0,2023-06-19 10:51:42,299745.9,,1,3,2558.527,1331.6461517309915,0.20712934861972207,0,0,0
756,1150,2024-04-17 03:17:41,CN,mobile_app,groceries,4617.91,21.0,6,9,0,No transaction note found,3,2,16,0,1,2024-01-13 14:37:36,136120.08333333334,,1,1,2558.527,1331.6461517309915,1.5464941623741648,0,0,0
859,1150,2024-11-23 12:30:45,CN,pos_terminal,groceries,396.58,55.0,6,2,0,VPN suspected,12,5,47,1,0,2024-04-17 03:17:41,317353.06666666665,,1,3,2558.527,1331.6461517309915,-1.623514623002297,0,0,0
422,1151,2023-01-21 23:07:36,US,mobile_app,luxury,9.39,78.0,3,2,0,No transaction note found,23,5,3,1,0,,-1.0,,1,1,1431.8325,2161.7254962679967,-0.6580125471322352,0,0,0
828,1151,2023-02-01 22:54:23,AU,pos_terminal,luxury,331.02,0.0,5,2,0,VPN suspected,22,2,5,0,0,2023-01-21 23:07:36,15826.783333333333,,1,1,1431.8325,2161.7254962679967,-0.5092286240322571,0,1,0
195,1151,2023-03-12 01:35:16,US,pos_terminal,luxury,744.02,85.0,2,0,0,high value item,1,6,10,1,1,2023-02-01 22:54:23,54880.88333333333,,1,1,1431.8325,2161.7254962679967,-0.31817753974195134,0,0,0
528,1151,2023-03-20 00:21:46,US,mobile_app,luxury,4642.9,23.0,5,2,0,VPN suspected,0,0,12,0,1,2023-03-12 01:35:16,11446.5,,1,1,1431.8325,2161.7254962679967,1.4854187109064436,0,0,0
776,1152,2022-09-03 23:58:26,CN,mobile_app,gaming,1729.62,19.0,0,2,0,new device,23,5,35,1,0,,-1.0,,2,1,2594.535714285714,1154.4951886737751,-0.7491722120377869,0,0,0
675,1152,2022-09-04 09:46:03,AU,web,travel,1413.0,64.0,6,2,0,repeat purchase,9,6,35,1,0,2022-09-03 23:58:26,587.6166666666667,,1,3,2594.535714285714,1154.4951886737751,-1.023421947425352,0,0,0
484,1152,2022-09-09 03:09:18,AU,web,electronics,4223.27,36.0,3,3,0,repeat purchase,3,4,36,0,1,2022-09-04 09:46:03,6803.25,,2,2,2594.535714285714,1154.4951886737751,1.4107761571404145,0,0,0
155,1152,2023-06-13 10:58:46,US,web,luxury,2760.72,76.0,6,3,0,first time merchant,10,1,24,0,0,2022-09-09 03:09:18,399349.4666666667,,1,1,2594.535714285714,1154.4951886737751,0.1439454121114091,0,0,0
273,1152,2023-09-15 23:50:36,AU,pos_terminal,luxury,2864.73,47.0,4,3,0,No transaction note found,23,4,37,0,0,2023-06-13 10:58:46,136131.83333333334,,2,2,2594.535714285714,1154.4951886737751,0.2340367360254408,0,0,0
1077,1152,2023-11-26 07:32:55,AU,mobile_app,luxury,1340.32,45.0,6,0,1,No transaction note found,7,6,47,1,0,2023-09-15 23:50:36,102702.31666666667,,1,3,2594.535714285714,1154.4951886737751,-1.086375869375855,0,0,0
317,1152,2024-04-07 03:14:53,AU,mobile_app,gaming,3830.09,92.0,2,3,0,new device,3,6,14,1,1,2023-11-26 07:32:55,191261.96666666667,,2,3,2594.535714285714,1154.4951886737751,1.0702117235617303,0,0,0
542,1153,2022-03-23 17:34:51,MY,mobile_app,electronics,1409.91,64.0,4,3,0,high value item,17,2,12,0,0,,-1.0,,1,2,2004.5366666666666,762.1497986994636,-0.7801965803590588,1,0,0
1185,1153,2022-08-11 14:08:47,DE,web,groceries,2863.71,95.0,5,3,0,overnight shipping,14,3,32,0,0,2022-03-23 17:34:51,202833.93333333332,,1,1,2004.5366666666666,762.1497986994636,1.1273024473659,0,0,0
1195,1153,2023-03-29 01:01:23,MY,pos_terminal,gaming,1739.99,61.0,2,2,0,new device,1,2,13,0,1,2022-08-11 14:08:47,330412.6,,1,2,2004.5366666666666,762.1497986994636,-0.34710586700684093,1,0,0
72,1154,2022-11-11 21:28:23,CN,web,travel,1835.38,45.0,0,1,0,first time merchant,21,4,45,0,0,,-1.0,,1,1,2351.2650000000003,729.571564624844,-0.7071067802173397,0,0,0
627,1154,2024-05-13 12:45:47,CN,pos_terminal,luxury,2867.15,61.0,5,3,1,first time merchant,12,0,20,0,0,2022-11-11 21:28:23,790037.4,,1,1,2351.2650000000003,729.571564624844,0.7071067802173391,0,0,0
490,1155,2022-06-03 18:57:41,CN,mobile_app,gaming,991.55,73.0,2,0,0,first time merchant,18,4,22,0,0,,-1.0,,1,1,2520.2414285714285,1086.5602043087194,-1.406909090273555,0,0,0
1192,1155,2023-03-13 13:30:54,CN,mobile_app,luxury,2144.09,40.0,0,3,0,high value item,13,0,11,0,0,2022-06-03 18:57:41,407193.2166666667,,3,2,2520.2414285714285,1086.5602043087194,-0.3461855376994409,0,0,0
593,1155,2023-08-22 12:16:40,CN,web,travel,2921.59,75.0,4,1,0,first time merchant,12,1,34,0,0,2023-03-13 13:30:54,233205.76666666666,,1,1,2520.2414285714285,1086.5602043087194,0.3693753644179465,0,0,0
488,1155,2024-02-24 13:12:36,CN,pos_terminal,electronics,4447.36,42.0,2,2,0,No transaction note found,13,5,8,1,0,2023-08-22 12:16:40,267895.93333333335,,3,1,2520.2414285714285,1086.5602043087194,1.7735957600753687,0,0,0
864,1155,2024-03-03 07:52:02,CN,pos_terminal,groceries,3044.8,39.0,4,1,0,No transaction note found,7,6,9,1,0,2024-02-24 13:12:36,11199.433333333332,,1,2,2520.2414285714285,1086.5602043087194,0.4827699094338736,0,0,0
66,1155,2024-12-16 13:07:49,CN,mobile_app,electronics,2099.71,68.0,6,0,0,high value item,13,0,51,0,0,2024-03-03 07:52:02,415035.7833333333,,3,2,2520.2414285714285,1086.5602043087194,-0.38703003009297104,0,0,0
590,1155,2024-12-29 22:01:28,CN,pos_terminal,electronics,1992.59,15.0,5,3,0,new device,22,6,52,1,0,2024-12-16 13:07:49,19253.65,,1,2,2520.2414285714285,1086.5602043087194,-0.48561637586122136,0,0,0
727,1156,2022-12-04 10:10:38,MY,mobile_app,luxury,412.47,29.0,3,1,1,new device,10,6,48,1,0,,-1.0,,1,1,1829.94,1482.1830834328014,-0.9563393455530993,1,0,0
1143,1156,2023-07-08 16:00:19,MY,web,luxury,3767.8,72.0,4,0,0,high value item,16,5,27,1,0,2022-12-04 10:10:38,311389.68333333335,,1,1,1829.94,1482.1830834328014,1.3074363225842727,1,0,0
222,1156,2023-07-11 09:41:47,MY,mobile_app,luxury,343.25,52.0,4,3,1,repeat purchase,9,1,28,0,0,2023-07-08 16:00:19,3941.4666666666667,,1,1,1829.94,1482.1830834328014,-1.0030407286505798,1,0,0
527,1156,2024-02-26 15:01:55,MY,mobile_app,electronics,1897.26,78.0,2,2,0,No transaction note found,15,0,9,0,0,2023-07-11 09:41:47,331520.13333333336,,1,1,1829.94,1482.1830834328014,0.04541949017801758,1,0,0
800,1156,2024-11-14 17:40:04,MY,mobile_app,gaming,2728.92,14.0,3,1,0,VPN suspected,17,3,46,0,0,2024-02-26 15:01:55,377438.15,,1,1,1829.94,1482.1830834328014,0.6065242614413887,1,0,0
714,1157,2022-04-13 08:05:33,JP,web,gaming,2180.03,33.0,2,0,0,repeat purchase,8,2,15,0,0,,-1.0,,1,3,2229.375,1673.694667894174,-0.029482677424123714,1,0,0
684,1157,2022-08-08 00:54:01,US,web,gaming,1517.93,82.0,0,1,0,high value item,0,0,32,0,1,2022-04-13 08:05:33,168048.46666666667,,1,1,2229.375,1673.694667894174,-0.4250745453441236,0,0,0
183,1157,2023-04-05 23:41:35,US,pos_terminal,gaming,235.85,63.0,5,6,0,No transaction note found,23,2,14,0,0,2022-08-08 00:54:01,346967.56666666665,,1,3,2229.375,1673.694667894174,-1.191092400687536,0,0,0
231,1157,2023-06-29 16:02:46,US,mobile_app,electronics,4802.97,39.0,1,1,0,first time merchant,16,3,26,0,0,2023-04-05 23:41:35,121941.18333333333,,1,1,2229.375,1673.694667894174,1.5376729396157256,0,0,0
375,1157,2023-09-13 22:14:14,AU,web,gaming,3520.53,10.0,6,0,0,VPN suspected,22,2,37,0,0,2023-06-29 16:02:46,109811.46666666666,,1,3,2229.375,1673.694667894174,0.7714399912766159,0,0,0
541,1157,2023-10-06 03:22:18,US,mobile_app,gaming,1118.94,43.0,6,1,0,new device,3,4,40,0,1,2023-09-13 22:14:14,31988.066666666666,,1,1,2229.375,1673.694667894174,-0.6634633074365578,0,0,0
664,1158,2022-05-25 04:37:40,JP,pos_terminal,gaming,530.06,27.0,5,1,0,repeat purchase,4,2,21,0,1,,-1.0,,1,1,1330.94,1132.6153588333648,-0.7071067805622341,1,0,0
808,1158,2023-03-16 13:30:46,MY,pos_terminal,electronics,2131.82,15.0,4,1,0,repeat purchase,13,3,11,0,0,2022-05-25 04:37:40,425333.1,,1,1,1330.94,1132.6153588333648,0.7071067805622341,1,0,0
81,1159,2022-09-01 04:06:25,CN,mobile_app,travel,3775.07,75.0,0,1,0,first time merchant,4,3,35,0,1,,-1.0,,1,3,2123.952,1281.2713406349737,1.2886559994245537,0,0,0
655,1159,2024-04-24 01:12:13,CN,web,luxury,2159.49,13.0,3,1,0,first time merchant,1,2,17,0,1,2022-09-01 04:06:25,865265.8,,1,1,2123.952,1281.2713406349737,0.02773651362746286,0,0,0
957,1159,2024-11-19 00:41:42,CN,web,groceries,535.74,15.0,4,1,0,No transaction note found,0,1,47,0,1,2024-04-24 01:12:13,300929.48333333334,,1,1,2123.952,1281.2713406349737,-1.2395594513281727,0,0,0
325,1159,2024-11-21 14:42:48,CN,web,travel,2884.64,69.0,5,3,0,repeat purchase,14,3,47,0,0,2024-11-19 00:41:42,3721.1,,1,3,2123.952,1281.2713406349737,0.5936978186236626,0,0,0
768,1159,2024-12-12 05:08:04,CN,web,electronics,1264.82,81.0,31,2,0,first time merchant,5,3,50,0,1,2024-11-21 14:42:48,29665.266666666666,,1,3,2123.952,1281.2713406349737,-0.6705308803475076,0,0,0
1110,1160,2022-02-13 21:28:34,US,web,luxury,3040.79,58.0,3,1,0,overnight shipping,21,6,6,1,0,,-1.0,,1,1,2916.105,1560.276973489762,0.07991209389005194,0,0,0
1017,1160,2022-11-08 07:08:43,US,mobile_app,travel,4725.41,68.0,4,0,0,overnight shipping,7,1,45,0,0,2022-02-13 21:28:34,385060.15,,2,2,2916.105,1560.276973489762,1.1596050129184785,0,0,0
950,1160,2023-01-20 14:36:49,SG,web,groceries,4896.65,68.0,0,2,0,No transaction note found,14,4,3,0,0,2022-11-08 07:08:43,105568.1,,2,2,2916.105,1560.276973489762,1.2693547579377868,1,0,0
28,1160,2023-03-09 08:42:05,US,web,travel,14.38,86.0,0,2,0,high value item,8,3,10,0,0,2023-01-20 14:36:49,68765.26666666666,,2,3,2916.105,1560.276973489762,-1.8597499349810407,0,0,0
167,1160,2023-05-25 07:44:56,US,web,electronics,2943.76,15.0,2,2,0,new device,7,3,21,0,0,2023-03-09 08:42:05,110822.85,,2,3,2916.105,1560.276973489762,0.017724417183537743,0,0,0
342,1160,2023-07-06 19:42:00,US,web,travel,1625.25,82.0,6,2,0,repeat purchase,19,3,27,0,0,2023-05-25 07:44:56,61197.066666666666,,2,3,2916.105,1560.276973489762,-0.8273242648148779,0,0,0
681,1160,2023-07-31 08:35:23,US,web,groceries,1282.13,43.0,5,0,0,high value item,8,0,31,0,0,2023-07-06 19:42:00,35333.38333333333,,2,2,2916.105,1560.276973489762,-1.0472339384368423,0,0,0
333,1160,2023-09-18 10:36:05,US,web,travel,3838.27,26.0,5,2,0,new device,10,0,38,0,0,2023-07-31 08:35:23,70680.7,,1,2,2916.105,1560.276973489762,0.5910264752144988,0,0,0
646,1160,2023-09-27 06:56:41,US,mobile_app,luxury,2080.02,45.0,1,3,1,high value item,6,2,39,0,0,2023-09-18 10:36:05,12740.6,,1,1,2916.105,1560.276973489762,-0.5358567832543137,0,0,0
98,1160,2024-05-24 17:31:03,UK,pos_terminal,gaming,2041.89,33.0,3,1,0,No transaction note found,17,4,21,0,0,2023-09-27 06:56:41,346234.36666666664,,1,2,2916.105,1560.276973489762,-0.5602947520559152,0,0,0
57,1160,2024-10-08 14:48:36,US,mobile_app,travel,4932.67,90.0,3,3,0,first time merchant,14,1,41,0,0,2024-05-24 17:31:03,197117.55,,2,2,2916.105,1560.276973489762,1.2924404027380412,0,0,0
361,1160,2024-12-28 19:14:22,US,pos_terminal,travel,3572.04,41.0,4,2,0,VPN suspected,19,5,52,1,0,2024-10-08 14:48:36,116905.76666666666,,2,1,2916.105,1560.276973489762,0.4203965136605946,0,0,0
83,1161,2022-02-24 19:30:16,CN,pos_terminal,electronics,853.39,89.0,3,9,0,repeat purchase,19,3,8,0,0,,-1.0,,1,1,2233.6071428571427,1310.4936087895012,-1.0532040244988643,0,0,0
412,1161,2022-02-27 22:42:41,MY,pos_terminal,luxury,737.69,84.0,6,0,0,VPN suspected,22,6,8,1,0,2022-02-24 19:30:16,4512.416666666667,,1,2,2233.6071428571427,1310.4936087895012,-1.1414913684614736,1,0,0
60,1161,2023-11-17 02:21:06,MY,mobile_app,gaming,4257.98,87.0,2,1,0,high value item,2,4,46,0,1,2022-02-27 22:42:41,903098.4166666666,,1,2,2233.6071428571427,1310.4936087895012,1.5447407324731357,1,0,0
918,1161,2024-01-02 04:52:28,US,web,gaming,2596.2,14.0,1,1,1,new device,4,1,1,0,1,2023-11-17 02:21:06,66391.36666666667,,2,2,2233.6071428571427,1310.4936087895012,0.2766841857991074,0,0,0
452,1161,2024-01-26 10:05:45,MY,mobile_app,groceries,3057.8,17.0,0,1,0,overnight shipping,10,4,4,0,0,2024-01-02 04:52:28,34873.28333333333,,1,2,2233.6071428571427,1310.4936087895012,0.6289178761460438,1,0,0
1034,1161,2024-03-05 04:48:22,MY,pos_terminal,electronics,1292.59,46.0,5,2,0,high value item,4,1,10,0,1,2024-01-26 10:05:45,55842.61666666667,,2,2,2233.6071428571427,1310.4936087895012,-0.7180631302172906,1,0,0
215,1161,2024-11-24 17:46:20,MY,mobile_app,gaming,2839.6,30.0,6,0,0,overnight shipping,17,6,47,1,0,2024-03-05 04:48:22,380937.9666666667,,1,2,2233.6071428571427,1310.4936087895012,0.462415728759342,1,0,0
587,1162,2022-03-01 19:14:08,AU,pos_terminal,electronics,3661.01,51.0,1,3,0,repeat purchase,19,1,9,0,0,,-1.0,,1,2,2411.459166666667,1558.5058336688671,0.8017620507661334,0,0,0
865,1162,2022-08-01 16:04:45,AU,mobile_app,luxury,2571.43,64.0,1,2,0,overnight shipping,16,0,31,0,0,2022-03-01 19:14:08,220130.61666666667,,2,2,2411.459166666667,1558.5058336688671,0.10264371802622431,0,0,0
179,1162,2022-09-10 14:29:42,AU,pos_terminal,groceries,22.68,80.0,6,1,0,No transaction note found,14,5,36,1,0,2022-08-01 16:04:45,57504.95,,1,2,2411.459166666667,1558.5058336688671,-1.532736750200838,0,0,0
408,1162,2022-10-17 06:08:05,AU,pos_terminal,groceries,391.74,49.0,1,1,0,first time merchant,6,0,42,0,0,2022-09-10 14:29:42,52778.38333333333,,1,2,2411.459166666667,1558.5058336688671,-1.2959330167613559,0,0,0
558,1162,2023-04-08 11:40:00,DE,mobile_app,luxury,1529.45,61.0,4,1,0,high value item,11,5,14,1,0,2022-10-17 06:08:05,249451.91666666666,,1,2,2411.459166666667,1558.5058336688671,-0.5659325410353683,0,0,0
621,1162,2023-04-09 22:09:34,UK,web,luxury,4845.76,59.0,3,3,0,overnight shipping,22,6,14,1,0,2023-04-08 11:40:00,2069.5666666666666,,1,2,2411.459166666667,1558.5058336688671,1.5619452816565746,0,0,0
660,1162,2023-10-19 09:45:50,US,mobile_app,travel,2474.25,52.0,1,2,0,first time merchant,9,3,42,0,0,2023-04-09 22:09:34,277176.26666666666,,1,1,2411.459166666667,1558.5058336688671,0.0402891230670068,0,0,0
184,1162,2024-01-24 18:34:47,AU,pos_terminal,groceries,887.95,33.0,5,6,0,No transaction note found,18,2,4,0,0,2023-10-19 09:45:50,140208.95,,1,1,2411.459166666667,1558.5058336688671,-0.977544731468977,0,0,0
220,1162,2024-06-09 16:40:40,AU,mobile_app,luxury,4023.73,56.0,1,0,0,No transaction note found,16,6,23,1,0,2024-01-24 18:34:47,197165.88333333333,,2,2,2411.459166666667,1558.5058336688671,1.0344977853165285,0,0,0
485,1162,2024-07-12 05:11:19,AU,web,travel,4274.19,52.0,3,0,0,repeat purchase,5,4,28,0,1,2024-06-09 16:40:40,46830.65,,1,2,2411.459166666667,1558.5058336688671,1.1952029906415504,0,0,0
1101,1162,2024-08-20 04:02:37,AU,mobile_app,gaming,1919.34,95.0,1,0,0,high value item,4,1,34,0,1,2024-07-12 05:11:19,56091.3,,1,2,2411.459166666667,1558.5058336688671,-0.3157634421606065,0,0,0
967,1162,2024-12-06 03:54:41,AU,web,electronics,2335.98,62.0,4,2,0,No transaction note found,3,4,49,0,1,2024-08-20 04:02:37,155512.06666666668,,1,2,2411.459166666667,1558.5058336688671,-0.04843046784687486,0,0,0
795,1163,2022-07-08 15:57:52,US,web,electronics,1306.23,63.0,4,3,0,VPN suspected,15,4,27,0,0,,-1.0,,1,1,1835.3916666666667,1021.8228620755715,-0.5178604690756382,0,0,0
719,1163,2022-10-29 14:55:37,US,pos_terminal,groceries,1510.56,12.0,3,3,0,new device,14,5,43,1,0,2022-07-08 15:57:52,162657.75,,1,1,1835.3916666666667,1021.8228620755715,-0.3178943031347472,0,0,0
1068,1163,2023-10-16 23:23:05,US,mobile_app,groceries,863.89,11.0,4,3,0,overnight shipping,23,0,42,0,0,2022-10-29 14:55:37,507387.4666666667,,1,1,1835.3916666666667,1021.8228620755715,-0.9507535040792783,0,0,0
217,1163,2023-11-22 13:40:39,US,web,electronics,1141.86,47.0,4,2,0,overnight shipping,13,2,47,0,0,2023-10-16 23:23:05,52697.566666666666,,1,1,1835.3916666666667,1021.8228620755715,-0.6787200525714748,0,0,0
232,1163,2024-01-04 21:29:44,US,web,groceries,2750.28,94.0,4,2,0,overnight shipping,21,3,1,0,0,2023-11-22 13:40:39,62389.083333333336,,1,1,1835.3916666666667,1021.8228620755715,0.8953492501381034,0,0,0
307,1163,2024-08-25 03:41:42,US,mobile_app,groceries,3439.53,25.0,3,0,0,VPN suspected,3,6,34,1,1,2024-01-04 21:29:44,335891.9666666667,,1,1,1835.3916666666667,1021.8228620755715,1.5698790787230354,0,0,0
491,1164,2022-01-10 14:18:08,CN,mobile_app,electronics,4590.25,92.0,3,3,0,No transaction note found,14,0,2,0,0,,-1.0,,2,2,3803.358571428572,764.9157309212454,1.02872956688146,0,0,0
446,1164,2022-04-16 09:07:17,CN,mobile_app,luxury,4475.64,10.0,5,2,0,repeat purchase,9,5,15,1,0,2022-01-10 14:18:08,137929.15,,1,3,3803.358571428572,764.9157309212454,0.8788960684097181,0,0,0
411,1164,2022-05-26 13:56:02,US,mobile_app,travel,3814.99,54.0,3,2,0,No transaction note found,13,3,21,0,0,2022-04-16 09:07:17,57888.75,,1,1,3803.358571428572,764.9157309212454,0.01520615683693592,0,0,0
1004,1164,2022-06-04 01:39:30,CN,mobile_app,electronics,4618.06,45.0,3,3,0,overnight shipping,1,5,22,1,1,2022-05-26 13:56:02,12223.466666666667,,1,3,3803.358571428572,764.9157309212454,1.0650865129812699,0,0,0
1011,1164,2023-12-25 10:06:14,JP,mobile_app,electronics,3013.79,81.0,5,2,0,first time merchant,10,0,52,0,0,2022-06-04 01:39:30,819866.7333333333,,1,2,3803.358571428572,764.9157309212454,-1.0322294855639003,1,0,0
783,1164,2024-07-23 02:56:33,CN,pos_terminal,gaming,3184.25,28.0,0,2,0,No transaction note found,2,1,30,0,1,2023-12-25 10:06:14,303410.31666666665,,1,1,3803.358571428572,764.9157309212454,-0.8093814081754247,0,0,0
568,1164,2024-12-07 14:53:40,CN,web,electronics,2926.53,82.0,5,2,0,first time merchant,14,5,49,1,0,2024-07-23 02:56:33,197997.11666666667,,2,3,3803.358571428572,764.9157309212454,-1.146307411370062,0,0,0
815,1165,2022-01-15 20:19:39,DE,mobile_app,electronics,2598.43,72.0,5,5,0,VPN suspected,20,5,2,1,0,,-1.0,,1,3,3250.513333333334,2707.324011373835,-0.2408589923458897,0,0,0
279,1165,2023-01-14 03:44:11,DE,mobile_app,electronics,4613.55,64.0,5,2,0,overnight shipping,3,5,2,1,1,2022-01-15 20:19:39,523164.5333333333,,1,3,3250.513333333334,2707.324011373835,0.5034627037400639,0,0,0
407,1165,2023-08-14 00:14:54,DE,mobile_app,luxury,271.32,41.0,5,3,0,high value item,0,0,33,0,1,2023-01-14 03:44:11,305070.7166666667,,2,1,3250.513333333334,2707.324011373835,-1.1004199426508754,0,0,0
191,1165,2024-02-04 00:35:55,DE,web,electronics,7983.27,20.0,5,2,0,No transaction note found,0,6,5,1,1,2023-08-14 00:14:54,250581.01666666666,,2,2,3250.513333333334,2707.324011373835,1.7481308653060046,0,0,0
351,1165,2024-05-04 15:07:31,DE,pos_terminal,gaming,2181.71,34.0,3,1,0,first time merchant,15,5,18,1,0,2024-02-04 00:35:55,130471.6,,1,3,3250.513333333334,2707.324011373835,-0.39478220148129517,0,0,0
752,1165,2024-09-22 12:14:35,DE,web,electronics,1854.8,22.0,5,2,1,first time merchant,12,6,38,1,0,2024-05-04 15:07:31,202867.06666666668,,1,2,3250.513333333334,2707.324011373835,-0.5155324325680092,0,0,0
2,1166,2022-01-31 02:59:48,JP,web,luxury,1069.52,17.0,0,2,0,overnight shipping,2,0,5,0,1,,-1.0,,1,2,3765.528,3545.38018461501,-0.76042846172018,1,0,0
173,1166,2022-12-08 03:08:44,JP,web,electronics,2954.16,66.0,3,0,0,high value item,3,3,49,0,1,2022-01-31 02:59:48,447848.93333333335,,1,1,3765.528,3545.38018461501,-0.2288521844627238,1,0,0
596,1166,2023-05-17 07:44:45,JP,web,travel,1388.11,18.0,1,0,0,No transaction note found,7,2,20,0,0,2022-12-08 03:08:44,230676.01666666666,,2,1,3765.528,3545.38018461501,-0.6705678590738109,1,0,0
612,1166,2023-09-08 07:44:05,JP,mobile_app,luxury,9821.17,52.0,6,0,0,high value item,7,4,36,0,0,2023-05-17 07:44:45,164159.33333333334,,2,1,3765.528,3545.38018461501,1.708037413386056,1,0,0
359,1166,2024-04-08 06:56:19,JP,pos_terminal,luxury,3594.68,76.0,2,2,0,new device,6,0,15,0,0,2023-09-08 07:44:05,306672.23333333334,,1,2,3765.528,3545.38018461501,-0.04818890812934134,1,0,0
909,1167,2023-10-19 08:43:09,CN,pos_terminal,travel,4774.84,73.0,4,0,0,new device,8,3,42,0,0,,-1.0,,2,2,2832.633333333333,2465.459757725576,0.7877665253227991,0,0,0
102,1167,2023-11-23 08:48:52,CN,pos_terminal,luxury,3664.13,27.0,3,0,0,repeat purchase,8,3,47,0,0,2023-10-19 08:43:09,50405.71666666667,,2,2,2832.633333333333,2465.459757725576,0.3372582594630282,0,0,0
576,1167,2024-04-08 00:10:20,CN,pos_terminal,luxury,58.93,95.0,6,3,0,first time merchant,0,0,15,0,1,2023-11-23 08:48:52,196761.46666666667,,1,1,2832.633333333333,2465.459757725576,-1.125024784785827,0,0,0
419,1168,2022-07-25 23:24:18,SG,pos_terminal,groceries,4381.29,74.0,3,2,0,No transaction note found,23,0,30,0,0,,-1.0,,1,1,2969.23625,1617.534416636849,0.8729667421456905,1,0,0
1098,1168,2022-11-13 18:58:47,SG,pos_terminal,travel,1603.76,71.0,3,3,0,No transaction note found,18,6,45,1,0,2022-07-25 23:24:18,159574.48333333334,,1,1,2969.23625,1617.534416636849,-0.844171373391285,1,0,0
991,1168,2022-12-08 03:28:29,SG,mobile_app,gaming,4307.35,84.0,6,0,0,high value item,3,3,49,0,1,2022-11-13 18:58:47,35069.7,,1,1,2969.23625,1617.534416636849,0.827255195461117,1,0,0
801,1168,2023-01-18 00:59:39,SG,mobile_app,electronics,318.34,69.0,4,1,0,VPN suspected,0,2,3,0,1,2022-12-08 03:28:29,58891.166666666664,,1,2,2969.23625,1617.534416636849,-1.6388499822536695,1,0,0
1173,1168,2023-02-10 07:59:51,SG,mobile_app,gaming,3715.49,14.0,1,3,0,No transaction note found,7,4,6,0,0,2023-01-18 00:59:39,33540.2,,3,2,2969.23625,1617.534416636849,0.4613526255296616,1,0,0
1103,1168,2024-01-17 07:40:59,SG,pos_terminal,luxury,4682.3,52.0,1,2,1,new device,7,2,3,0,0,2023-02-10 07:59:51,491021.13333333336,,3,2,2969.23625,1617.534416636849,1.0590586094370555,1,0,0
691,1168,2024-03-15 07:36:22,SG,pos_terminal,electronics,3219.87,34.0,6,0,0,high value item,7,4,11,0,0,2024-01-17 07:40:59,83515.38333333333,,3,2,2969.23625,1617.534416636849,0.1549480168224881,1,0,0
1100,1168,2024-08-13 12:09:53,SG,pos_terminal,electronics,1525.49,39.0,6,0,0,new device,12,1,33,0,0,2024-03-15 07:36:22,217713.51666666666,,1,1,2969.23625,1617.534416636849,-0.8925598337510576,1,0,0
521,1169,2022-05-08 07:31:04,JP,pos_terminal,travel,3828.11,19.0,4,0,0,No transaction note found,7,6,18,1,0,,-1.0,,1,2,3719.1454545454544,2350.314277693071,0.04636169149323249,1,0,0
1028,1169,2022-11-23 18:03:40,JP,web,electronics,4663.31,48.0,3,1,0,overnight shipping,18,2,47,0,0,2022-05-08 07:31:04,287192.6,,1,2,3719.1454545454544,2350.314277693071,0.40171842311287914,1,0,0
1105,1169,2023-01-03 01:09:44,JP,pos_terminal,travel,355.84,71.0,3,2,0,No transaction note found,1,1,1,0,1,2022-11-23 18:03:40,58026.066666666666,,1,1,3719.1454545454544,2350.314277693071,-1.4310024350644186,1,0,0
283,1169,2023-01-27 09:44:24,JP,pos_terminal,gaming,4426.19,34.0,1,1,0,first time merchant,9,4,4,0,0,2023-01-03 01:09:44,35074.666666666664,,1,2,3719.1454545454544,2350.314277693071,0.3008297878139677,1,0,0
750,1169,2023-02-17 20:09:13,JP,web,groceries,4745.77,100.0,1,0,0,new device,20,4,7,0,0,2023-01-27 09:44:24,30864.816666666666,,1,2,3719.1454545454544,2350.314277693071,0.43680309276009666,1,0,0
647,1169,2023-04-02 02:40:07,JP,mobile_app,electronics,1637.57,42.0,5,3,0,No transaction note found,2,6,13,1,1,2023-02-17 20:09:13,62310.9,,1,2,3719.1454545454544,2350.314277693071,-0.8856583454824628,1,0,0
613,1169,2023-08-24 11:39:26,JP,mobile_app,groceries,2593.48,95.0,0,0,0,high value item,11,3,34,0,0,2023-04-02 02:40:07,207899.31666666668,,1,1,3719.1454545454544,2350.314277693071,-0.47894252493344885,1,0,0
631,1169,2024-04-08 08:09:45,JP,mobile_app,luxury,1926.82,47.0,0,1,0,No transaction note found,8,0,15,0,0,2023-08-24 11:39:26,328110.31666666665,,1,2,3719.1454545454544,2350.314277693071,-0.7625896977082975,1,0,0
53,1169,2024-05-18 15:38:28,JP,web,travel,2150.14,85.0,5,1,0,repeat purchase,15,5,20,1,0,2024-04-08 08:09:45,58048.71666666667,,2,1,3719.1454545454544,2350.314277693071,-0.6675726176013776,1,0,0
319,1169,2024-10-16 15:32:16,JP,pos_terminal,travel,8819.82,25.0,2,3,1,first time merchant,15,2,42,0,0,2024-05-18 15:38:28,217433.8,,2,2,3719.1454545454544,2350.314277693071,2.170209573189959,1,0,0
649,1169,2024-10-28 06:49:13,JP,web,travel,5763.55,42.0,2,0,0,overnight shipping,6,0,44,0,0,2024-10-16 15:32:16,16756.95,,1,2,3719.1454545454544,2350.314277693071,0.8698430524198713,1,0,0
845,1170,2022-04-13 08:02:37,CN,pos_terminal,electronics,3952.56,64.0,3,1,0,No transaction note found,8,2,15,0,0,,-1.0,,1,3,2855.076,1208.1680197912608,0.9083868981978317,0,0,0
1180,1170,2023-04-23 10:13:35,CN,pos_terminal,luxury,3169.32,80.0,5,2,0,No transaction note found,10,6,16,1,0,2022-04-13 08:02:37,540130.9666666667,,1,1,2855.076,1208.1680197912608,0.26009958453816145,0,0,0
1086,1170,2023-04-26 02:43:49,CN,mobile_app,gaming,3199.03,24.0,6,3,0,first time merchant,2,2,17,0,1,2023-04-23 10:13:35,3870.233333333333,,2,3,2855.076,1208.1680197912608,0.28469053506268627,0,0,0
6,1170,2023-09-06 21:06:56,CN,web,electronics,778.08,36.0,1,2,0,No transaction note found,21,2,36,0,0,2023-04-26 02:43:49,192623.11666666667,,1,3,2855.076,1208.1680197912608,-1.719128437416221,0,0,0
722,1170,2024-11-02 02:09:59,CN,mobile_app,luxury,3176.39,35.0,3,6,1,new device,2,5,44,1,1,2023-09-06 21:06:56,607983.05,,2,1,2855.076,1208.1680197912608,0.26595141961754154,0,0,0
272,1171,2022-06-09 21:40:34,JP,mobile_app,travel,1718.39,70.0,3,2,0,No transaction note found,21,3,23,0,0,,-1.0,,3,3,2089.3714285714286,1442.348499091782,-0.25720651340853345,1,0,0
663,1171,2022-06-23 21:58:20,JP,web,electronics,4031.33,19.0,0,1,0,repeat purchase,21,3,25,0,0,2022-06-09 21:40:34,20177.766666666666,,3,3,2089.3714285714286,1442.348499091782,1.346386516609116,1,0,0
9,1171,2023-05-24 08:10:50,JP,mobile_app,electronics,1112.95,68.0,6,1,0,VPN suspected,8,2,21,0,0,2022-06-23 21:58:20,481572.5,,1,1,2089.3714285714286,1442.348499091782,-0.6769663706006291,1,0,0
811,1171,2023-07-27 17:40:21,JP,mobile_app,gaming,1587.32,52.0,4,0,0,VPN suspected,17,3,30,0,0,2023-05-24 08:10:50,92729.51666666666,,1,3,2089.3714285714286,1442.348499091782,-0.3480791423761736,1,0,0
873,1171,2024-03-09 13:17:05,JP,pos_terminal,luxury,1496.15,21.0,1,0,0,repeat purchase,13,5,10,1,0,2023-07-27 17:40:21,325176.73333333334,,1,1,2089.3714285714286,1442.348499091782,-0.4112885540110231,1,0,0
374,1171,2024-06-30 21:07:22,UK,pos_terminal,gaming,4195.89,11.0,2,9,1,overnight shipping,21,6,26,1,0,2024-03-09 13:17:05,163190.28333333333,,3,1,2089.3714285714286,1442.348499091782,1.4604782219796424,0,0,0
546,1171,2024-09-20 15:50:40,JP,mobile_app,travel,483.57,46.0,3,3,0,overnight shipping,15,4,38,0,0,2024-06-30 21:07:22,117763.3,,1,1,2089.3714285714286,1442.348499091782,-1.1133241581923992,1,0,0
1186,1172,2022-02-22 13:43:56,UK,web,gaming,555.58,59.0,2,0,0,new device,13,1,8,0,0,,-1.0,,2,2,2199.3112499999997,1541.522465897586,-1.0663037914552225,0,0,0
298,1172,2022-05-15 06:57:56,UK,web,luxury,1442.58,23.0,0,3,0,high value item,6,6,19,1,0,2022-02-22 13:43:56,117674.0,,1,2,2199.3112499999997,1541.522465897586,-0.49089861921627986,0,0,0
416,1172,2022-07-26 00:03:17,UK,web,travel,210.25,10.0,4,2,0,overnight shipping,0,1,30,0,1,2022-05-15 06:57:56,103265.35,,1,2,2199.3112499999997,1541.522465897586,-1.290322583032758,0,0,0
765,1172,2022-08-24 16:41:18,UK,mobile_app,groceries,4064.02,83.0,2,0,0,overnight shipping,16,2,34,0,0,2022-07-26 00:03:17,42758.01666666667,,1,1,2199.3112499999997,1541.522465897586,1.2096539565605564,0,0,0
903,1172,2022-09-17 23:40:47,UK,web,groceries,1385.71,29.0,1,3,0,new device,23,5,37,1,0,2022-08-24 16:41:18,34979.48333333333,,1,1,2199.3112499999997,1541.522465897586,-0.5277907185908329,0,0,0
119,1172,2022-10-02 10:07:15,UK,web,gaming,2554.61,27.0,3,1,0,new device,10,6,39,1,0,2022-09-17 23:40:47,20786.466666666667,,1,2,2199.3112499999997,1541.522465897586,0.23048561267196305,0,0,0
376,1172,2022-12-26 02:37:08,UK,web,gaming,4277.54,45.0,5,2,0,repeat purchase,2,0,52,0,1,2022-10-02 10:07:15,121949.88333333333,,1,2,2199.3112499999997,1541.522465897586,1.3481663718665982,0,0,0
935,1172,2023-02-27 13:19:15,AU,pos_terminal,gaming,3104.2,82.0,4,2,0,overnight shipping,13,0,9,0,0,2022-12-26 02:37:08,91362.11666666667,,2,2,2199.3112499999997,1541.522465897586,0.5870097711959769,0,0,0
128,1173,2022-10-20 02:33:36,CN,pos_terminal,groceries,3612.44,29.0,4,1,0,No transaction note found,2,3,42,0,1,,-1.0,,1,1,3548.355,1026.5617642222624,0.06242683317603567,0,0,0
923,1173,2023-01-10 22:05:54,CN,pos_terminal,luxury,3810.46,43.0,3,3,0,new device,22,1,2,0,0,2022-10-20 02:33:36,119252.3,,1,1,3548.355,1026.5617642222624,0.25532316625738977,0,0,0
286,1173,2024-04-03 10:07:43,CN,web,gaming,3965.72,85.0,0,1,0,overnight shipping,10,2,14,0,0,2023-01-10 22:05:54,645841.8166666667,,2,1,3548.355,1026.5617642222624,0.4065658926194289,0,0,0
949,1173,2024-08-18 20:09:21,CN,web,groceries,2994.39,84.0,2,2,0,high value item,20,6,33,1,0,2024-04-03 10:07:43,197881.63333333333,,1,1,3548.355,1026.5617642222624,-0.5396314370033953,0,0,0
516,1173,2024-09-02 10:48:14,CN,web,groceries,1921.03,18.0,2,0,0,high value item,10,0,36,0,0,2024-08-18 20:09:21,21038.883333333335,,2,2,3548.355,1026.5617642222624,-1.5852187922008614,0,0,0
760,1173,2024-12-23 18:57:58,CN,mobile_app,luxury,4986.09,82.0,3,3,0,new device,18,0,52,0,0,2024-09-02 10:48:14,161769.73333333334,,1,2,3548.355,1026.5617642222624,1.400534337151402,0,0,0
164,1174,2023-11-19 20:05:14,US,pos_terminal,gaming,4434.33,84.0,6,0,0,first time merchant,20,6,46,1,0,,-1.0,,1,1,2410.044,1743.428315465496,1.1610950573895633,0,0,0
165,1174,2024-02-21 16:19:26,US,web,groceries,1714.01,68.0,6,0,0,new device,16,2,8,0,0,2023-11-19 20:05:14,135134.2,,1,2,2410.044,1743.428315465496,-0.39923293308113933,0,0,0
276,1174,2024-03-09 15:16:09,US,mobile_app,electronics,3986.75,50.0,5,0,0,No transaction note found,15,5,10,1,0,2024-02-21 16:19:26,24416.716666666667,,1,2,2410.044,1743.428315465496,0.9043709947885176,0,0,0
997,1174,2024-04-24 02:02:57,US,pos_terminal,luxury,1617.33,52.0,6,2,0,overnight shipping,2,2,17,0,1,2024-03-09 15:16:09,65446.8,,1,2,2410.044,1743.428315465496,-0.45468689074740937,0,0,0
747,1174,2024-12-07 08:36:50,US,web,luxury,297.8,95.0,6,2,0,VPN suspected,8,5,49,1,0,2024-04-24 02:02:57,327273.88333333336,,1,2,2410.044,1743.428315465496,-1.211546228349532,0,0,0
984,1175,2022-05-09 10:11:07,US,mobile_app,luxury,3304.81,38.0,6,0,0,repeat purchase,10,0,19,0,0,,-1.0,,1,2,2917.478888888889,1680.3586225778797,0.2305050278594083,0,0,0
105,1175,2022-06-15 20:54:41,US,web,luxury,2763.95,11.0,0,3,0,No transaction note found,20,2,24,0,0,2022-05-09 10:11:07,53923.566666666666,,1,1,2917.478888888889,1680.3586225778797,-0.09136673971021528,0,0,0
196,1175,2022-12-06 16:08:28,US,pos_terminal,travel,4838.71,71.0,0,3,0,new device,16,1,49,0,0,2022-06-15 20:54:41,250273.78333333333,,2,3,2917.478888888889,1680.3586225778797,1.1433458818235498,0,0,0
728,1175,2024-01-02 21:36:05,US,mobile_app,gaming,4981.58,15.0,6,1,0,VPN suspected,21,1,1,0,0,2022-12-06 16:08:28,564807.6166666667,,1,3,2917.478888888889,1680.3586225778797,1.2283693988754154,0,0,0
1168,1175,2024-06-17 12:54:56,US,web,gaming,132.6,80.0,1,2,0,new device,12,0,25,0,0,2024-01-02 21:36:05,239958.85,,1,2,2917.478888888889,1680.3586225778797,-1.6573122257774577,0,0,0
278,1175,2024-07-02 11:14:46,US,web,electronics,460.61,94.0,1,0,0,No transaction note found,11,1,27,0,0,2024-06-17 12:54:56,21499.833333333332,,1,3,2917.478888888889,1680.3586225778797,-1.4621098471942526,0,0,0
822,1175,2024-08-11 16:32:32,US,mobile_app,gaming,3466.9,57.0,2,3,0,No transaction note found,16,6,32,1,0,2024-07-02 11:14:46,57917.76666666667,,2,1,2917.478888888889,1680.3586225778797,0.32696657947232166,0,0,0
926,1175,2024-10-04 08:06:52,US,mobile_app,gaming,2794.89,25.0,2,0,0,VPN suspected,8,4,40,0,0,2024-08-11 16:32:32,77254.33333333333,,1,1,2917.478888888889,1680.3586225778797,-0.07295400353337808,0,0,0
438,1175,2024-12-26 22:07:25,US,web,electronics,3513.26,41.0,5,0,0,high value item,22,3,52,0,0,2024-10-04 08:06:52,120360.55,,1,1,2917.478888888889,1680.3586225778797,0.3545559281846091,0,0,0
764,1176,2022-02-19 23:01:05,UK,pos_terminal,luxury,3440.09,22.0,4,0,0,first time merchant,23,5,7,1,0,,-1.0,,1,1,2717.796363636364,1284.9299685567753,0.5621268505200417,0,0,0
322,1176,2022-05-15 09:07:21,UK,pos_terminal,gaming,3289.18,75.0,2,3,0,VPN suspected,9,6,19,1,0,2022-02-19 23:01:05,121566.26666666666,,1,2,2717.796363636364,1284.9299685567753,0.44468076108880106,0,0,0
976,1176,2022-09-09 01:14:17,DE,mobile_app,groceries,4690.77,45.0,3,3,0,overnight shipping,1,4,36,0,1,2022-05-15 09:07:21,168006.93333333332,,1,2,2717.796363636364,1284.9299685567753,1.5354717258090473,0,0,0
25,1176,2023-01-15 06:13:47,UK,pos_terminal,travel,2623.66,22.0,2,1,0,new device,6,6,2,1,0,2022-09-09 01:14:17,184619.5,,2,2,2717.796363636364,1284.9299685567753,-0.0732618632454322,0,0,0
500,1176,2023-05-04 05:20:43,UK,web,gaming,710.03,70.0,0,2,0,No transaction note found,5,3,18,0,1,2023-01-15 06:13:47,156906.93333333332,,1,2,2717.796363636364,1284.9299685567753,-1.5625492538643748,0,0,0
911,1176,2023-05-09 02:05:45,UK,pos_terminal,travel,140.92,44.0,3,3,0,overnight shipping,2,1,19,0,1,2023-05-04 05:20:43,7005.033333333334,,3,2,2717.796363636364,1284.9299685567753,-2.0054605516989334,0,0,0
234,1176,2023-07-20 17:32:35,UK,pos_terminal,groceries,2302.39,43.0,4,2,0,VPN suspected,17,3,29,0,0,2023-05-09 02:05:45,104606.83333333333,,1,2,2717.796363636364,1284.9299685567753,-0.3232910538330315,0,0,0
731,1176,2023-10-18 18:15:45,UK,mobile_app,electronics,3341.68,85.0,5,3,0,No transaction note found,18,2,42,0,0,2023-07-20 17:32:35,129643.16666666667,,1,2,2717.796363636364,1284.9299685567753,0.48553901895865803,0,0,0
1107,1176,2024-01-02 02:30:44,UK,pos_terminal,groceries,2965.85,55.0,2,0,0,repeat purchase,2,1,1,0,1,2023-10-18 18:15:45,108494.98333333334,,3,2,2717.796363636364,1284.9299685567753,0.19304837028764163,0,0,0
1006,1176,2024-02-21 06:03:30,UK,pos_terminal,luxury,3264.34,29.0,0,1,0,high value item,6,2,8,0,0,2024-01-02 02:30:44,72212.76666666666,,2,2,2717.796363636364,1284.9299685567753,0.4253489682223775,0,0,0
378,1176,2024-05-17 02:58:15,UK,mobile_app,gaming,3126.85,65.0,4,2,0,VPN suspected,2,4,20,0,1,2024-02-21 06:03:30,123654.75,,3,2,2717.796363636364,1284.9299685567753,0.3183470277552032,0,0,0
428,1177,2022-07-03 14:55:52,AU,mobile_app,luxury,600.88,72.0,4,3,0,No transaction note found,14,6,26,1,0,,-1.0,,1,1,3137.664285714286,2127.2660725956302,-1.192509163942512,0,0,0
894,1177,2022-09-14 22:56:13,AU,pos_terminal,gaming,3494.75,38.0,3,3,0,overnight shipping,22,2,37,0,0,2022-07-03 14:55:52,105600.35,,1,1,3137.664285714286,2127.2660725956302,0.1678613309758699,0,0,0
405,1177,2022-09-30 10:11:40,AU,pos_terminal,gaming,3332.19,12.0,4,1,0,repeat purchase,10,4,39,0,0,2022-09-14 22:56:13,22275.45,,1,1,3137.664285714286,2127.2660725956302,0.09144399790495375,0,0,0
632,1177,2023-03-25 07:56:14,AU,web,groceries,6218.4,88.0,3,1,0,first time merchant,7,5,12,1,0,2022-09-30 10:11:40,253304.56666666668,,1,2,3137.664285714286,2127.2660725956302,1.4482136268580106,0,0,0
85,1177,2023-06-26 19:30:12,DE,pos_terminal,gaming,4864.58,46.0,5,2,0,No transaction note found,19,0,26,0,0,2023-03-25 07:56:14,134613.96666666667,,1,1,3137.664285714286,2127.2660725956302,0.811800524876787,0,0,0
1183,1177,2024-08-03 02:01:15,AU,web,luxury,295.59,10.0,2,3,0,high value item,2,5,31,1,1,2023-06-26 19:30:12,580711.05,,1,2,3137.664285714286,2127.2660725956302,-1.3360220060513948,0,0,0
870,1177,2024-12-05 12:29:27,AU,web,electronics,3157.26,81.0,5,3,0,No transaction note found,12,3,49,0,0,2024-08-03 02:01:15,179188.2,,1,1,3137.664285714286,2127.2660725956302,0.009211689378284506,0,0,0
294,1178,2022-07-20 14:31:15,UK,web,luxury,664.43,52.0,0,2,0,first time merchant,14,2,29,0,0,,-1.0,,1,1,2635.78,1393.346064851332,-1.414831569650531,0,0,0
26,1178,2022-09-16 20:55:48,UK,web,travel,2394.09,16.0,6,0,1,high value item,20,4,37,0,0,2022-07-20 14:31:15,83904.55,,1,3,2635.78,1393.346064851332,-0.17346013750416558,0,0,0
1135,1178,2022-12-01 04:58:12,UK,pos_terminal,gaming,1501.56,91.0,3,3,0,first time merchant,4,3,48,0,1,2022-09-16 20:55:48,108482.4,,1,1,2635.78,1393.346064851332,-0.8140260546980623,0,0,0
254,1178,2023-03-05 19:03:06,UK,pos_terminal,travel,2418.83,46.0,6,2,0,VPN suspected,19,6,9,1,0,2022-12-01 04:58:12,136204.9,,1,3,2635.78,1393.346064851332,-0.15570431888588177,0,0,0
892,1178,2023-08-06 02:04:34,UK,pos_terminal,electronics,4952.44,88.0,1,2,0,overnight shipping,2,6,31,1,1,2023-03-05 19:03:06,220741.46666666667,,1,3,2635.78,1393.346064851332,1.6626594486755764,0,0,0
21,1178,2023-09-10 21:38:51,UK,pos_terminal,electronics,2142.46,74.0,0,3,0,high value item,21,6,36,1,0,2023-08-06 02:04:34,51574.28333333333,,1,3,2635.78,1393.346064851332,-0.35405418111446474,0,0,0
145,1178,2024-01-05 18:01:45,UK,pos_terminal,travel,4741.89,52.0,1,0,0,repeat purchase,18,4,1,0,0,2023-09-10 21:38:51,168262.9,,2,3,2635.78,1393.346064851332,1.511548389254409,0,0,0
517,1178,2024-07-09 12:08:40,UK,web,groceries,2188.14,52.0,3,1,1,high value item,12,1,28,0,0,2024-01-05 18:01:45,267486.9166666667,,1,1,2635.78,1393.346064851332,-0.32126979168507064,0,0,0
1190,1178,2024-09-06 18:42:06,UK,pos_terminal,electronics,2718.18,51.0,0,0,0,new device,18,4,36,0,0,2024-07-09 12:08:40,85353.43333333333,,2,3,2635.78,1393.346064851332,0.05913821560818891,0,0,0
1063,1179,2022-02-22 19:27:07,UK,web,electronics,7965.46,78.0,2,2,0,repeat purchase,19,1,8,0,0,,-1.0,,1,1,3360.7766666666666,2158.891143566016,2.1328927801924293,0,0,0
1157,1179,2022-07-29 04:59:14,AU,web,groceries,4952.41,90.0,6,0,0,VPN suspected,4,4,30,0,1,2022-02-22 19:27:07,225212.11666666667,,1,5,3360.7766666666666,2158.891143566016,0.7372457560339531,0,0,0
462,1179,2022-08-06 21:37:04,UK,pos_terminal,groceries,1826.86,19.0,6,1,0,new device,21,5,31,1,0,2022-07-29 04:59:14,12517.833333333334,,1,1,3360.7766666666666,2158.891143566016,-0.7105113526627247,0,0,0
666,1179,2022-09-11 22:48:04,UK,mobile_app,groceries,3176.85,86.0,5,3,0,new device,22,6,36,1,0,2022-08-06 21:37:04,51911.0,,1,1,3360.7766666666666,2158.891143566016,-0.08519497021181906,0,0,0
74,1179,2022-12-23 11:32:14,UK,web,groceries,2470.62,83.0,6,1,0,overnight shipping,11,4,51,0,0,2022-09-11 22:48:04,147644.16666666666,,2,5,3360.7766666666666,2158.891143566016,-0.41232123690883393,0,0,0
921,1179,2023-01-25 16:38:38,UK,mobile_app,gaming,3456.26,38.0,1,3,0,repeat purchase,16,2,4,0,0,2022-12-23 11:32:14,47826.4,,1,1,3360.7766666666666,2158.891143566016,0.04422795175101603,0,0,0
20,1179,2023-06-09 11:10:38,UK,pos_terminal,electronics,819.67,84.0,2,3,0,repeat purchase,11,4,23,0,0,2023-01-25 16:38:38,194072.0,,2,5,3360.7766666666666,2158.891143566016,-1.1770425175163366,0,0,0
876,1179,2024-01-05 14:54:40,UK,pos_terminal,groceries,1514.33,10.0,4,1,0,overnight shipping,14,4,1,0,0,2023-06-09 11:10:38,302624.0333333333,,1,5,3360.7766666666666,2158.891143566016,-0.8552754835136063,0,0,0
429,1179,2024-06-07 09:36:08,UK,web,travel,4064.53,81.0,6,3,0,first time merchant,9,4,23,0,0,2024-01-05 14:54:40,221441.46666666667,,1,5,3360.7766666666666,2158.891143566016,0.3259790728359221,0,0,0
