transaction_id,user_id,amount,hour,device_risk_score,ip_risk_score,transaction_type,merchant_category,country,is_fraud
5140469,953,93.22700832042902,9,0.07968233488781745,0.2714519291829384,ATM,Travel,FR,0
9606001,189,77.85490355257767,23,0.02961126517967152,0.05010696292695693,ATM,Electronics,US,0
577834,451,56.96314678561015,16,0.013082638620794812,0.09379968564754837,Online,Clothing,UK,0
1192751,58,1.0,12,0.17490003027624662,0.02899492281200854,QR,Electronics,US,0
16572070,50,31.650773089328737,20,0.13027504824315964,0.1305029993862198,Online,Food,DE,0
12748758,884,58.984294373778525,16,0.062242513434921154,0.24191843404885466,ATM,Travel,UK,0
9186824,195,1606.7628600548023,5,0.7955130497955967,0.7960159525406959,QR,Grocery,US,1
11796730,365,16.117231719957516,23,0.04199526631673266,0.19899154172494857,POS,Travel,FR,0
6430425,230,137.31378128247923,11,0.12569037675065955,0.20375370586607036,ATM,Travel,FR,0
4076185,202,110.69497901819186,8,0.08231169627868205,0.14822996194064397,Online,Electronics,FR,0
2826117,3,80.29733312480815,12,0.015692191239083286,0.20705018772371164,ATM,Food,FR,0
13305354,48,133.92816772647376,19,0.07958080482777737,0.12591440470075693,QR,Clothing,UK,0
1214534,887,134.80521577345826,23,0.06592840091136469,0.15054209937423996,ATM,Travel,UK,0
1052228,157,112.21435297243701,17,0.05484349921109938,0.15545211846118623,POS,Food,UK,0
11028839,177,113.59302382803885,18,0.0672638291068641,0.19322237149630822,ATM,Travel,US,0
8705484,937,69.07662933617729,17,0.22830885876783721,0.18398185749715293,ATM,Travel,TR,0
2086100,761,39.9800799146886,7,0.09508340031994911,0.0461950872100526,POS,Clothing,TR,0
12913038,908,52.65347773897377,18,3.0274785175044003e-05,0.28794863758630285,QR,Grocery,US,0
10070326,794,41.42040566015384,16,0.03970305672465364,0.054252330271850654,Online,Travel,US,0
2285844,286,98.12792626424387,11,0.07295283331477288,0.2789839758098098,ATM,Clothing,FR,0
4415929,261,91.04780714582465,22,0.014973348726972853,0.21605261684464497,QR,Electronics,US,0
3526327,553,48.065724179450314,10,0.7308986202165189,0.9996026492679309,ATM,Travel,US,1
16493894,614,146.4482793718092,18,0.026358153819756647,0.15453100929680724,ATM,Electronics,US,0
13187625,745,53.47239257024055,15,0.053181618888844054,0.04765825580585515,QR,Travel,DE,0
8358030,110,137.76800694975947,11,0.2701764113200004,0.09681411260271817,Online,Travel,US,0
11043562,69,89.50579327637442,21,0.22419368975393558,0.07556632395327006,ATM,Clothing,UK,0
8049233,279,95.77038520479469,16,0.07450190425479118,0.18107732572059404,Online,Electronics,US,0
4798301,82,89.85704488203908,15,0.2397789404286636,0.1800755066557784,POS,Travel,FR,0
15305682,253,54.09627992720686,15,0.07386195981600722,0.02565618844097598,QR,Clothing,FR,0
13317661,117,52.75875426899552,16,0.028105977735645906,0.2607352399256609,POS,Electronics,UK,0
10245424,11,69.4470564805797,10,0.15627114470100295,0.0327277123188573,POS,Travel,FR,0
9950402,532,3325.9830132877496,9,0.7930976205123264,0.8807472928763292,POS,Clothing,NG,1
5968816,437,119.26173605569484,18,0.09482672303112259,0.12873184948716626,QR,Electronics,US,0
4756993,930,29.008085401415826,18,0.2798552041411149,0.03222387892027674,QR,Food,US,0
9243812,393,93.87524268738878,13,0.2106687028389531,0.15521496696661286,POS,Grocery,UK,0
12771345,747,2504.0372408501626,7,0.8365470749184538,0.7785708644047269,Online,Travel,US,1
15305547,389,81.21306244086753,14,0.20594648204796362,0.10768763638391365,QR,Electronics,DE,0
10417186,950,49.40713104373103,17,0.10846285149673353,0.18976615285235773,QR,Food,TR,0
12111828,468,21.360193631505844,17,0.774714673906123,0.29716413934041414,QR,Clothing,TR,0
874482,608,131.15555693067907,22,0.04633538289667373,0.18264930327661247,ATM,Travel,FR,0
13261456,199,45.67517415531335,17,0.27754922118041087,0.20984344743884326,POS,Travel,US,0
3930949,696,34.20024712061195,11,0.07337363388095658,0.04025069485552044,QR,Food,DE,0
3662669,967,104.58294338776349,16,0.15617464527792416,0.1234907526409533,ATM,Travel,US,0
15345035,56,117.24930106370219,14,0.1716629513487793,0.041083220349362334,QR,Electronics,UK,0
13473736,901,70.10480183723118,22,0.23108508013101803,0.13877446136784055,POS,Food,FR,0
8501952,182,1.0,20,0.7225139908414243,0.045762869898425054,POS,Clothing,DE,1
12018841,624,61.68624623325308,9,0.19790625920854574,0.2771724586517491,QR,Travel,US,0
12061887,443,89.03597935606028,10,0.1375057084870708,0.032335296208348345,ATM,Food,DE,0
6540286,213,60.69029709441072,14,0.09626926129988697,0.15398632985570432,QR,Clothing,UK,0
12265879,234,129.48278261201492,10,0.046503056155949164,0.03966011340418527,ATM,Grocery,DE,0
10908797,284,47.71361254514342,21,0.14514603646228405,0.17002657158792897,ATM,Food,TR,0
13394046,559,65.41089248209859,20,0.03592991605129139,0.2740656052324912,QR,Travel,US,0
14902682,557,37.11736439476739,22,0.1194543624958237,0.1455638620025331,QR,Food,FR,0
6996079,342,1.0,17,0.08923863415843443,0.08547072895559088,QR,Electronics,US,0
12200616,890,82.17793780074877,13,0.7469880367222619,0.03646895175616739,QR,Food,DE,0
10818285,430,86.50948736076136,20,0.27225947958995766,0.1315654796949323,POS,Travel,UK,0
5363917,625,101.18455816566879,16,0.0061144697267645105,0.2511406530044852,QR,Clothing,UK,0
6699504,705,21.715582836887407,15,0.009142209574647911,0.1352882505590593,QR,Electronics,US,0
2431266,525,106.62250612972379,8,0.27465995903190804,0.1547121859440563,QR,Food,US,0
3591172,386,21.73973128044703,16,0.03815703256249837,0.22022172367276155,Online,Electronics,US,0
9481462,336,88.144654089809,18,0.11933848418951845,0.24178775790069362,ATM,Electronics,TR,0
12591094,584,1089.4199223804212,22,0.7668655651809595,0.910126091377623,ATM,Grocery,UK,1
11422113,111,108.52142603049235,20,0.016097652310946484,0.15358758130141123,QR,Clothing,US,0
16721683,911,1733.370330850718,5,0.7615205746799201,0.9021665885245261,POS,Electronics,US,1
14948001,600,79.97809214770541,17,0.036918967314083,0.06141713840780623,ATM,Grocery,TR,0
6330175,826,110.04882473002957,8,0.13250255267583064,0.16679178420196997,ATM,Grocery,TR,0
12008699,526,85.84967539193875,20,0.022901329210385096,0.1574267675446084,ATM,Electronics,UK,0
16403005,601,6.64511906756988,15,0.0014041918606656628,0.06587997656249453,Online,Electronics,TR,0
3171140,269,35.66263019535546,18,0.07364569589106681,0.2832769645786907,ATM,Electronics,FR,0
11590704,456,83.2815041491026,16,0.2699602379978458,0.007914401754408412,QR,Grocery,TR,0
1672336,411,59.72095465437426,18,0.22402369719120532,0.1457079048227683,QR,Travel,FR,0
12361645,123,149.85291000433983,12,0.1740051306945807,0.011231947955859883,POS,Electronics,FR,0
11568751,61,2230.674845638018,6,0.7786806530969994,0.8569090373594642,ATM,Electronics,US,1
301570,197,74.8871232421863,10,0.21794141242448817,0.26935512333754014,QR,Travel,TR,0
11136837,706,115.94997458834355,13,0.09532580731187014,0.19474700653080065,ATM,Electronics,FR,0
3771836,796,60.105594981797324,7,0.11357456252414158,0.1334931650159273,QR,Travel,TR,0
5354259,163,62.60767164945956,15,0.021292524177609778,0.06678273730925635,POS,Clothing,TR,0
16136967,208,129.42583362896576,22,0.08470636402863277,0.01768169425233654,QR,Clothing,UK,0
13746990,811,24.156508775418473,19,0.032838573902852254,0.1836296109119662,Online,Electronics,US,0
6633288,694,2225.000379846975,16,0.8320759481532369,0.9006884619137293,Online,Grocery,US,1
15703494,645,36.707153409604835,15,0.01995505045317346,0.19447049750525694,QR,Electronics,TR,0
4948994,89,99.2827530629113,6,0.13348562847171147,0.009728691212834616,ATM,Food,TR,0
9726617,246,83.52177531732514,6,0.17118215119242253,0.05618411126648809,POS,Travel,DE,1
10123941,482,2899.5130493323795,6,0.7362847056427871,0.848907821420202,POS,Travel,US,1
5269006,400,81.74182432669295,20,0.006627773518445422,0.04454105447640675,ATM,Electronics,TR,0
9765694,915,1871.4291754080612,4,0.83171528162656,0.8600068359580955,QR,Electronics,DE,1
16013081,414,89.31466050729533,15,0.7824034222493896,0.05812930033507287,QR,Electronics,FR,0
7338691,921,1.0,14,0.7750017335604374,0.8126287073906532,Online,Food,US,1
13691287,972,59.488532236994814,18,0.17256021876291336,0.04507618288014428,POS,Electronics,TR,0
3757229,292,165.75290879128107,13,0.06255657855117253,0.21724703927336106,ATM,Electronics,US,0
12559221,799,33.90561618174051,23,0.09589215607326344,0.2122327755282303,QR,Food,DE,0
15925858,379,39.998693951991214,22,0.21662851154627463,0.26573879606306217,QR,Travel,US,0
2997720,332,2506.310291942538,7,0.7965154437658518,0.8341362407033717,POS,Electronics,US,1
9166000,525,77.29742146025654,7,0.06637933953270324,0.11794452218662732,QR,Travel,FR,0
1001355,187,60.75544190652245,16,0.24823793810115768,0.19307167294835412,ATM,Travel,TR,0
3150929,877,13.754647825437274,15,0.07113522236571568,0.23648470473958721,QR,Travel,DE,0
16081997,437,31.175955123281383,22,0.15920329738566721,0.22075744838643757,POS,Electronics,TR,0
6191069,793,72.83284386188599,17,0.0688875187555324,0.18193185034176282,Online,Electronics,DE,0
11071243,632,92.57157035901346,10,0.0408175043591341,0.1069297847847834,Online,Grocery,FR,0
6130162,463,2824.116342861629,10,0.834290055465204,0.8842679582717163,ATM,Travel,NG,1
6252272,408,108.36801255511702,14,0.09160051617540926,0.15143468840054491,QR,Grocery,US,0
11240849,527,66.23209909678059,20,0.19736100683829447,0.13857104163040096,ATM,Grocery,TR,0
244141,449,85.91851744115299,13,0.07228975529576076,0.01796756844866476,ATM,Travel,UK,0
11932895,728,112.1442472788228,22,0.11713790952159567,0.21360674592818946,ATM,Travel,UK,0
11568369,455,109.64908030558102,6,0.042105602845840986,0.11711928595469238,QR,Clothing,FR,0
395999,795,33.63227229877609,14,0.7923975112228717,0.02006925204458773,POS,Food,TR,0
10163964,125,5.454251305421494,17,0.056880107238263825,0.1127532062740108,QR,Electronics,TR,0
2714650,546,57.04297326723564,20,0.13484338480806102,0.1577205883621714,QR,Electronics,TR,0
12894078,715,57.70833260812532,17,0.05034844968759867,0.12852705317912894,ATM,Travel,TR,0
8591857,730,32.77992314360941,8,0.08977734018827124,0.161407253917832,ATM,Food,UK,0
14583773,443,5.4812243818827255,12,3.0274785175044003e-05,0.14610082952464912,POS,Travel,FR,0
8378341,502,68.19260270723022,18,0.2557356495572077,0.057873270942355254,QR,Food,US,0
6081794,451,63.65515364060898,19,0.13699199040562499,0.12240060833693522,ATM,Grocery,US,0
6240395,479,70.81729740447378,16,0.05656102640602882,0.16518939278911776,POS,Electronics,DE,0
2447212,801,61.818189387131426,16,0.0013647568037897934,0.13296291366592272,ATM,Clothing,TR,0
2543487,911,101.0882124272383,17,0.2219962569492125,0.20571978723758952,ATM,Grocery,FR,1
15720750,527,1.0,20,0.07573865841191028,0.21578604463094947,QR,Grocery,US,0
13245226,532,40.69876070470169,16,0.19138209036796106,0.13155087830590037,QR,Grocery,TR,0
14190454,145,101.64764666460519,19,0.15759740109794154,0.16636709626708177,QR,Food,DE,0
13650228,578,74.43384465240415,13,0.18325059506240504,0.1452548688013169,ATM,Grocery,FR,0
2725969,281,881.900535487285,4,0.6468561221155782,0.9996026492679309,Online,Grocery,US,1
5090729,733,63.93003879351368,11,0.22150381688877474,0.14940926311713457,QR,Grocery,UK,0
10273084,182,97.38531521368988,16,0.17099742034293114,0.025275516947190546,POS,Electronics,FR,0
7410793,896,64.37020757367408,17,3.0274785175044003e-05,0.16040476775114676,Online,Clothing,TR,0
2048632,612,81.25870175672318,12,0.08893180278746082,0.15704792976297247,ATM,Travel,UK,0
11670933,174,106.47376926720483,14,0.16505263089327069,0.19981797702010948,POS,Food,DE,0
12602102,824,12.380399820508188,17,0.13864856930703084,0.12256891073022835,QR,Grocery,TR,0
15294533,627,91.63701323464724,21,0.13675474675041271,0.02675801300408838,POS,Grocery,DE,0
14572514,192,65.61536275336415,17,0.026155582451855626,0.1169567331787413,POS,Electronics,UK,0
1849278,607,101.71062486815322,17,0.023204534642893918,0.014971945064076982,ATM,Electronics,TR,0
13853663,185,1929.9734181445024,3,0.7975295108062516,0.7910808812597753,Online,Travel,US,1
5699325,123,141.29338786908485,17,0.06971617717047529,0.03480277436200352,QR,Travel,FR,0
12560771,214,59.76114089403655,11,0.147121981652085,0.051824878239292854,Online,Travel,FR,0
7721193,658,111.78941846721496,17,0.07721129590713056,0.13991608706948455,QR,Electronics,FR,0
5830965,144,117.92351685005968,16,0.08774379169906721,0.0482708583382725,QR,Travel,US,0
7584293,254,28.690849448485878,18,0.0996303370363445,0.14609288298562462,ATM,Electronics,TR,0
12238223,741,146.05440035273497,21,0.11566038062814324,0.030520549570708235,ATM,Travel,FR,0
2068167,807,77.61320421164288,17,0.037374321403670134,0.21011681268432456,Online,Electronics,DE,0
9353890,672,2300.913869867507,14,0.7578049314337509,0.882417075430643,Online,Clothing,DE,1
16064010,489,87.26728374692128,16,0.010495387500815037,0.012804764288575646,Online,Electronics,US,0
5898333,990,98.41794436561197,11,0.011176116259787792,0.03969121619396905,QR,Clothing,UK,0
3131085,324,68.57947024150566,15,0.16424338136927286,0.025779041720632882,POS,Clothing,TR,0
4016710,522,39.45551699215548,22,0.17997738966499374,0.22430787158236937,POS,Food,UK,0
7862307,902,1879.2543615296834,8,0.6890525936810594,0.9099661709832287,QR,Grocery,NG,1
10071081,520,1.0,10,0.7659777300503006,0.29126920741061657,QR,Clothing,US,0
2325374,554,65.40198468953312,17,0.025802946470129096,0.2926878812533702,POS,Electronics,TR,0
5802709,939,117.64250828003011,8,0.044048019039898405,0.03183270047184649,QR,Electronics,FR,0
10793464,962,111.67290854783079,17,0.27009412167045527,0.033338302916471114,ATM,Clothing,FR,0
3669942,423,94.91626811504449,15,0.04000449781596352,0.15543246221675863,QR,Food,UK,0
13098832,836,3.478330562429335,16,0.0014645988732155356,0.09798283932086917,ATM,Food,UK,0
7065760,669,84.41360557885478,10,0.04729220116718085,0.10891300785609427,ATM,Travel,TR,0
10676903,73,35.4855679464543,18,0.04829827918358427,0.113250583746815,QR,Clothing,UK,0
15061082,993,65.12213707523215,17,0.019448537337772867,0.18997167651446384,QR,Travel,FR,0
10754573,123,163.55102998440128,15,0.2593789526028498,0.03632209376380819,QR,Electronics,FR,0
580921,659,47.47508091420051,10,0.20064699429193766,0.02861165653355487,QR,Clothing,UK,0
13023426,473,70.72226701468904,20,0.13481657361362778,0.20759968465693773,QR,Grocery,TR,0
6733393,401,71.22540642464435,17,0.2812724843907291,0.2425505392231611,QR,Food,UK,0
7159619,395,94.73376470350088,16,0.18189644715790593,0.17842995121081998,POS,Electronics,DE,0
14039964,325,98.51209438210653,22,0.16501132706950167,0.03837062277690023,QR,Travel,DE,0
1913740,600,86.50123732478433,15,0.6960423599036796,0.9322546103015393,ATM,Electronics,TR,1
1495865,208,77.80009451037297,18,0.18088605652311934,0.134663556661292,POS,Grocery,TR,0
9742290,119,61.600473693708466,15,0.16895984562694694,0.16664179854415528,Online,Food,DE,0
1336513,182,64.86147059113475,8,0.08645479458537139,0.04743338279831118,POS,Electronics,FR,0
2514504,149,78.75101935756248,17,0.14854565627576072,0.0490970800507545,ATM,Travel,US,0
16316666,411,63.89839966479315,13,0.036171804323645015,0.275455160486464,QR,Electronics,TR,0
9957854,801,99.6091631302406,16,0.15693415192591967,0.207432229416556,QR,Travel,FR,0
12266085,596,105.378710139745,10,0.0640045425963994,0.276639653933951,QR,Travel,TR,0
13640418,779,65.19028562546342,8,0.12019326490302856,0.10836509799305469,ATM,Travel,TR,0
10163893,187,78.60260335431788,17,0.06338209282639211,0.02860709761334232,POS,Grocery,US,0
14410780,745,70.3541616810214,12,0.03481417619246287,0.20496080542671927,POS,Travel,FR,0
216741,567,1.0,18,0.10479766708719032,0.10803042292157046,ATM,Electronics,US,0
4541723,398,64.49956963396971,16,0.10843921344209126,0.07627053551598373,ATM,Travel,UK,0
15058250,34,81.54635372754781,17,0.15972629840466687,0.15924039154142028,Online,Travel,FR,0
12721337,120,83.3117989982201,9,0.038834311831850724,0.16270832077151806,QR,Electronics,UK,0
14930589,638,98.55565499539266,15,0.03741672578932014,0.04180698453790753,ATM,Food,UK,0
6066623,788,1738.6274314200948,0,0.8365249727876418,0.843212635183969,POS,Electronics,NG,1
108810,704,29.921677906275917,22,0.06944483615830072,0.01660816654958049,ATM,Electronics,TR,0
11048280,588,73.17773198526466,22,0.023856941976691408,0.2755885582889882,POS,Electronics,FR,0
10923196,609,51.06559379930141,13,0.0827371927732147,0.12756289146220506,Online,Electronics,US,0
11724940,0,71.78311177463996,15,0.03397312964474885,0.09984744243055171,QR,Travel,FR,0
2242954,691,89.65854084202952,19,0.028875115002100445,0.3043509930476386,QR,Travel,UK,0
11309318,873,1281.864206287955,14,0.8149647531229313,0.8318195483605777,QR,Electronics,UK,1
7732353,577,2522.7924691145136,17,0.69924001134948,0.8244404626135377,Online,Electronics,TR,1
1446107,412,106.20088728183879,17,0.2333196481186632,0.015024769643833284,ATM,Travel,TR,0
15395762,647,78.95684990809151,16,0.05724255048326425,0.12362508017593596,ATM,Clothing,US,0
41740,972,66.77184932602518,17,0.02708255243729278,0.2059329098235151,ATM,Electronics,TR,0
1404291,549,11.857614530334544,10,0.09140945119368026,0.1706893606995505,POS,Food,TR,0
10162135,995,64.520736071757,19,0.08228316125881786,0.05453619313557073,Online,Grocery,UK,0
2519986,999,83.24839195220869,8,0.21653511729548436,0.17136901191162482,QR,Food,DE,0
12858051,942,126.59593472338142,21,0.2576291053535791,0.20259447506859357,ATM,Electronics,UK,0
9512980,479,84.78614126838795,15,0.12289391793871791,0.19687138970822313,ATM,Travel,FR,0
12522428,477,52.949774365130146,15,0.026403189170198228,0.060454651343365716,POS,Food,TR,0
13050550,209,28.828696879220622,22,0.14663832281422132,0.26550357768388433,ATM,Electronics,DE,0
5022314,961,69.5511953275834,17,0.03107183428715035,0.2836686045263742,Online,Food,DE,0
985817,624,62.60626826775597,5,0.10658876589995117,0.02600213764957607,POS,Clothing,FR,0
15169403,712,90.58156735376433,16,0.18738297656888256,0.22456081886588444,POS,Travel,UK,0
9133895,180,85.10413048476809,17,0.2390001034865335,0.07281379943394167,Online,Travel,US,0
8026317,755,79.9098815975215,16,0.2323998736937373,0.16051520576292158,QR,Clothing,TR,0
12503033,858,112.98182776658179,12,0.2727837758437012,0.2988886033632541,QR,Electronics,US,0
6905810,66,83.50526657701006,17,0.78128457249691,0.9750739556291679,ATM,Electronics,US,1
10966454,145,53.27330469713229,17,0.18905831930226125,0.16472035046269,QR,Food,DE,0
8937634,326,29.706120441179046,14,0.08412983453987556,0.26128303664058905,ATM,Electronics,TR,0
1111732,568,45.433780968376645,18,0.01824185252893991,0.26762110314285625,Online,Food,US,0
2696797,387,207.37301579715427,13,0.056323135181594014,0.13729252554895752,ATM,Food,UK,0
13146492,595,131.44791457240166,20,0.27220701345332693,0.23918527446159726,QR,Grocery,DE,0
3622970,454,2907.053944270439,5,0.757750992282494,0.8968675555651904,POS,Food,US,1
7157443,496,42.61881604296887,22,0.044755871450325974,0.008890815815133232,QR,Clothing,TR,0
5158106,350,80.63437061887657,17,0.01401655328972342,0.20350418329725037,QR,Travel,DE,0
11167030,846,176.72473967346735,17,0.276164237484785,0.06628449840445305,QR,Electronics,TR,0
16564729,917,106.82748921967375,15,0.25150647914266266,0.16111541508683763,Online,Electronics,TR,0
7103324,48,72.66595887545388,7,0.016648506344399405,0.04820784099931698,Online,Grocery,UK,0
15258646,347,1600.9453636423507,19,0.7913643757852692,0.15069323910354104,POS,Travel,UK,1
1940868,483,51.631889594611984,16,0.026669093020576122,0.24574890082762516,QR,Clothing,UK,0
15296626,198,51.978037403620974,17,0.2717783030530494,0.2074347795828648,QR,Clothing,TR,0
24289,260,62.02027747484155,16,0.8066159814618961,0.1547213052195955,QR,Food,DE,1
11876239,67,104.94488598878135,19,3.0274785175044003e-05,0.153449558081667,Online,Electronics,UK,0
9818761,24,70.9483160107695,19,0.07120745097299265,0.20266834346586418,ATM,Food,US,0
15765555,930,1.0,17,0.06268222574153798,0.20642936976634463,QR,Electronics,UK,0
4397044,624,39.6457946954948,10,0.024670870100682127,0.22711170463309546,ATM,Clothing,TR,0
14691081,405,127.99271167668395,16,0.11410886062812921,0.16178727951132116,QR,Clothing,TR,0
4909119,236,133.0647651762789,23,0.06903076513131817,0.18220915764950613,QR,Electronics,TR,0
1964579,848,102.78324090157187,17,0.015667995396598654,0.1710181369512732,Online,Travel,UK,0
8699351,574,148.46993162741705,11,0.1334540990821054,0.031240240773084734,QR,Travel,DE,0
2099436,403,137.13586083509767,13,0.27931828135582726,0.21062868577282046,ATM,Travel,FR,0
3340402,916,51.4801401983692,17,0.1013656686553272,0.19908718974611544,ATM,Travel,US,0
12566223,446,104.95618114172977,11,0.26340177668835435,0.10992072602214548,POS,Grocery,DE,0
15089420,673,56.2850198710138,15,0.03803122394143865,0.09637958335121925,QR,Food,UK,0
10239791,336,135.06319490809335,17,0.022980559962784954,0.18747782039668714,POS,Electronics,TR,0
3378243,487,111.67487457533485,9,0.8683153188218319,0.13269479398240827,QR,Travel,TR,1
7321488,802,96.87532147444766,18,0.045350087216220386,0.2016790998713208,ATM,Travel,US,0
8186272,815,14.016107079372617,16,0.1232495275861058,0.24259932430030506,QR,Food,FR,0
9927802,78,102.25022073528085,11,0.03384560402256549,0.04530003697308557,ATM,Clothing,US,0
14916465,265,35.23784168527975,16,0.19271437475298717,0.07548760389869293,ATM,Clothing,TR,0
14041214,427,49.64520530218513,6,0.1500166506216868,0.9968998278538365,QR,Food,DE,1
4439353,647,98.8602954872309,16,0.6670797518805981,0.9039963106753124,QR,Grocery,US,1
254577,999,45.07369419342725,13,0.02170321500983958,0.04938930740846472,QR,Grocery,US,0
14524548,334,107.75497439110798,17,0.01378425780535951,0.927558385443136,Online,Electronics,TR,1
6113606,202,111.10972286984155,9,0.08360363622713023,0.15362939364633435,ATM,Travel,US,0
16180929,97,59.10395542839102,18,3.0274785175044003e-05,0.151797227725132,Online,Travel,FR,0
1195116,537,102.15900129542031,6,0.18933952532608678,0.1837452896279957,QR,Travel,US,0
12864356,924,61.27211511657965,22,0.019549039928440204,0.17833635549077717,Online,Grocery,UK,0
8049860,647,1470.2962575491556,17,0.7831251621831913,0.9704473849382224,ATM,Clothing,FR,1
3573081,805,922.4105049273073,6,0.8053112643221493,0.93883979846544,POS,Grocery,TR,1
3086274,567,1.0,18,0.12583508104763746,0.039261297462151463,QR,Electronics,US,0
11207499,200,46.27668699241088,19,0.02825726793787696,0.01692642922285368,Online,Grocery,TR,0
4590912,368,41.8599851053214,10,0.16632733983363607,0.15532132260395587,QR,Food,FR,0
9214221,294,100.87874400402956,20,0.6616422895502172,0.17829823932449068,Online,Travel,UK,1
4495649,471,47.724189437384844,15,3.0274785175044003e-05,0.19507325023132388,Online,Travel,TR,0
403177,782,105.42567641872027,13,0.16536269015071503,0.15845727625373715,QR,Travel,FR,0
14802261,843,57.09521793770857,15,0.9457243982458596,0.1295364183421664,ATM,Food,UK,0
12555296,110,44.24046843745076,9,0.047647344246555326,0.3030936652644836,ATM,Electronics,US,0
15540785,611,108.70827581233486,17,0.13538546814764052,0.2596471681923823,QR,Clothing,UK,0
1526041,217,26.890243667832323,15,0.17044291729185282,0.13056398278368886,QR,Electronics,DE,0
813115,998,129.22109877212438,17,3.0274785175044003e-05,0.23439973053314955,Online,Grocery,TR,0
6045592,703,39.651747541392176,6,0.7924720583189718,0.21764196326217,QR,Travel,DE,0
1475287,391,76.0164690022393,22,0.13672451388170712,0.8938662871857526,QR,Electronics,UK,0
11250480,293,1.0,16,0.06243985729721824,0.2562056268740394,ATM,Travel,FR,0
7039987,180,54.89927840208678,22,0.18811831046209274,0.20344761621365737,QR,Grocery,US,0
11699576,479,1.0,17,0.036380958647800034,0.2328705802131432,ATM,Travel,US,0
16229325,662,64.93726340110416,15,0.0598206709930512,0.08329153426135275,ATM,Travel,US,0
14337487,976,119.87711105131436,20,0.024809492919808183,0.10427855003946132,Online,Electronics,UK,0
3004534,535,39.32298824810997,19,0.07984150442343566,0.12565778226676183,QR,Grocery,UK,0
3989696,645,2785.653201107622,17,0.8034852233610694,0.9996026492679309,QR,Travel,US,1
4260001,658,1.0,20,0.07928253362302848,0.1800937602673795,QR,Electronics,FR,0
790236,510,1.0,14,0.22052772348013538,0.28546263306950886,QR,Food,DE,0
4228358,597,95.47039842457201,12,0.05583534431857786,0.2198267537362222,ATM,Travel,US,0
15839973,927,36.141680649818724,23,0.19310965031307764,0.1300920643611356,POS,Grocery,FR,0
11009043,799,88.55287484728693,9,0.022067758244461725,0.13637710618822596,QR,Electronics,UK,0
2204713,575,94.73791559318192,13,0.1337397491980644,0.1710435342232708,POS,Electronics,TR,0
12225452,545,1.0,22,0.02806734786616623,0.19089695130505824,ATM,Electronics,UK,0
9157844,519,1.0,16,0.0399760153038594,0.226607242759281,ATM,Clothing,UK,0
10925529,169,11.507978718450119,16,0.023657262807710557,0.23486284560387627,QR,Food,FR,0
12881167,940,138.7897949050652,22,0.04126997645597433,0.14046522429130162,QR,Electronics,FR,0
10083480,676,1.0,17,0.2760658023806197,0.04878385895730028,QR,Travel,UK,0
10079702,528,60.949880069974526,8,0.035770218937676075,0.2823810726398941,QR,Travel,UK,0
1122636,150,17.24242348223359,18,0.17464023273459905,0.14592941390393416,ATM,Electronics,TR,0
2448688,716,1623.2915258663593,6,0.8578892388802344,0.85748998458004,ATM,Travel,NG,1
15342656,313,62.65993936865482,17,0.7743086127175932,0.8890033773150849,QR,Grocery,FR,1
11823354,468,3.897219598577294,7,0.10763428245798207,0.18456620216131764,POS,Food,US,1
10519348,27,136.6564969781329,15,0.22022761823816078,0.027240338693158155,QR,Grocery,UK,0
15421922,696,1317.4500313652109,6,0.8204620543710625,0.8842131390813225,Online,Travel,US,1
1737311,718,3.2973666304001057,21,0.13016457046119606,0.06480195527772592,ATM,Electronics,UK,0
5341480,116,83.67885008226347,17,0.11770010517875212,0.1857708894268299,Online,Electronics,UK,0
4789042,361,118.99309629028866,8,0.11083803031067296,0.1506713236484326,POS,Electronics,TR,0
14221567,432,62.799151447569244,17,0.27269756642982695,0.1049373742112761,POS,Electronics,TR,0
2639549,525,48.04596353650577,18,0.27179481111858383,0.13579152127857383,POS,Electronics,DE,0
11937006,590,158.501206304424,14,0.00541230644815302,0.08594386006214827,POS,Electronics,UK,0
9074387,324,26.90029461164883,19,0.09288335988962686,0.03812747253702402,POS,Travel,TR,0
3797502,141,91.82901751215236,15,0.17879786497061328,0.26360664368362696,Online,Travel,DE,0
13123157,854,130.34343240281706,10,0.14330033113620455,0.17635538300641845,POS,Electronics,FR,0
8783755,290,38.49481012097199,10,0.0802050404428367,0.26314372247667206,QR,Clothing,DE,0
15333480,767,116.82001090269674,16,0.03611719627347153,0.20052562800101842,Online,Electronics,US,0
15491721,363,44.3327062322162,23,0.2662132844874738,0.1926649885237354,POS,Electronics,TR,1
3438167,625,89.87648799261962,23,0.2654445699378904,0.2375003561646265,Online,Clothing,DE,0
6048919,114,59.30364827028419,16,0.05338197548648235,0.07528659386405652,QR,Travel,US,0
9849498,252,154.50736237287276,17,0.14899824200470035,0.09577318634567306,QR,Clothing,US,0
1222258,432,99.7774781210817,16,0.09217159210436603,0.11472361754043676,QR,Grocery,FR,0
9855355,161,23.806131155268723,16,0.8697221189669035,0.17231007427066553,QR,Electronics,US,0
12366316,99,68.19803496744166,12,0.1411736029325522,0.12263531305985999,ATM,Grocery,US,0
9553997,772,1.0,14,0.8101422933386073,0.14556584167807246,QR,Electronics,TR,1
15358157,616,829.6577282802477,14,0.7948893845448705,0.7563140042757583,Online,Clothing,NG,1
4310885,127,74.26381417242904,11,0.07198157478872491,0.13980471474241213,POS,Clothing,UK,0
2183779,325,72.394879386111,20,0.03461117271065771,0.036103679301839754,QR,Travel,FR,0
2953092,799,103.03646051337184,18,0.05993729107259875,0.20084270493461134,POS,Electronics,TR,1
628202,759,99.04500486998108,15,0.061509141510098946,0.15676729920890348,Online,Travel,DE,0
4426371,600,118.1700588931788,8,0.1656825498392526,0.27703266202148286,ATM,Travel,FR,0
2517658,524,77.67929792092465,18,0.10713897465596288,0.20499349205218131,ATM,Electronics,US,0
7546989,114,112.94177970958859,22,0.01099717738459206,0.23375573313211748,POS,Travel,FR,0
5283390,971,12.049691622419843,22,0.10217445474782783,0.1460718157721905,ATM,Travel,UK,0
4362599,481,59.26443784258718,15,0.8298739771503028,0.159723686606299,QR,Clothing,DE,0
14384426,277,79.04873957417124,11,0.17156728861838358,0.15808426451668395,QR,Travel,US,0
5814616,633,22.541982437085643,13,0.0708717504731136,0.27058722293473614,POS,Food,UK,0
12952252,421,113.1253964289119,21,0.14348800832209824,0.038159840539325675,QR,Grocery,DE,0
7109597,754,48.58531659030832,14,0.2359705090038982,0.07710114819011346,Online,Food,UK,0
3790046,411,24.714170087181984,16,0.13838828071583625,0.19334883343086362,QR,Food,UK,0
10220142,122,64.91918379032941,19,0.059924433697700716,0.16087867523795354,QR,Travel,DE,0
4610369,841,42.860180344662,10,0.1500634037848746,0.2260163710210405,ATM,Travel,US,0
1873210,551,99.25727258088679,22,0.08988591441490552,0.7694888684035739,QR,Travel,TR,0
10012239,909,106.54918277356431,7,0.013151374725276149,0.04371220790925576,Online,Food,UK,0
14518723,257,35.80893237468595,16,0.0904870119489009,0.0846742721181661,POS,Electronics,TR,0
7817051,928,98.28280651185196,20,0.09835373851490514,0.21820240246030895,POS,Electronics,TR,0
4696390,847,26.530823134720677,18,0.1956827253541361,0.26659490189172286,Online,Food,TR,0
11044787,405,2160.481160738803,4,0.8759709682654268,0.8569977447891157,POS,Food,US,1
13680845,217,98.79191012327743,22,0.0956014902590405,0.13909953265341035,POS,Travel,UK,0
5323736,854,96.84446784583119,11,0.16110217541594846,0.15231981123417448,ATM,Food,TR,0
12770345,722,21.177157801878565,20,0.11120404321479392,0.07077899746200303,QR,Food,US,0
382411,553,54.05563251902965,17,0.1551680342530929,0.1698614457966329,QR,Electronics,TR,0
10687095,313,91.1403061627015,22,0.12828708985361556,0.11305342551879183,QR,Grocery,FR,0
5155416,26,32.04806954276448,18,0.19432822293889593,0.1730474447885544,Online,Food,FR,0
13193789,572,38.557318285257374,2,0.16593831584460272,0.07070967828127019,QR,Electronics,UK,0
2781107,793,9.672271169482414,17,0.16322815671700444,0.22645602212720017,POS,Travel,DE,0
71219,711,12.691965056107435,17,0.7934895343577182,0.16795260819958868,QR,Travel,US,0
16537281,60,88.5891254131525,16,0.13293045951469704,0.22837035966545624,POS,Electronics,FR,0
6096878,637,38.98454183929461,7,0.16261230580801103,0.9012459970003373,QR,Travel,US,0
10043286,163,54.40299113255351,17,0.03285139407930649,0.19586550400586453,Online,Travel,US,0
8100154,434,71.59782750485343,11,0.16076473016647072,0.28011918496080496,POS,Electronics,TR,0
2987263,273,58.69659630099556,15,0.07156876258913321,0.14519834480823818,ATM,Electronics,UK,0
6782081,656,157.24363981691505,11,0.00906904065330294,0.24066507989167593,QR,Travel,US,0
9244462,272,92.39467589069119,22,0.2021126371631065,0.03741038248000458,ATM,Travel,UK,0
3515555,756,1.0,15,0.7574244102408978,0.7513359916614497,Online,Electronics,US,0
793403,674,86.6220084247161,8,0.2645183714750323,0.19985123518456388,QR,Travel,US,0
5355864,205,45.173769871057026,18,0.106992407834201,0.17248401240385558,QR,Grocery,TR,0
230513,541,94.62285483471135,17,0.15871882350595437,0.02615169136960603,QR,Travel,FR,0
12282472,523,8.87131009164473,17,0.015650798341844775,0.12427425029120209,QR,Grocery,FR,0
16748492,845,77.33785875062989,11,0.8516149225255405,0.16757413069976715,POS,Grocery,DE,0
5117772,472,70.39412450648175,16,0.26657915145750016,0.8624865827487779,Online,Electronics,US,1
5167713,559,46.0426017934957,14,0.0499194402331303,0.1456497409952603,ATM,Clothing,FR,0
4917375,34,62.656769675035434,8,0.07398722687550752,0.03894590966967805,QR,Clothing,UK,0
6956242,532,78.24123108215431,16,0.10264134853390922,0.004711049865077182,QR,Travel,US,1
11040590,912,53.72299670118757,15,0.6784307376620665,0.24475768564404024,QR,Electronics,US,1
9217095,648,100.84938590134647,20,0.887956155576785,0.9788793137805916,QR,Travel,US,1
16740931,920,73.16498459989506,16,0.21277973932653318,0.27899016623760076,QR,Clothing,FR,0
1981896,28,65.96307323925984,17,0.1804868608936949,0.17214184984602054,ATM,Travel,DE,0
16481144,650,1382.806457084831,2,0.676819590059659,0.9619486548085999,QR,Grocery,US,1
15121851,242,152.10106906751744,17,0.857538754502399,0.8456898836471068,QR,Electronics,UK,0
7315175,731,2054.7513544659832,13,0.7227080508214919,0.9609741548211596,ATM,Clothing,US,1
13385286,769,106.1875829968044,8,0.01216177730314669,0.21150732228696367,QR,Clothing,FR,0
15672392,4,980.6058256806641,6,0.7200341644797115,0.9338704103274423,Online,Food,DE,1
13986878,889,33.93683515650188,17,0.17923191302950314,0.11490953850404427,Online,Electronics,TR,0
5962486,10,94.36169827176649,18,0.04176479914846822,0.14076874071116707,Online,Clothing,UK,0
2301688,214,84.63829586811181,17,0.16937209784129834,0.1612210644582917,ATM,Electronics,FR,0
2113840,263,1401.2158108540634,8,0.7189433509894396,0.8216060520650686,POS,Travel,UK,1
5852361,272,37.4795555535064,15,0.20255452788638573,0.03333778894270433,ATM,Travel,UK,0
15375075,835,1570.7950101662082,3,0.8425410864700177,0.9693920277422128,ATM,Food,NG,1
6885453,320,108.62620385171229,17,0.16750946134856354,0.19966190310528784,ATM,Travel,FR,0
5445738,149,83.29245125855458,16,0.2281628001507328,0.04727424784850223,Online,Food,FR,0
11616529,627,53.64785964758356,14,0.07956924403545447,0.29753766107186114,ATM,Food,US,0
4036009,462,36.015803288364424,10,0.08434245667064798,0.029083554080301714,ATM,Electronics,FR,0
15451330,161,104.94218495080713,11,0.2046941898316748,0.008653849519733966,POS,Clothing,UK,0
15357019,89,28.292929912422167,19,0.07070935697194423,0.20925325098558978,QR,Electronics,UK,0
14676379,854,21.34566052565537,22,0.2245516124063076,0.11513962301694072,POS,Grocery,TR,0
4951759,942,120.39197115072932,10,0.055527003484081607,0.14380989768886598,ATM,Electronics,UK,0
10064592,421,45.826434547733776,10,0.11000761524856834,0.29553381495911446,QR,Electronics,US,0
10519105,573,63.14821273492908,19,0.06406664922248204,0.1866880788499752,QR,Travel,UK,0
10054141,938,50.182794649506704,15,0.03071989271535673,0.16288574553818122,QR,Food,TR,0
8937688,959,133.85706689702002,10,0.20327750718936705,0.8344094272997753,QR,Electronics,TR,0
2711602,865,150.885960982418,17,0.09925896567931165,0.035830918512360296,QR,Grocery,TR,0
12586770,309,118.98123578635614,11,0.043510691261856325,0.12467156665675982,QR,Travel,US,0
6909547,63,2133.1303311354222,12,0.7282084806503637,0.8931468072570666,POS,Food,FR,1
12927155,325,99.85086267121082,8,0.2275193342123318,0.09725143126352453,QR,Travel,FR,0
10687500,797,51.59171876783968,19,0.12507467398289632,0.028910266936593397,QR,Electronics,US,0
9562742,520,66.14247155783656,16,0.02187034240564103,0.10781679374178527,ATM,Travel,TR,0
7190125,68,40.13243820426659,12,0.048495771258865505,0.09171921864676645,POS,Travel,TR,0
2102931,697,108.85466845971031,17,0.2706362283870452,0.15484354944661483,ATM,Electronics,US,0
4118386,961,46.93429636623673,14,0.03415702467949823,0.1014698996866798,ATM,Electronics,FR,0
15335375,656,26.04119749126803,20,0.11313241470890173,0.029311779885963174,POS,Electronics,TR,0
14258177,667,45.22387526666607,13,0.7426220335689596,0.9288037828649311,POS,Electronics,US,1
5121216,305,39.46504693302634,17,0.18243556479090928,0.10819530250005491,Online,Electronics,TR,0
15168360,522,87.00513494116376,10,0.12374956254976135,0.16321772594994383,ATM,Food,UK,0
611911,824,90.34065259052026,8,0.02347793723625266,0.2714145884342363,POS,Electronics,US,0
10606679,158,125.73515446768033,16,0.0017114871438554426,0.15730773882991891,ATM,Electronics,TR,0
130798,36,2445.0539496661904,10,0.7864343868458425,0.8761352279839628,Online,Food,NG,1
5058856,418,16.25448216378112,17,0.08558981110637795,0.14771957399843683,QR,Grocery,TR,0
4613403,854,39.11785089295523,22,0.20427125992382236,0.19631282538175882,QR,Travel,TR,0
2663394,520,117.4595049055037,20,0.24620659240057152,0.12125481118820283,ATM,Electronics,US,0
1444605,520,82.5130206113281,13,0.1844991210208239,0.1266981413094316,Online,Electronics,FR,0
6732520,937,63.14658209155796,20,0.056609997368874114,0.14470722120849588,QR,Travel,UK,0
15317983,718,2893.199002130789,6,0.7394354998564764,0.9714284794679818,QR,Electronics,NG,1
187705,916,111.00385342388803,19,0.10105515416172549,0.045690072906309,QR,Travel,FR,0
5533066,743,1.0,22,0.05501608531395463,0.18426193141141736,Online,Food,TR,0
8574623,874,80.3276997818373,9,0.01399242188201033,0.22302497603305438,QR,Clothing,DE,0
11170849,698,100.35505573453736,7,0.06614285583556283,0.20148330187564858,POS,Travel,TR,0
15210300,571,91.22963728174409,12,0.10835527178851843,0.18633450817329805,Online,Grocery,TR,0
3011230,945,45.69502399135583,17,0.12619207655904496,0.01816435024557864,POS,Electronics,US,0
4096636,533,2569.2402006596535,10,0.7774290283573073,0.917164476020955,QR,Travel,NG,1
10167704,119,217.9557481419577,17,0.005955368757462165,0.27340157723181424,QR,Food,TR,1
476270,812,883.1346663194702,6,0.8374738606044139,0.8233538746087494,Online,Electronics,US,1
1767979,478,70.96299026955171,17,0.0347614392840586,0.02355576704659393,Online,Grocery,TR,0
13077913,629,1.0,16,0.00971961511073539,0.05925984028433882,POS,Food,UK,0
11300229,354,49.33975360285419,12,0.21361477229387363,0.024125953946599797,QR,Electronics,US,0
4435190,862,1.0,12,0.1810866426227142,0.030602092585232256,QR,Food,UK,0
523882,62,111.28417284033753,23,0.07188547790736986,0.17122090924017475,ATM,Electronics,US,0
12274359,671,5.155745556163609,17,0.24056084830301813,0.9526881946917224,POS,Travel,DE,1
5137025,500,103.22299383983449,16,0.11994664681888748,0.2096403520824851,QR,Food,FR,1
9833058,677,20.984657614096477,19,0.13400938083774594,0.11475076780661819,QR,Clothing,TR,0
16448859,991,97.32252032882064,18,0.03197387788796439,0.11535179645444454,POS,Electronics,DE,0
4762501,477,138.33158787092094,10,0.20206190984114422,0.021083789288972282,QR,Travel,US,0
16689304,508,72.38850927930847,13,0.19106392593993124,0.1932073717710863,ATM,Electronics,UK,0
768830,784,1.0,17,0.6858515662272191,0.8233957214236742,Online,Travel,US,1
126899,905,55.619102685011725,15,0.026541940195299846,0.0693319990168573,Online,Electronics,TR,0
2722200,57,64.21975744999352,19,0.060615019650442734,0.19198921554479728,ATM,Travel,US,0
1725372,547,82.39138725537273,14,0.0333543639980587,0.2757650840831877,ATM,Food,TR,0
831600,976,72.85832358072096,6,0.020644035649463332,0.12505548243509684,ATM,Grocery,FR,0
8713560,333,53.599353854125354,23,0.024526187580719425,0.21934374340822804,QR,Clothing,UK,0
3244926,833,2149.8415558187144,5,0.7958760641324251,0.9491548806130434,ATM,Travel,NG,1
14328703,482,613.6097387931405,9,0.8367913915068065,0.8587942562596929,POS,Clothing,US,1
2569388,394,11.133759711976353,22,0.04941054009125192,0.9840734430430178,QR,Electronics,UK,1
1230362,104,67.49733220759312,15,0.16196323603277557,0.17874686528384098,Online,Food,UK,0
2359135,566,77.46736147376065,18,0.1823188357215566,0.24618325379096273,QR,Electronics,DE,0
480158,916,21.091026282939573,19,0.2625522020875233,0.1765916261825988,QR,Travel,DE,0
16366605,965,112.37634515334831,15,0.04708156134624746,0.04677300208351963,Online,Travel,US,0
4175919,214,76.31329122226614,18,0.06702912607784647,0.09543200431784987,ATM,Grocery,DE,0
3548743,853,28.851464270679656,18,0.0684929869442367,0.030780912926022405,POS,Grocery,US,0
6825566,270,1698.2625822547675,21,0.7518186643566565,0.9425616934119537,POS,Electronics,NG,1
15100968,335,80.52677170055965,17,0.020805241489760085,0.19254194798506596,Online,Electronics,US,0
2374186,110,107.39009657494583,14,0.040546226610619227,0.20500623958569872,QR,Electronics,US,0
4839613,791,34.13786516186555,17,0.02692661698247233,0.10927583050617151,ATM,Food,DE,0
5689754,821,104.46271769337315,23,0.046608686239967195,0.21183748053988652,ATM,Clothing,US,0
4286991,767,144.88386800639876,18,0.7138099273244924,0.040159237032607674,ATM,Travel,DE,0
10637104,270,2038.702061264344,9,0.7965785872126444,0.9557640604022035,Online,Grocery,DE,1
1485481,904,24.291990838502933,6,0.16456573600442612,0.1137781858113801,QR,Clothing,FR,0
12681700,365,67.3041707039435,20,0.26439359893885844,0.08012203499557938,ATM,Clothing,UK,0
5361256,467,31.701325726203763,17,0.037959299506361,0.21629868415681053,Online,Electronics,DE,0
9945517,160,110.64901287815847,19,0.20206595350181714,0.1717457230739859,QR,Electronics,DE,0
12190892,214,35.82157257334681,16,0.08014803975495535,0.04103440277774213,QR,Grocery,TR,0
1692378,114,84.47750194937831,16,0.07090725688781326,0.289950396413263,QR,Grocery,TR,0
12553705,832,29.590847698052798,15,6.657352349914714e-05,0.05364066420344761,Online,Electronics,TR,0
14279800,288,52.053847820192175,8,0.14453019387769625,0.18880357565183312,POS,Travel,TR,0
16065432,478,74.13760933617313,16,0.76394449346875,0.8395678516691789,ATM,Food,US,1
1240707,19,92.85210057594863,15,0.02541984628004304,0.27775959455485366,Online,Grocery,TR,0
2941568,741,1003.2948229635916,17,0.7803384489929099,0.8769520542201699,ATM,Electronics,US,1
11509081,41,45.99016912547689,15,0.10480607009659729,0.28218452865247806,QR,Travel,DE,0
9830415,599,81.08848288270043,14,0.06354427791878098,0.06838141532862166,POS,Grocery,US,0
15382943,832,1.0,17,0.02059876187551926,0.050411703164000905,Online,Clothing,TR,0
4141073,535,72.5531777854077,13,0.2658624434483202,0.038278979477806827,POS,Grocery,FR,0
8366721,564,12.111808375903351,13,0.24781388176219526,0.16590493336173195,POS,Electronics,DE,0
2227520,606,123.59051497025487,19,0.12381183632723532,0.2974418521768022,QR,Travel,US,0
2659365,539,123.18528375250338,18,0.2442975981524249,0.8777762348523661,POS,Food,US,0
7994399,193,83.06981971122109,8,0.12082310278579067,0.25639559194556005,POS,Grocery,DE,0
16283112,414,8.30927290605581,18,0.8132193569662842,0.13733795715091013,Online,Electronics,FR,0
6019297,677,149.9822165147231,9,0.09326097285952141,0.2860910857904605,QR,Travel,US,0
4287966,865,802.2979223867951,7,0.7404130906145684,0.9240371247833217,POS,Travel,US,1
1797253,725,1.0,18,0.019924177411045137,0.18712395567814516,POS,Electronics,US,0
6151472,751,84.50575956406702,17,0.03990789551336457,0.046498758688985904,ATM,Grocery,TR,0
633533,115,43.49803224716021,15,0.022670155408982956,0.14407322094728509,QR,Food,US,0
13097014,160,26.837905208609158,18,0.21683257941096384,0.16875820733503488,QR,Grocery,DE,0
4623905,207,44.51168576893751,16,0.11413499617520613,0.2961169654356456,ATM,Clothing,TR,0
14242854,190,88.02052077678692,19,0.08248819674985128,0.2156184799405754,Online,Clothing,DE,0
36560,667,119.40375556642888,16,0.20664260425379533,0.19325541300737709,ATM,Electronics,FR,0
4494111,46,40.40608010076856,15,0.2017254291052526,0.17016076591972254,ATM,Food,UK,0
13952125,778,42.5808317890415,17,0.14853526635700298,0.16028738831814157,QR,Electronics,DE,0
993027,354,74.87513550716346,15,0.11563996765607532,0.28720597060669684,ATM,Travel,UK,0
10399786,468,1007.3052018516025,2,0.8056025852243968,0.8633699236126409,Online,Electronics,US,1
1133053,389,37.29268964710643,16,0.1934179088823743,0.28920111067967325,Online,Clothing,US,0
16755147,213,80.28434863744147,14,0.012104906002242517,0.16217310313928332,QR,Travel,UK,0
5697373,739,86.39772411414056,15,0.11070521822740839,0.13267571800332437,POS,Clothing,US,0
11283438,641,50.26691179740459,8,0.23059435738810316,0.024753887771493382,Online,Travel,UK,0
13096959,904,97.31141368794702,10,0.07892970698969143,0.2598591823052573,ATM,Electronics,UK,0
8362,450,1.0,17,0.8432861739187046,0.7725850389402806,QR,Electronics,US,1
9794065,962,139.9083302361148,17,0.06148335035559036,0.16695204469482716,ATM,Food,US,0
8255888,517,25.83569576102729,22,0.17181777975470153,0.17674147203098256,Online,Food,US,0
10635203,131,137.99023130024665,20,0.1449720304711271,0.11941494723085602,Online,Electronics,TR,0
8109431,298,1.0,20,0.7185293446354086,0.8519240317597117,QR,Electronics,US,1
15601363,379,69.62472786522623,16,0.22495314716343684,0.09830423769893724,QR,Travel,FR,0
15074723,170,134.32042922616264,13,0.018865066000064337,0.1623346182766121,ATM,Travel,FR,0
13076387,167,81.31212730645925,8,3.0274785175044003e-05,0.1227224056173846,Online,Travel,FR,0
4340966,365,33.11185191846255,15,0.02141663843455377,0.20688399843701066,ATM,Electronics,US,0
5287713,368,127.97814677016619,14,0.050493312526872836,0.02811721783473073,ATM,Electronics,TR,0
15075617,418,122.50777673347189,17,0.14736953298856087,0.14248576094871618,ATM,Electronics,US,0
5394264,499,94.63810553936109,18,0.017434617586458274,0.1804532720883289,ATM,Food,DE,0
15026283,513,228.74784663875323,19,0.22740817750140227,0.1542493014341633,ATM,Electronics,UK,0
11813358,198,134.2964678977449,17,0.08479686027407028,0.03205539488701229,POS,Grocery,TR,0
11372235,46,94.91730926222367,9,0.02932297900334032,0.0527492635484573,QR,Grocery,UK,0
12394486,803,36.41817151465662,8,0.258851241533144,0.1809132813812933,QR,Food,TR,0
16014600,420,35.24559114893361,18,0.7081802304776745,0.9206271648556449,ATM,Electronics,FR,1
10362682,302,1.0,14,0.19454696456229809,0.9664686155608212,ATM,Electronics,UK,0
1193324,18,1.0,16,0.19308687820174747,0.1886829877802073,QR,Clothing,DE,0
10069653,701,43.33798176093513,17,0.026795159649027303,0.21433861947599733,ATM,Food,TR,0
13108006,698,110.43794125323186,13,0.2685329557679294,0.09217787166627744,QR,Grocery,FR,0
15883315,309,36.34184743067841,21,0.2761482714433485,0.18412048600882847,QR,Clothing,US,0
7363005,502,69.56177852583973,8,0.04481398322105584,0.06147722729403352,QR,Clothing,UK,1
13955793,914,1.0,15,0.0927233926904551,0.02892232808226966,Online,Electronics,TR,1
15128303,941,24.908364884778408,21,0.2069704801379153,0.1364912967323179,ATM,Grocery,UK,0
13217200,219,38.21744949947943,20,0.154644220702229,0.19887220301018904,ATM,Electronics,FR,0
7556510,719,77.48456907478499,10,0.06729371005644649,0.12984601635412873,QR,Travel,UK,0
7617614,614,98.34641694704915,14,0.14864725630837383,0.0378413165132525,ATM,Food,TR,0
13788070,46,81.23658210645269,20,0.050713306427419017,0.22445755391424385,ATM,Electronics,US,0
15392834,263,53.30334486406214,8,0.023230389283402028,0.19407561689309197,ATM,Travel,US,0
3339715,320,107.14858529962457,19,0.11064547197328396,0.14640787079821532,POS,Electronics,FR,0
187348,616,993.499526361197,5,0.7963451917903656,0.872120561692756,ATM,Electronics,US,1
4899873,638,1.0,22,0.01989029526508581,0.11404045053610741,QR,Travel,UK,0
12844375,686,9.914706532420979,21,0.23087987787727515,0.031024240361892608,QR,Food,US,1
552052,688,1694.0167017868685,14,0.7901498266517877,0.8826854628790485,QR,Travel,TR,1
3420005,863,25.564811992811237,15,0.6641121858296497,0.8131978953956355,ATM,Electronics,FR,1
10672788,708,55.78196666237828,15,0.1741619437377395,0.0488904884909105,Online,Grocery,TR,0
1945253,652,85.93219727753117,13,0.20182265471184918,0.1802671198303419,ATM,Grocery,FR,0
8867763,819,105.43642201744292,16,0.03785415718924154,0.24217735564329862,QR,Clothing,UK,0
11982328,278,23.27942146737969,7,0.23396870670417474,0.215210112134899,Online,Grocery,UK,0
13889926,230,77.69079562533013,16,0.006105356493555342,0.2353768374054105,ATM,Food,TR,0
14169663,984,70.87356494695089,19,0.17723359421508988,0.21616344692667497,POS,Electronics,DE,0
13474676,307,52.07023567556553,19,0.17698182709337407,0.22686531924748835,QR,Grocery,US,0
12214281,869,31.093089148315244,19,0.0980309225871303,0.03388707273737264,ATM,Travel,UK,0
7076115,289,2678.7156612798644,6,0.7657027338514254,0.8344708410324883,QR,Grocery,TR,1
12403719,776,1.0,15,0.040429029536767774,0.03290486706246854,Online,Grocery,US,0
15943903,397,1.0,14,0.15481701566640219,0.1419271764526046,Online,Electronics,TR,0
4129147,8,98.45308818960594,13,0.01659336892462036,0.03502039181837109,QR,Grocery,UK,0
7680494,708,18.131049280249712,16,0.12456117018065324,0.2708538838100561,QR,Travel,DE,0
686816,235,104.35427932598482,7,0.11868121383947361,0.034004007339622624,QR,Grocery,TR,0
12102708,407,59.87097763632954,11,0.14843400097405435,0.047228823045718626,QR,Food,UK,0
13760014,231,47.48725970382817,16,0.1374493353058942,0.2508532355540013,Online,Grocery,DE,1
9070939,248,53.50990706973345,14,0.07453370096389078,0.16381969176972566,QR,Electronics,US,0
2460259,113,111.92873429736781,19,0.18792434759566687,0.19217958963294537,ATM,Food,UK,0
13969241,168,49.538977716339815,7,0.03713443250653163,0.14162889941748383,ATM,Electronics,TR,0
7706980,401,75.36474274789404,16,0.035698892574432456,0.8200641361501578,ATM,Electronics,DE,0
6220897,906,53.422077064112486,9,0.08757145063857374,0.20581021287322604,ATM,Food,FR,0
11296982,894,47.462150813853306,13,0.03453592168405653,0.2221074085845765,Online,Clothing,US,0
12205838,41,116.89984486381157,19,0.08717224246518741,0.23724286199978828,ATM,Electronics,FR,0
15668722,631,12.917756319720866,15,3.0274785175044003e-05,0.05346921129672201,QR,Food,DE,0
6523885,556,83.49764472462115,16,0.04804414608098065,0.2232137443340091,Online,Travel,TR,0
8979958,617,60.73451607979411,8,0.19331536709277644,0.2161826473293401,QR,Grocery,DE,0
14947016,380,79.38650178814791,19,0.0012880593146037643,0.16041295159200994,ATM,Electronics,TR,0
5729561,358,54.64001513550722,16,0.8095338861046739,0.9635851217570622,POS,Travel,US,1
9339371,463,76.54169219262073,11,0.2221032908348204,0.21455046298688019,Online,Clothing,US,0
10902562,272,63.04872112309472,6,0.19017780053732056,0.2055891776134442,QR,Travel,TR,0
7208991,848,33.42858861829598,20,0.25690535423836824,0.16590412739462732,POS,Electronics,DE,0
2218644,401,77.79653222783882,19,0.14779103903392685,0.04394672808697411,POS,Travel,TR,0
10019228,624,114.85785367323184,17,0.0635744291058958,0.04335616711028226,POS,Electronics,FR,0
12011614,591,36.73712212760424,10,0.1270710719054856,0.12182094933889726,QR,Grocery,DE,0
160885,525,42.031413724656346,19,0.19396254278722358,0.19113029942813903,QR,Clothing,DE,0
4681384,689,58.59824540836823,9,0.1802996943620806,0.15961386696299534,QR,Travel,US,1
14706642,344,5.740644957775558,12,0.21719635965573597,0.03690540370578908,Online,Clothing,UK,0
5709990,787,6.057109830704448,17,0.714292179626067,0.8828398119275817,ATM,Electronics,TR,1
606694,873,113.42582599295027,18,0.09771532901426144,0.14219843747629687,ATM,Travel,FR,0
7687377,788,76.90138591792868,13,0.1178099206478312,0.12159426091628037,ATM,Food,FR,0
8793085,689,45.51112387803074,16,0.09703443561185476,0.2256644589441254,Online,Food,DE,0
4272424,729,1865.7541933497355,5,0.7917015587120462,0.8422455924607944,POS,Electronics,DE,1
9992573,983,71.1817692865016,6,0.1075300922380507,0.15459875756801544,Online,Travel,US,1
8703734,469,94.19337424572518,13,3.0274785175044003e-05,0.08114945545480906,ATM,Grocery,TR,0
206109,460,72.78303691783105,18,0.2088751192511906,0.2366535672292331,ATM,Travel,US,0
13376106,520,56.560360440631285,22,0.19515411750725586,0.09169481407552024,QR,Clothing,UK,0
15725344,987,43.60196696884878,6,0.020901104614006856,0.21289217143058983,ATM,Food,US,0
8331922,721,92.80508102806654,17,0.13045381033583486,0.302666783285687,Online,Clothing,UK,0
16636566,225,39.81671124549828,21,3.0274785175044003e-05,0.21243062824584313,QR,Travel,US,0
5265123,367,99.82193263199187,23,0.029027793713759853,0.12848812221815853,QR,Grocery,US,0
400492,924,67.98535913007277,16,0.012929495346783601,0.14849624318874557,ATM,Travel,UK,0
2228909,427,1628.1959667134765,21,0.7961705191137975,0.8809832041240206,ATM,Food,NG,1
8436487,863,97.95704517335463,17,0.16958675655939237,0.21669145813308532,QR,Electronics,DE,0
1005884,350,86.8423780411219,14,0.20132541118774175,0.1138323598787238,Online,Electronics,FR,0
6282342,938,58.50800820120445,19,0.03512214840572346,0.08748611507845251,ATM,Electronics,US,0
10974925,273,33.676480146198756,20,0.22316321517487447,0.02655723744733702,POS,Electronics,TR,0
12613136,842,79.50801004363711,17,0.1161017580345677,0.19780532421249752,POS,Electronics,UK,0
2927750,957,21.930373296278745,15,0.06339862477444913,0.10902730062568365,ATM,Electronics,US,0
6966500,727,86.25000951271015,18,0.21682323029994752,0.036424654263156976,ATM,Clothing,UK,0
2995651,979,11.698179470891787,16,0.1960594660074876,0.14029403719951594,Online,Grocery,DE,0
13343800,914,61.95659407127637,9,0.1082178062784303,0.03920974953662548,QR,Food,FR,0
745579,944,95.44623120432036,18,0.06687072852831288,0.050559128563128566,Online,Electronics,US,0
9505892,852,59.48528384007665,23,0.19615823332202012,0.086326478168163,POS,Electronics,FR,0
5082596,129,66.47769988997973,13,0.06063607924740396,0.0496287776323025,POS,Travel,UK,0
4695176,564,23.612497563527484,15,0.29163142829348004,0.1517833032341439,Online,Grocery,DE,0
7583881,832,60.89977688505783,13,0.1863357747227412,0.08460433167871048,ATM,Clothing,TR,0
14414025,916,53.238527437813715,17,0.21626825750624554,0.021322351402159448,QR,Travel,TR,0
2035155,996,32.87429234764391,19,0.07739489604685137,0.10781517017891006,QR,Electronics,UK,0
5348373,51,112.34300371171184,18,0.14662235825007053,0.1768782656980335,QR,Clothing,US,0
5096897,116,17.427960631180838,16,0.012633989283703385,0.11398982046619725,ATM,Clothing,US,0
6021634,46,70.11810831718381,7,0.18210546476552744,0.2415632954946941,QR,Electronics,TR,0
4527201,508,1.0,13,0.011233459691836173,0.964117655737723,QR,Travel,UK,0
8947987,537,82.81036905449281,14,0.10389238112678001,0.025076923746538554,QR,Electronics,UK,0
6914069,505,26.746386245934815,20,0.11311473679106604,0.06117247788534916,QR,Electronics,FR,0
10114515,561,75.68501433028746,22,0.20583003439378142,0.12883156040010726,QR,Grocery,FR,1
8318619,688,21.23995391814467,6,0.7298582818953132,0.961605914169861,POS,Electronics,US,1
11809604,876,65.82216342971861,14,0.09446166166747445,0.28518894029614617,QR,Clothing,UK,0
13561961,602,129.5824698450634,16,0.01789967497913994,0.19533936056085627,Online,Electronics,UK,0
6865168,879,49.178223833904624,7,0.07844738959769398,0.23761759943452787,ATM,Travel,TR,0
6555607,686,56.01502818932626,16,0.0036688444582681605,0.14221027954091586,QR,Travel,FR,0
12506706,725,57.07880465230403,23,0.19246902210759936,0.26581507226404066,Online,Food,FR,0
16574471,121,66.72555173432612,18,0.06588639887792262,0.14914305108414933,ATM,Travel,UK,0
5048935,645,97.18478478011977,20,0.1119552649899676,0.09544035075081486,POS,Travel,DE,0
14506639,112,15.259563922323423,13,3.0274785175044003e-05,0.2769573942183331,QR,Travel,US,0
3247981,674,42.66902966890041,17,0.164561876893772,0.09130492384350515,QR,Food,US,0
4772538,906,70.73203090230959,15,0.010489482932659198,0.2531032661768847,Online,Travel,TR,0
9460417,298,92.56185194223417,13,0.045745472983992654,0.19685976967766267,ATM,Travel,UK,0
15332047,992,86.38070754214846,17,3.0274785175044003e-05,0.2768891238125415,ATM,Clothing,TR,0
13126361,456,2207.4318841220347,2,0.8437828086193516,0.8621415262022382,ATM,Travel,US,1
14587385,287,10.682261142434427,21,0.1187114861560768,0.041989632808979174,ATM,Clothing,UK,0
9256067,978,1.0,16,0.22562110458929824,0.12035851127810815,ATM,Electronics,FR,0
5723144,642,108.52502543025136,8,0.07627034259408003,0.2795475187026746,QR,Travel,UK,0
1530250,556,66.81035183766737,22,0.10455675209838933,0.27480254043796715,Online,Electronics,US,0
881406,836,83.83593535313535,18,0.016905269536663433,0.19713389602444353,QR,Electronics,UK,0
9719846,68,75.9691272562986,17,0.16013760838613836,0.21488562178932713,Online,Food,US,0
7989654,271,651.5417790262593,15,0.8443778410331593,0.8778290433108464,Online,Food,NG,1
5397472,991,80.01459375137733,18,0.07332592123001493,0.009480066414652839,QR,Food,FR,0
12804525,571,114.50293293772191,17,0.05824352485705982,0.28300768069045806,ATM,Food,DE,0
6764384,325,73.44864563355337,13,3.0274785175044003e-05,0.20844041666894203,QR,Travel,FR,0
12448406,975,104.08756740192065,10,0.16303358131069054,0.2357790016754627,QR,Travel,TR,0
14623463,780,40.21718360141603,13,0.07192772961097096,0.06465089095055598,POS,Food,TR,0
5401136,266,843.3028200616397,8,0.7994580361547198,0.8975000610517914,QR,Electronics,FR,1
7354299,692,99.34346971958126,18,0.08117375285155295,0.2892211238450178,Online,Grocery,DE,0
2816140,738,34.60087500851201,22,0.1461165125996777,0.03514247970768519,POS,Clothing,UK,0
15750273,254,57.289015209807346,6,0.8477246100392938,0.12295111646142959,QR,Travel,FR,0
1147263,276,31.284176341168155,16,0.0840044290173324,0.18728125795241113,QR,Travel,US,0
3095034,481,41.5399220784998,18,0.16254993118415034,0.284052424457072,QR,Travel,FR,0
2246949,922,86.9883375195755,20,0.0324597022893673,0.17926387794769982,ATM,Electronics,TR,0
184034,910,109.07523784627642,10,0.026730538311603793,0.15651564770018694,Online,Electronics,FR,0
11321033,484,1397.371733836887,6,0.6909089802258078,0.8486995748810335,QR,Electronics,US,1
6768916,401,94.62867796837638,18,0.1869969935417313,0.16757561329512646,POS,Electronics,TR,0
12807816,152,44.23321035370143,18,0.27055552439853,0.030219924108977583,QR,Electronics,TR,0
11652837,71,9.608974928420508,19,0.20210070769199434,0.22493086443034074,Online,Food,FR,0
1543606,838,105.63044635100465,16,0.17332178540937096,0.2615417038976747,POS,Travel,TR,0
3463537,503,137.07296100157924,12,0.05630581409387731,0.20183413354984192,QR,Travel,DE,0
16154611,946,86.5946950337622,16,3.0274785175044003e-05,0.16205604578822322,ATM,Travel,UK,0
11275301,229,1.0,20,0.08132587675742263,0.9592860726862256,QR,Travel,US,0
16113749,174,1.0,17,0.6547075291654334,0.03948655888572306,Online,Grocery,UK,1
302785,291,104.38294608061241,9,0.07196228897770242,0.10883432985742976,ATM,Travel,TR,0
3424346,967,51.54857519061931,16,0.05043222325143985,0.17606562749431098,POS,Travel,UK,0
4325108,995,67.65746003752122,19,0.004845249998510565,0.1204738661115962,Online,Clothing,FR,0
16165507,128,67.18675558152819,7,0.22944445545502803,0.08971866653148566,QR,Food,US,0
3590921,187,70.89595180192258,7,0.26152269036776277,0.24700434929596862,Online,Travel,UK,0
13769377,470,36.68125749275045,10,0.09167756257264263,0.15873611672501495,ATM,Electronics,TR,0
10234727,162,134.14290258781767,12,0.04204264111899678,0.1462589273345915,POS,Grocery,FR,0
8878906,143,16.116039063735954,20,0.041928294414080386,0.15981073748802546,ATM,Grocery,TR,0
8050312,725,63.629534383500776,16,0.14249145725603865,0.13955618964981772,ATM,Grocery,US,0
12606538,64,103.06539265134182,20,0.27135382313482054,0.21058724526598702,ATM,Food,US,0
13860548,292,108.9327913642135,13,0.11658024847907074,0.1382557241003018,QR,Electronics,US,0
13350905,974,2290.155191586334,18,0.7208664549308599,0.9809563861314281,QR,Clothing,TR,1
3583452,656,65.63465835913105,17,0.05815517900189443,0.10624238361512942,QR,Electronics,TR,0
11737158,912,64.69145351037064,21,0.07586460708010834,0.1993763138232019,POS,Electronics,FR,0
8669383,128,75.0931136192122,16,0.017469616211277225,0.1056389242190479,ATM,Electronics,TR,0
14360150,594,39.388190274147505,17,0.18264487390055387,0.11470699700144281,QR,Electronics,US,0
4597253,386,60.68885583403951,18,0.09300553808618818,0.1757604943827325,QR,Travel,US,0
16347063,681,4.0716752775205975,17,0.12396256339147907,0.1107085054941816,Online,Grocery,TR,0
6813373,295,85.32642761972429,12,0.10233679273359553,0.1902156262113117,ATM,Food,UK,0
2214790,279,1047.8441805960701,14,0.8053604088821834,0.8218888191269672,QR,Electronics,US,1
358959,26,1.0,19,0.008612406657422474,0.2208979157896393,ATM,Electronics,FR,0
7251082,57,99.05808553903438,19,0.09506967027990774,0.16006783949433115,QR,Electronics,TR,0
15714613,234,60.47909845108966,16,0.007187177460311302,0.18789452007037744,ATM,Food,FR,1
7982697,938,30.69947572902238,17,0.09563133608930525,0.13190720818212584,QR,Electronics,US,0
10006864,842,54.19750721625216,13,0.2312635371994545,0.1915527719922439,QR,Travel,DE,0
2310952,819,1.0,16,0.05174080415159521,0.030020287219028118,ATM,Travel,US,0
15780804,38,87.47783705386716,18,0.11491468650074206,0.218058011635763,POS,Electronics,US,0
5656288,891,2689.3239214006585,15,0.753261968275958,0.8355351367959467,QR,Electronics,DE,1
15373033,57,55.199113428896595,17,0.044887201771906776,0.07448862224344643,ATM,Travel,TR,0
1898916,251,1688.3331890263037,13,0.7492281555163705,0.7820833634305281,ATM,Clothing,TR,1
8218408,558,85.14368981673334,14,0.006932102459061673,0.08221600483900317,ATM,Travel,US,0
6482052,384,1.0,10,0.13922798397148115,0.17523352536827527,POS,Travel,UK,0
7863168,798,59.4535954748634,15,0.021294258545769662,0.87772381592176,ATM,Food,TR,0
10897051,398,142.26545972363806,23,0.09772014060046982,0.053134270219881444,QR,Travel,FR,0
7181702,609,78.04060980512878,19,0.15994408364087975,0.17367669017622242,Online,Travel,TR,0
15345379,451,47.51653482186807,19,0.12834441341236963,0.16181282311495387,ATM,Grocery,TR,0
14694504,211,69.5700133878766,23,0.276154331850068,0.05046637120256059,POS,Travel,US,0
7887138,407,2001.3838036696695,7,0.6913345111936038,0.9689529585061025,QR,Clothing,TR,1
16292709,664,30.25202093545208,15,0.005370161421399421,0.1697826028442302,POS,Grocery,FR,0
5478216,33,146.9363144916758,20,0.09317095740874774,0.2912845926990709,ATM,Electronics,TR,0
2975196,296,54.77859973353934,21,0.08356566427190137,0.21711568207041454,ATM,Food,UK,0
3837133,443,33.72135275694936,17,0.005000301146583768,0.1555915552205583,QR,Travel,TR,0
16262455,279,13.997018701444745,18,0.07219867333742837,0.20535177242827146,Online,Electronics,TR,0
8891354,339,87.12036337256635,16,0.1489900861518756,0.004484354614278048,ATM,Electronics,US,0
285434,28,65.33147880013617,20,0.259465431168572,0.06502212032169791,QR,Electronics,TR,0
8589840,967,58.88776322670961,18,0.1597452680246886,0.16184901373517535,POS,Electronics,TR,0
8801832,485,88.11326923736405,16,0.015297043245290692,0.2550523950720509,QR,Travel,UK,0
9176890,796,49.21948140477755,16,0.23404330325573844,0.03186013544004852,Online,Travel,TR,0
1001816,192,93.19705877109388,16,0.13818422941954217,0.1579480099710692,POS,Food,US,0
13625273,744,113.56093356703553,20,0.14953641520716027,0.15706306233960776,POS,Travel,TR,1
12029090,851,58.916549207443346,19,0.2780127037415452,0.17093234211334862,ATM,Grocery,FR,0
9245842,119,99.64363726680797,17,0.04487894018301038,0.26363442826319405,Online,Food,US,0
9109761,469,106.1328243818325,11,0.16478543525865724,0.11202595813371136,QR,Grocery,FR,0
12335028,363,83.50623086453409,11,0.1449624669293877,0.027175601183066365,ATM,Food,FR,0
8917008,429,19.053954870115774,7,0.10881501268627279,0.06783573732879059,QR,Clothing,US,0
14053842,4,29.248310668537357,19,0.00925451672895692,0.2524378955294509,POS,Food,DE,0
16074638,178,74.93886677617239,20,0.07581919874249896,0.1391452894435188,ATM,Travel,FR,0
3753875,271,136.00787853385646,14,0.10935480913330473,0.13727464226838615,Online,Electronics,US,0
6674864,837,34.07605525729545,19,0.10493738835906478,0.0853388190015735,QR,Electronics,DE,0
9572450,147,80.09195182993463,11,0.2094297946682839,0.14940147531967948,QR,Electronics,FR,0
141043,993,27.845833429871504,16,0.09806016209990236,0.25755949627961466,Online,Travel,UK,0
15453447,503,123.22817077325891,18,0.06875316488536132,0.1957465891304832,Online,Electronics,UK,0
910344,320,62.5701564683393,12,0.07786681126164491,0.2266677626184075,Online,Electronics,DE,0
5176035,939,2.2264153007368748,12,0.14764442040313003,0.034273877892319816,Online,Food,DE,0
7768143,868,2136.2019770343745,7,0.728899517605509,0.8974512438824436,ATM,Food,US,1
13687588,13,32.97259124929764,16,0.02817191764487395,0.1271108968057818,Online,Grocery,TR,0
7653229,915,110.0961208429249,22,0.09724656277676882,0.06565591651872929,QR,Clothing,DE,0
13516783,604,130.188128783594,20,0.0696589194613465,0.11963929327087873,ATM,Food,US,0
2204302,564,22.657050307028392,15,0.15950758548656715,0.03706508845999061,Online,Electronics,US,0
606200,50,53.228754008821035,4,0.27786977205104596,0.028086033598020227,QR,Travel,FR,0
3205454,803,50.07625290083636,9,0.8055897904838285,0.02855089983609964,QR,Electronics,DE,1
10799045,339,68.7109467646891,16,0.045661561470438095,0.10520085945490613,POS,Grocery,TR,0
11490968,43,35.035484885295276,17,0.7527328037584279,0.8822664268969137,QR,Food,US,1
1363476,961,112.79773878887984,23,0.019372742293107037,0.25361375712958645,QR,Electronics,TR,0
7395605,462,1.0,17,0.23903854497968632,0.1230133088471007,POS,Electronics,US,0
10909801,76,804.1078572547588,9,0.8883531389326211,0.8364296162368009,ATM,Clothing,NG,1
10546681,95,89.07864119751645,15,3.0274785175044003e-05,0.19796724591079223,POS,Electronics,FR,0
401158,426,61.939137688209854,21,0.16082952941181416,0.04478039173010623,POS,Food,UK,0
6440180,504,1306.293482412692,4,0.7501741855478351,0.7366431648398263,QR,Travel,US,1
16673832,210,1.0,15,0.01129430603237383,0.1256618551182562,POS,Electronics,FR,0
13905477,321,80.21207299707808,10,0.69167035251458,0.7488119168730107,Online,Electronics,TR,1
8974651,853,2347.632690904272,10,0.7841366779732156,0.174047264924686,ATM,Food,NG,1
10250233,454,29.993563437612977,22,0.0726857159775306,0.2305547929867466,QR,Travel,US,0
10407655,430,69.78198440869741,17,0.09297883956363732,0.13761575976996987,ATM,Electronics,UK,0
11100080,840,25.854321294484365,15,0.14449981497868739,0.018588953398674057,QR,Food,DE,0
3437467,741,83.53805149925648,20,0.030699844421962122,0.18286632668034017,ATM,Travel,US,0
10264167,139,68.19010373885601,6,0.2569277669668932,0.19527852755320116,QR,Travel,FR,0
15795526,720,64.47782398035102,9,0.20461280527053521,0.089842707658943,QR,Travel,TR,0
12447787,550,2118.4842554806355,7,0.7426753349076227,0.8650460620548719,ATM,Travel,US,1
5860931,923,44.917996863616594,23,0.14972378483108753,0.21356063609077391,QR,Food,FR,0
8647509,907,57.21652694280087,14,0.12625398744934957,0.1540162168389537,QR,Electronics,TR,0
5351598,187,157.9038004730117,17,0.15281676430230268,0.1367055534165823,ATM,Food,UK,0
13352854,544,53.20232453388473,18,0.01978389822723324,0.18449156883466586,QR,Food,TR,0
10965096,9,2210.3088327220744,8,0.7572342541137754,0.85277004309757,QR,Electronics,US,1
614186,455,129.02778236149945,20,0.07945738040687775,0.19273481069102763,ATM,Clothing,US,0
7071327,613,40.42288576881982,22,0.08695318732354484,0.1683391793286172,ATM,Electronics,TR,0
5688061,203,44.81420711291873,10,0.2618472490094799,0.05440357766641965,Online,Grocery,FR,0
9404272,403,1.0,17,0.04881987595134842,0.16270107562122219,QR,Food,FR,0
12424518,407,82.15920289708902,6,0.016294526311915577,0.8570282658067858,QR,Electronics,FR,1
13135152,610,1034.3175707677908,7,0.8414759875491282,0.9111089799301266,QR,Grocery,UK,1
3140565,681,75.92325179520456,13,0.0378734575523314,0.029352021931745676,QR,Travel,UK,0
2388468,818,2067.8218284698755,15,0.7586531342094395,0.8535291878335867,QR,Travel,US,1
5574242,310,37.190099696328225,19,0.012042051639915355,0.3042272828146506,QR,Electronics,US,0
1158652,95,92.7365337244975,15,0.1626789040498336,0.10595614161613781,QR,Clothing,US,0
4973645,201,38.74348052269076,9,0.183347747344566,0.040426460033265436,Online,Travel,UK,0
14622010,167,28.924184014474392,10,0.09133628528100192,0.02638504208387378,POS,Travel,US,0
9112173,165,1411.9394690045742,5,0.7235295754359268,0.8626165300705222,ATM,Travel,US,1
12186152,992,21.505818288108557,12,0.16797474622076275,0.20933098830354618,ATM,Travel,DE,0
12508516,730,106.94187337764102,16,0.1404303322209924,0.11542376982858027,Online,Electronics,TR,0
16049507,441,17.0975275385576,21,0.009324886528728472,0.28137932276578004,POS,Electronics,US,0
10803663,838,82.41033381640565,10,0.7866769590717348,0.7605934507678043,QR,Grocery,FR,1
11579656,687,100.38854557526062,11,0.20445731718076682,0.07110760826088647,ATM,Electronics,TR,0
12516774,975,89.44356771642911,16,0.2022930773877191,0.04528672484175757,ATM,Grocery,US,0
700981,663,1066.6073987112215,9,0.7935313385745384,0.893381442938128,ATM,Clothing,NG,1
13120996,961,108.30630203106823,17,0.037847091424920105,0.014104151394927211,ATM,Electronics,UK,0
12657326,495,103.89758537269401,23,0.10923993839143001,0.1776735844799146,POS,Electronics,UK,0
15583637,709,70.74677432602833,17,0.26087283618813456,0.04359818582501754,ATM,Food,US,0
11211327,21,46.69081557880075,15,0.0672808304684297,0.030244004434838746,Online,Clothing,UK,0
11683808,778,40.546524919381696,17,0.12178547703418255,0.20339282684660914,POS,Travel,DE,0
14206512,372,67.0071101062826,18,0.13752526360158734,0.2676010894549197,QR,Clothing,US,0
15508396,799,168.51530915752332,9,0.05627139500782087,0.2001128991040479,ATM,Electronics,TR,0
12938038,902,86.37689591211272,18,0.22835003594518954,0.9327112686413728,POS,Travel,TR,0
9547446,43,1497.9614478322846,7,0.7183109488058544,0.8334922990075657,Online,Food,US,1
14186192,45,168.5005692692531,14,0.10590553357357876,0.09859317759246072,ATM,Food,US,0
13214811,19,98.53002838722973,18,0.027821567779553195,0.01905860317584711,QR,Electronics,TR,0
11671972,683,126.98934420147489,14,0.06619634317718558,0.1920636608106847,ATM,Travel,UK,0
1458116,588,87.71803382184373,15,0.1921644438823254,0.18641112990150205,ATM,Electronics,TR,0
6279473,310,76.93197511323544,15,0.2875281624436629,0.032442433543222585,ATM,Electronics,US,0
5205032,650,1850.4926687068385,19,0.7841432760345315,0.889996201571532,QR,Clothing,US,1
16730867,495,109.80644562116038,17,0.1503926117513772,0.05772263778708575,QR,Food,UK,0
10457128,523,92.95677173191017,12,0.23293458193590552,0.08493052544421358,QR,Travel,UK,0
5275198,857,101.96444183539433,14,0.04509870984899807,0.1646067132622987,QR,Travel,US,0
20231,363,26.172430194951993,9,0.030966944269565432,0.15906044491401322,ATM,Travel,US,0
5949909,847,31.512940276124496,7,0.14057454584496673,0.04874156557055331,POS,Clothing,TR,0
8973341,760,154.39117448360605,18,0.0856564510192779,0.08237563774695762,ATM,Food,TR,0
14718676,962,78.13342327523543,17,0.11114127418895281,0.22731781106151527,QR,Clothing,US,0
2346470,921,29.79252861986422,16,0.203239049655233,0.2186724097475417,POS,Food,DE,0
4605198,455,676.743882688741,20,0.8488391621170435,0.8601389215684163,ATM,Electronics,US,1
6588414,91,40.57741435235579,19,0.06915004784473068,0.15952336274272813,ATM,Electronics,FR,0
14609185,202,10.44622636600981,17,0.14088659419290525,0.07969169634952482,QR,Electronics,FR,0
14887532,609,50.49292559929564,19,0.017608340759783014,0.2333943880247557,POS,Electronics,TR,0
4352306,977,40.512070561233244,17,0.10340255923185875,0.22564346251683762,POS,Electronics,UK,0
5784242,479,133.06367539324293,16,0.11721925650792771,0.8916650596829332,QR,Grocery,US,0
11716875,909,95.18539443657619,18,0.055417730377017194,0.18172792914006844,ATM,Clothing,US,0
8139310,676,44.567582148079424,14,0.11990763358908,0.15122614034110032,POS,Electronics,TR,0
8706662,686,54.65853197290357,16,0.19782787133023494,0.22640869443335718,ATM,Travel,FR,0
3965385,656,65.65119564928605,14,0.11467370284710829,0.17978942355984148,POS,Grocery,DE,0
15895509,613,65.4433961366428,11,0.07447995995742664,0.11832466912775187,POS,Travel,UK,0
16713620,57,75.08037340560713,8,0.08708691403286123,0.27441995177726763,POS,Electronics,UK,0
7625772,417,91.24516473526523,11,0.16381702882095664,0.11185845196720456,POS,Electronics,US,0
1837943,127,73.68237300486112,16,0.011920540547741658,0.17080485206598103,ATM,Travel,FR,0
7181367,712,106.20595636775968,18,0.04619717228731076,0.21349283228819588,QR,Grocery,DE,0
4844148,284,84.2405215920713,20,0.18409938718715993,0.274547694642961,ATM,Travel,DE,0
12181219,41,70.86911609694059,19,0.109928750776254,0.24700079975660996,QR,Electronics,US,0
15642253,676,55.053889646619986,21,0.05337079017397116,0.1718458610884441,Online,Travel,US,0
4156026,215,49.63593479949411,8,0.04386849993650289,0.06292177248806582,ATM,Clothing,TR,0
643634,89,24.942591970048113,16,0.06874214066323524,0.24054666114193363,ATM,Food,FR,0
15358261,13,59.366776541146905,22,0.2415603510561309,0.0762195774307182,ATM,Clothing,TR,0
3858542,380,55.82560052789931,11,0.22649021741723807,0.20676625082149586,Online,Travel,DE,0
4284359,661,94.12429130958226,18,0.04463211863703231,0.1700995894502836,QR,Electronics,US,0
3400802,49,60.53456284416327,17,0.0727199060598873,0.19309993156032906,ATM,Grocery,UK,0
12427290,355,90.78585540886559,17,0.061656727516413795,0.09360636019087473,ATM,Electronics,TR,0
12376973,992,84.90888595914329,20,0.06328803946527452,0.11501172400517083,ATM,Clothing,TR,0
8711419,850,69.06933546986983,20,0.05290757721880528,0.009358047175613386,Online,Electronics,DE,0
7553773,574,31.400895505245117,22,0.10471183600741617,0.17239631171146286,QR,Grocery,DE,0
1990636,517,61.29255139620761,16,3.0274785175044003e-05,0.2146672179996118,QR,Food,US,0
3607280,44,53.82806824014009,14,0.2709368048037132,0.19282771676940205,Online,Travel,US,0
3820582,501,28.83415667461977,14,0.0045612051239757034,0.15648518319069118,POS,Electronics,DE,0
13407509,282,147.14995237899194,10,0.2079894259825351,0.04198128758524157,POS,Grocery,DE,0
13250531,658,51.37824443649499,17,0.06438653803225322,0.14585219339273428,ATM,Clothing,US,0
9117742,752,44.71948605007302,12,0.07785315157512034,0.11710572866331907,Online,Clothing,DE,0
14397073,433,37.785040887223744,19,0.10337449740743114,0.0858855339583346,QR,Travel,DE,0
11346057,139,1063.8474829872935,4,0.7191467802165757,0.9668374381082003,POS,Grocery,FR,1
10928461,598,1.0,14,0.011428421737402421,0.16928884051595217,QR,Food,DE,0
5317550,554,2301.8927863875947,15,0.1497257467065272,0.00995796385991005,QR,Food,UK,0
16549038,992,25.8015706282533,13,0.18280773981486856,0.1469486852559772,Online,Electronics,TR,0
12632985,958,116.91940941466666,15,0.028802300404934447,0.1275902643494526,QR,Clothing,US,0
1694474,251,3209.6930703801117,7,0.7460142068591198,0.8472411369154856,ATM,Electronics,US,1
12611778,419,31.513950729548434,13,0.8505625296837703,0.16173321139307373,QR,Clothing,FR,0
831822,294,2027.3645490228635,22,0.7326668346685499,0.9063630600930817,QR,Electronics,US,1
3646058,768,1.0,16,0.12144540784643831,0.06775614521058601,Online,Electronics,FR,0
4788781,941,33.90510565275069,7,0.16762240351171392,0.2090422325525694,ATM,Travel,UK,0
10108833,482,2038.14538992095,18,0.7491046398085379,0.8794529713021786,QR,Travel,US,1
1251142,503,13.576586225124004,6,0.26594577532361025,0.013683581746565122,Online,Travel,UK,0
14681448,166,1948.9801423278993,10,0.7738681261441479,0.8350176654741357,POS,Clothing,NG,1
16542376,706,63.2269803375124,16,0.006525537795293156,0.02883171792464507,QR,Clothing,TR,0
10289619,966,43.216683400586014,22,0.07609321497986496,0.15018131507200144,POS,Travel,US,0
1331204,760,65.1688766587746,14,0.21649294332828906,0.04266502745927556,ATM,Food,US,0
13618703,43,43.129868701457475,18,0.024572608060347473,0.9263695738029383,QR,Travel,FR,0
15644429,279,46.61236842546491,15,0.749650981279027,0.8027383477835155,QR,Grocery,UK,1
2879140,132,80.27197030640359,17,0.6216481408842736,0.9247714561479959,ATM,Electronics,UK,1
11017019,323,368.1652244146958,5,0.7175859318349326,0.8964474140919763,POS,Electronics,US,1
6969788,13,119.78884005642072,8,0.004174732393515249,0.2860009628600308,QR,Travel,FR,0
9715591,328,75.40389590949871,16,0.2627731159716825,0.05169496542305954,ATM,Food,FR,0
5016497,743,24.766061428879425,19,0.11277009927593179,0.20249837302509655,QR,Food,US,0
16345229,498,45.42784407606826,19,0.1710842625256445,0.17199289591683867,ATM,Electronics,FR,0
2512418,70,108.81527431399104,17,0.004222971778115411,0.7493221983880752,QR,Food,TR,0
10861649,823,78.5403768755244,18,0.025469830123785207,0.10326007502770676,QR,Travel,TR,0
6188624,957,116.43835201983197,17,3.0274785175044003e-05,0.03029550478692879,Online,Clothing,DE,0
1452699,721,59.71276354974622,17,0.039639562411587156,0.21425228485530276,QR,Grocery,US,0
5220102,280,51.79156735404363,10,0.2599793659741973,0.1865837022013041,Online,Travel,DE,0
8361079,154,78.0400161058286,15,0.02125593225662179,0.23805761343790646,QR,Electronics,DE,1
15840971,677,73.16695294566819,17,0.0647227553426868,0.1740479706194992,POS,Travel,DE,0
11039889,664,1.0,8,0.018818192632620863,0.1578389991154993,ATM,Travel,UK,0
9651634,443,131.2953469678598,20,0.052678246259741754,0.1937194305587311,POS,Travel,FR,0
13153416,678,1654.5173870127292,15,0.2594521034053783,0.25939173820386996,QR,Travel,FR,0
11467361,425,55.973108591662374,15,0.08377344970508578,0.18561937208421386,Online,Electronics,US,0
11178212,89,123.56174800276918,16,0.14364646506053563,0.25340048968630746,ATM,Grocery,US,0
12557391,455,41.785403582300034,15,0.15746976198546397,0.2762688640129812,Online,Clothing,TR,0
7418333,238,28.448295374337278,6,3.0274785175044003e-05,0.11038402146417531,QR,Travel,DE,0
7474364,579,2273.9892158328107,18,0.7210806499947098,0.8256100447438944,POS,Electronics,DE,1
1098033,934,3.94831326130965,14,0.20591105586791458,0.2240469074037184,Online,Food,UK,0
11005517,100,197.39093354568263,13,0.06887374015440181,0.2593404400650813,ATM,Travel,TR,0
12397309,53,128.41136468559492,20,0.15494740546166116,0.11344892826451759,ATM,Food,TR,0
14499152,255,106.92775147837614,9,0.25367966812370124,0.1194374616918156,POS,Electronics,TR,0
5657335,242,135.8428757631342,20,0.1268092006693652,0.28898714902619216,ATM,Clothing,DE,0
12756921,688,1803.7009310624599,6,0.8190363672754742,0.8333858015381573,QR,Electronics,UK,1
7007851,413,140.5880316394169,10,0.12813050799881986,0.1219286933850926,ATM,Electronics,UK,0
11821217,214,82.42885532859711,21,0.17585793761371954,0.15436391262838184,QR,Electronics,US,0
1451084,73,60.56816045878278,16,0.20065282888330033,0.14680061964805954,ATM,Travel,TR,0
10543584,688,1351.1205772055978,4,0.781368367875621,0.9191067333231981,Online,Grocery,FR,1
9864505,432,69.36495770090012,12,0.25857435048505933,0.03868927747937339,ATM,Travel,TR,0
8832246,56,93.16076100848746,10,0.2673788249465089,0.03470822095367992,POS,Electronics,US,0
13928701,858,85.95598672883919,13,0.2519001520789273,0.09598421567837274,ATM,Clothing,US,0
16186387,354,121.08919468220012,8,0.08076649521775138,0.3026895047981059,ATM,Food,UK,0
11252662,719,65.75354689387993,6,0.013415436619843922,0.1368309650811213,QR,Travel,DE,0
9619325,463,47.14505700532842,22,0.07396598520043962,0.16146194342796022,QR,Food,UK,0
12674101,545,76.74281041856672,17,0.002574751409817267,0.03671205743358462,QR,Travel,DE,0
4085060,573,81.52515861794888,8,0.1189513793407024,0.11637803976740439,ATM,Grocery,US,0
12420885,378,1.0,13,0.03618462355582929,0.2263851214441059,QR,Food,UK,0
11727345,15,2137.8234266002764,10,0.8361213954942781,0.9847536245468849,ATM,Food,NG,1
9683016,522,72.30695881695797,12,0.08441995515438461,0.2609882893737162,ATM,Electronics,FR,0
11860631,246,2279.3618373526856,3,0.7640966337659244,0.8385954117904248,ATM,Clothing,NG,1
15953614,693,145.12099235906186,10,0.26343331440860546,0.19198185537264317,ATM,Electronics,TR,0
13018820,162,81.85087326725008,11,0.22101599507008735,0.02263847110966364,ATM,Food,DE,0
6369122,438,1.0,23,0.0277973165817421,0.08291624076332102,POS,Grocery,UK,0
15740264,838,62.01308878815167,18,0.25607381717320093,0.04094205009247735,QR,Travel,UK,0
11267825,272,66.1485621545103,19,0.012780410858555177,0.18174417652424213,Online,Food,US,0
1308179,510,78.53953272352922,17,0.1371675177163245,0.19361082343049807,Online,Travel,US,0
4550597,16,1.0,18,0.10343525362989897,0.037576443881208385,ATM,Food,UK,0
16021032,161,85.93875895746103,21,0.11692851482151936,0.026129554968106355,ATM,Electronics,DE,0
7641620,479,84.84161220670501,20,0.004952162514535473,0.00418701220891108,POS,Clothing,TR,0
1606253,188,35.55976075042794,7,0.010771373856383562,0.2709105076351831,QR,Travel,UK,0
610864,16,33.545993980788104,23,0.17784786360699376,0.1270876977191983,POS,Electronics,TR,0
12898222,986,91.01234992569508,19,0.06637977352234056,0.2911631438911978,Online,Electronics,TR,0
12570795,113,107.392891402994,16,0.07199626158251513,0.03292021100104801,ATM,Travel,TR,0
1817698,354,85.4636426914757,13,0.2782812408251281,0.027787014379585185,QR,Clothing,TR,0
16300889,732,84.17267196206194,16,0.1842258614520184,0.04188822190063307,POS,Grocery,TR,0
3852670,848,55.1798008847779,15,0.18691843165097,0.29154483982528334,QR,Grocery,FR,0
6472510,665,131.8725250636566,17,0.09244610930895615,0.27250945613964517,ATM,Travel,DE,0
16769681,465,50.403181949596274,17,0.28038251905214273,0.15891938968147556,ATM,Travel,TR,0
2402966,852,36.23739956191379,9,0.19367205252751357,0.03171759865127102,QR,Food,FR,0
9849206,560,1968.001543252613,3,0.8129337021491917,0.8122953730271274,Online,Grocery,US,1
16767145,812,2389.344751835359,4,0.8074807508698718,0.8419261446288224,QR,Clothing,NG,1
5464452,98,1.0,16,0.13158610437896306,0.14498747692581843,QR,Food,FR,0
9283693,782,54.244205035527315,14,0.2291410243806846,0.017541134621578698,POS,Grocery,FR,0
7968597,117,154.3806170059063,6,0.7094872404437287,0.7999771328143738,ATM,Travel,TR,1
14486915,378,46.97562957868184,6,0.06418110117056908,0.17918303087513415,Online,Clothing,UK,0
10279532,374,75.05313025204303,19,0.08481760085267046,0.1492816122461581,QR,Clothing,DE,0
4498690,426,118.35461276525912,18,0.15364792830964516,0.2238562012198217,Online,Electronics,DE,0
5807502,499,154.64581709965836,11,0.10060666806396143,0.0753485819233882,ATM,Food,US,0
13870471,420,40.74663413302576,17,0.1996375755806525,0.15256876185543453,POS,Electronics,TR,0
10524327,779,76.30821013894806,16,0.024718361943760512,0.21148733976178447,QR,Food,UK,0
9966024,225,50.12923472030346,20,0.029529315918654986,0.043919148742426924,POS,Electronics,FR,0
4610616,605,93.88510151329596,16,0.11577889171311713,0.12891406995063284,ATM,Electronics,US,0
5851465,205,116.8618783609708,21,0.2290850966006685,0.15825119181443134,Online,Electronics,FR,0
15337069,147,4.837383712873077,16,0.2632005835010816,0.10163128297369306,QR,Electronics,DE,0
6062842,996,47.726696265629734,16,0.8223054152430964,0.8015106711368376,QR,Travel,US,1
3818088,460,82.07288106844449,17,3.0274785175044003e-05,0.21123590969563458,ATM,Travel,UK,0
15656137,150,44.09967792186474,9,0.17029189627568606,0.28762638674204494,ATM,Travel,UK,0
578007,430,61.56675109982406,19,0.13543958803326095,0.04607865512430715,ATM,Travel,FR,0
3519093,104,27.047935525972733,16,0.05730955091678234,0.04974463641248529,POS,Food,DE,0
4959617,748,56.3373992949512,18,0.012292227255445199,0.2647125442739622,POS,Clothing,UK,0
8544074,801,56.506065362096166,20,0.29782885767861306,0.0390978754833493,ATM,Travel,TR,0
8200408,961,54.2007602022514,15,0.11887624950483067,0.23170914074686272,POS,Electronics,FR,0
7630462,100,85.27684856440972,12,0.03751231728419943,0.17360254469120834,POS,Food,UK,0
5036060,577,1.0,11,0.22039608810173822,0.15236042410150902,ATM,Food,UK,0
1572972,558,33.01607764450368,11,0.040863983861230385,0.038633222121340835,Online,Electronics,TR,0
246622,652,73.02048796089542,21,0.09239855240317991,0.15600475519836962,ATM,Travel,UK,0
3291444,97,61.9202867141779,17,0.045598970105309125,0.022547399293996916,Online,Grocery,TR,0
6164989,170,17.99496658623471,8,0.08125567847505322,0.19418250367376536,ATM,Travel,FR,0
9175207,950,65.44417530082592,23,0.0853331499216723,0.18650771851386283,Online,Electronics,DE,1
13805129,847,70.40993096399436,18,0.13587142153821347,0.03616907230161537,Online,Clothing,TR,0
9346824,602,82.53495157878429,17,0.8551581953717972,0.9489245324817511,POS,Food,FR,0
5958979,953,48.159711629004875,21,0.017144263962018808,0.21038570178822533,Online,Electronics,FR,0
4250866,467,57.88413296535774,16,0.07360376976889907,0.05613275282818882,QR,Clothing,DE,0
7061826,459,919.569559824183,3,0.6817819149979176,0.930792745107909,ATM,Electronics,UK,1
16089081,74,134.56448335533824,10,0.07715335355609694,0.268142229250063,POS,Grocery,US,0
10293912,85,74.62880530599124,18,0.8000697974031553,0.8816324373639755,ATM,Electronics,US,1
10173800,525,1.0,12,0.7868794865638244,0.10699173162399055,ATM,Food,UK,0
6693534,585,33.95764674475551,19,0.03090071279299616,0.10140807938920232,POS,Electronics,DE,0
6529145,182,25.288598289893223,17,0.08423425754606997,0.03921637970788764,POS,Electronics,UK,0
11462321,165,44.73240334286645,7,0.7086371352270274,0.2331946947372977,ATM,Electronics,US,0
4840560,728,1114.890288356552,4,0.703847723482319,0.8319839030634824,ATM,Travel,NG,1
2015068,935,104.5337950134822,19,0.09230135227458047,0.2842316222859366,Online,Electronics,UK,0
2644688,12,89.39973611482904,14,0.12723704467694244,0.026473934554418085,QR,Electronics,US,0
670435,257,94.6242999845947,7,0.25503842875761046,0.14712410052360508,QR,Travel,UK,0
433447,51,40.0130600708258,8,0.022017419457850598,0.24423006049517507,POS,Travel,DE,0
5674234,935,53.673828963962436,18,0.14900964113217116,0.038864340497291705,ATM,Electronics,TR,0
4877957,750,75.19831087435458,20,0.031393371428254255,0.05756775313235113,POS,Electronics,TR,0
16074418,321,81.65419307868817,23,0.191435442091869,0.2641120487333955,Online,Grocery,TR,0
2160809,767,1244.5441786340266,5,0.8227890283948174,0.9018504839115439,ATM,Clothing,NG,1
5906002,867,106.07358858826845,16,0.7622775922482237,0.8388263538145675,ATM,Clothing,US,1
5046339,137,61.37090750814161,20,0.283810549882675,0.03721569270988132,QR,Grocery,DE,0
14078494,705,48.84143576186587,17,0.2276415295922435,0.24559065462465485,QR,Travel,FR,0
6354190,751,54.085495322867224,17,0.10352468862750215,0.07699610894882346,ATM,Electronics,UK,1
59712,830,71.2833940090715,16,0.20708553431327129,0.2177412286378971,QR,Travel,US,0
3105307,269,988.7046325145948,4,0.8470639317264799,0.8886434809909616,ATM,Electronics,NG,1
2016659,25,68.37827047755151,13,0.06755420764867076,0.1601204972097908,QR,Food,FR,0
4741442,159,25.041275150508284,16,0.14731904631242843,0.17546204037607882,QR,Travel,DE,0
13203820,521,93.27742796710642,16,0.04326261556809462,0.14775404144168036,ATM,Electronics,TR,0
5395494,793,142.00522481307183,12,0.04307071438480928,0.18538359681632066,ATM,Travel,UK,0
7352514,876,118.22535238849343,17,0.23530598211272422,0.0363396941285202,ATM,Clothing,US,0
12125653,954,5.078146495779876,20,0.8233388393458816,0.9510686804352453,ATM,Travel,FR,1
11289781,878,16.83180536310347,17,0.07930706383583755,0.10264437646683955,QR,Food,US,0
10459572,908,72.98207449880483,19,0.1691241905123649,0.04482375822904114,QR,Grocery,TR,0
596878,639,2206.5605109937233,19,0.7607632601988572,0.8885002142847618,QR,Travel,US,1
14084906,228,89.9903805209018,11,0.09229767205245663,0.2714320937389043,ATM,Travel,UK,0
16596443,619,39.43256526900859,22,0.08754820781812948,0.17524185136611153,QR,Travel,TR,0
3475717,209,89.75761039144994,23,0.6792013032496054,0.2442949454903651,QR,Clothing,US,0
14934111,401,53.035089337066054,20,0.12828824436208475,0.09923493419775432,ATM,Grocery,TR,0
2696139,78,65.17205946519888,19,0.155577130072961,0.19840332543064287,QR,Clothing,US,0
4280667,382,137.49654609847758,20,0.04158045517374808,0.08002807718475184,QR,Electronics,US,0
9865048,186,110.17288530446575,21,0.023471773757469352,0.22986879614860672,QR,Electronics,US,0
15073232,708,141.67873927640355,15,0.0613417642135336,0.10361152527260503,ATM,Travel,FR,0
7092900,323,1713.3690546238206,8,0.7948353024356183,0.7816175045520346,ATM,Travel,TR,1
16649747,87,48.829855575347096,22,0.039205692146106204,0.25022860796506474,Online,Food,TR,0
2871320,450,1202.5792758807393,11,0.763126520810657,0.9042071933855161,POS,Clothing,TR,1
12343739,204,1458.9089746832267,4,0.7308275590961473,0.8856283871151474,Online,Grocery,TR,1
6190464,955,77.08357088698656,17,3.0274785175044003e-05,0.19444867298193666,QR,Electronics,UK,0
12779537,161,42.094828129816925,21,0.21979671532047484,0.048719949164774325,POS,Electronics,TR,0
13636377,278,15.316489868880765,17,0.07151356827537045,0.8317325684321847,Online,Electronics,TR,1
662723,752,1601.0334732585638,13,0.7177842145742424,0.8923031886353222,POS,Electronics,US,1
10579420,471,38.769835966308676,15,0.021341829664793633,0.283003536606589,POS,Electronics,FR,0
16424158,366,132.84136757910392,19,3.0274785175044003e-05,0.14388762677956501,QR,Food,DE,0
5365695,102,68.94095229194201,14,0.08546042504274669,0.12912593375346362,ATM,Clothing,TR,0
12924674,55,85.40496814018448,17,0.18052215742215655,0.16660699554816763,Online,Electronics,UK,0
3508288,525,6.029967396847269,15,0.0348647323232348,0.18774550310996707,QR,Electronics,DE,0
5136014,783,129.74030463811312,9,0.06700061857206469,0.21281973145395439,POS,Travel,UK,0
5330963,440,77.01497973710846,16,3.0274785175044003e-05,0.17194989462905702,ATM,Electronics,TR,1
10527443,654,70.46405388760027,19,0.11796442976127919,0.009965256446103039,QR,Electronics,US,0
3673116,882,6.685432344870719,9,0.9536459041988112,0.7919721484672452,ATM,Electronics,US,1
10997189,889,132.47400912124894,17,0.02007641809389915,0.10347441019957544,ATM,Food,TR,0
14966826,396,59.38881333684791,14,0.27408254281293837,0.15927040521124072,QR,Clothing,TR,0
238680,227,54.90360751645094,16,0.012270329976992664,0.16166824116321493,ATM,Food,FR,0
6226156,140,40.11067061218738,22,0.2577358116171902,0.29402132825625554,QR,Travel,FR,0
9776145,559,126.63990183474034,18,0.09961358692796497,0.21468768019323975,QR,Food,UK,0
2446278,547,20.637111731654244,9,0.8035300571877104,0.9297003663049362,QR,Electronics,DE,1
6518783,731,74.88138990173252,15,0.0614608305096363,0.16091354616164633,ATM,Travel,FR,0
4260278,139,53.94557425026252,16,0.02250346740436779,0.1675501473732216,Online,Clothing,TR,0
10387459,758,1540.287153889013,5,0.7162837164601014,0.9122658996614214,QR,Clothing,NG,1
2512963,881,60.57160997436023,16,0.2500975794153705,0.04923138117471052,QR,Grocery,UK,0
9461337,71,111.87817372341718,15,0.1642155089348174,0.2010401947046642,ATM,Travel,FR,0
16453169,272,87.96066260327538,13,0.07131330477329381,0.21815944896462144,ATM,Travel,DE,0
16739604,163,82.67920449050618,18,0.20237261433945342,0.26183345922458545,POS,Travel,US,0
6576228,979,138.035239940017,13,0.01892734865023673,0.14806401338329003,Online,Travel,FR,0
7216986,234,63.63898174922117,17,0.07034459477713176,0.2790824701471927,ATM,Travel,TR,0
5325874,913,116.2399499266916,13,0.029553343752110606,0.036577622732155333,ATM,Travel,FR,0
8130821,530,20.51222586333993,10,0.023270566225228745,0.17552730286758525,QR,Food,US,0
12359027,979,61.96363477951084,10,0.14042464678636668,0.025623066188946275,POS,Travel,UK,0
10114619,82,35.990359060891564,15,3.0274785175044003e-05,0.22741674575002718,QR,Travel,UK,0
2841048,360,88.10718143649814,17,0.021247990378143927,0.255583816225456,QR,Electronics,FR,0
12030726,822,74.36913472667146,17,0.07552493746232547,0.03533600422972559,ATM,Electronics,DE,0
2858311,133,26.35025184467841,13,0.01687397649697879,0.21659572314630965,QR,Food,UK,0
7299885,742,77.8992183567474,9,0.20491101897164327,0.27219354411523505,QR,Travel,FR,0
15338719,434,79.28626344521226,12,0.14316395449454952,0.04223339066400557,Online,Grocery,TR,0
4973631,685,63.08690998468983,17,0.0016060179667130754,0.19275825529025614,POS,Electronics,US,0
16503039,524,74.42057928327786,22,0.07200289910490494,0.1987610930702908,QR,Travel,UK,0
11037252,496,110.80853285604395,9,0.22041976978214445,0.17168172293805198,QR,Travel,FR,0
9179389,11,72.19542333550535,16,0.06765193950146921,0.24838052542095823,Online,Electronics,FR,0
11731488,661,63.7299096447802,18,0.013995200200408522,0.2298438310340964,QR,Electronics,FR,0
2522830,332,154.91903200548518,16,0.28780470685886744,0.9008522336964,ATM,Electronics,US,0
4718164,769,106.50906697405318,18,0.03539282507038328,0.0814997474241826,Online,Electronics,TR,0
12006776,237,77.31137478043995,11,0.07662631955983897,0.17722124419898524,QR,Grocery,US,0
47211,548,21.216182510980218,16,0.1846122575910844,0.004110039593949264,QR,Clothing,TR,0
1584417,551,46.96872029384084,16,0.2657605731942708,0.1852006190025095,ATM,Travel,TR,0
8351885,156,90.20355980260304,16,0.09099954060507146,0.04438613802035963,ATM,Clothing,FR,0
1127062,912,917.1557367847911,5,0.7975723267258069,0.8772369856306084,ATM,Food,NG,1
11422195,166,80.29124604839106,18,0.07162612057306386,0.9996026492679309,ATM,Electronics,US,0
16703411,238,119.54552081332073,16,0.023853919985906094,0.03754956606090984,QR,Grocery,US,0
4909779,240,62.07114673301832,20,0.2107716058878342,0.19769339327463478,Online,Travel,TR,0
12464047,98,1735.0462573704917,8,0.7916173894431938,0.877888517633651,QR,Travel,US,1
10903360,196,1.0,21,0.024322945374124716,0.24193165342107317,POS,Electronics,US,0
13114485,62,11.205544446934752,14,0.0788851902247875,0.9377153467053972,ATM,Electronics,UK,0
5499613,11,91.03992056519316,22,0.08996967697280046,0.22871565750150608,ATM,Electronics,DE,0
821463,75,60.13433089563804,21,0.1487085511090992,0.1949798539930081,ATM,Electronics,FR,0
10848995,403,36.55357901988733,19,0.08657144717097376,0.1640419614131093,QR,Travel,FR,0
903858,303,134.4911635381078,8,0.26285008159754314,0.27848732931314174,ATM,Grocery,US,0
9284782,196,66.02882251174796,14,0.8222954411737406,0.09100935281636069,Online,Food,UK,1
11960772,248,2215.501406027178,6,0.7652856099134226,0.8373869673967419,ATM,Clothing,NG,1
7633047,322,1.0,17,0.8592427638898813,0.21342630015398725,QR,Electronics,FR,0
9209913,402,74.25665207267328,18,0.16603443327691714,0.20196136602434397,QR,Electronics,UK,0
15719346,227,57.11461610507841,21,0.2780896262620574,0.03921560588680936,QR,Electronics,UK,0
11837985,501,2080.0247583278015,5,0.7405095212806994,0.840951925128883,QR,Grocery,US,1
5671255,974,622.9049805753241,7,0.7705600011583826,0.9831314219994457,ATM,Clothing,NG,1
7204160,365,47.034793981181615,7,0.06657911943552305,0.16474166222626535,QR,Travel,US,0
7699720,45,83.63194272417593,6,0.08901828401576967,0.18299155358775218,Online,Travel,DE,0
14977266,712,55.69633851482276,16,0.047051007946727084,0.0037512371269096123,QR,Grocery,TR,0
9036312,261,109.83659625501853,18,0.052533254059070326,0.11707792619043347,POS,Electronics,US,0
4089773,141,27.110329318978955,18,0.2294404499709098,0.11203295885401292,ATM,Travel,FR,0
3501492,946,139.7075486826763,18,0.13919220698342383,0.08837846620350409,Online,Electronics,TR,0
4078073,512,2307.770526275083,15,0.76870944290113,0.8221837822517406,POS,Electronics,NG,1
9466594,525,38.46489532533509,17,0.18750182787255298,0.1741445697328328,QR,Food,DE,0
14681675,429,25.8305676498355,15,0.002039139128687254,0.08975727487267322,ATM,Food,TR,0
3545739,567,66.6487496596655,15,0.25551394643464587,0.044367235107015464,ATM,Travel,US,0
16669650,614,14.756173044968875,21,0.12979840148828703,0.042428289998125125,POS,Electronics,US,0
596165,381,32.133403193485066,13,0.8024302153502048,0.04836014946216609,ATM,Clothing,UK,0
4842506,162,60.19128773307819,17,0.10318533804942809,0.15944841634790607,ATM,Clothing,US,0
2955493,614,72.59255724268021,14,0.12661941946396588,0.20095960726950945,POS,Travel,FR,0
2846833,418,24.808192485681246,10,0.075685445930031,0.02718223978506401,Online,Electronics,US,0
11030128,282,94.9285187768925,7,0.08178465547242997,0.28582348456340523,POS,Electronics,FR,0
6671080,758,58.52467932341146,7,0.11310777292221319,0.29363474076132373,QR,Grocery,FR,0
15473409,812,1442.0580597507649,7,0.7315645735418952,0.9064856406746438,Online,Electronics,US,1
9036158,733,155.85900750915368,13,0.07533796367645376,0.1404012688126537,QR,Grocery,US,0
9688078,788,60.364730139504616,6,0.8599336998122127,0.9623246863648038,QR,Electronics,DE,1
13938446,678,11.401148533602878,13,0.030673747609016623,0.04625220989272845,QR,Travel,FR,0
13233917,666,107.97503427137855,13,0.006591523687517253,0.03422997483729094,QR,Electronics,TR,0
10725564,46,52.125734185261415,19,0.09520192531622237,0.27375244994842385,Online,Electronics,TR,0
2223009,394,124.88915884222135,18,0.14283558625030074,0.9467866608647071,ATM,Clothing,UK,1
6260295,497,77.07542394150988,7,0.0796385822321838,0.14932986761826722,ATM,Travel,US,0
12816693,180,110.93542064580572,18,0.057502665557235655,0.02580972357583789,QR,Travel,FR,0
6759730,948,1207.6207425896828,18,0.8078621957913091,0.8580070478576871,ATM,Grocery,NG,1
331128,145,94.4218186151737,16,0.1666769113228343,0.2674413259941106,Online,Electronics,TR,0
2602695,976,94.50578860943172,18,0.09225404160504382,0.20635972787542478,ATM,Clothing,TR,0
7322602,508,44.42047970477918,18,0.16820551301373743,0.20521263039360585,QR,Clothing,UK,0
7027036,673,115.97148471281692,13,0.7973097733708965,0.8572247469582642,POS,Travel,FR,0
483803,88,30.72591649619323,12,0.06359946120050394,0.10147704215408494,ATM,Electronics,FR,0
13980137,311,140.13485812983072,15,0.03916759064252168,0.16839913872106296,Online,Electronics,UK,0
15856921,292,42.116669918062456,17,0.2258665610749148,0.12280305215682027,POS,Food,UK,0
3217065,849,6.194474217742581,13,0.1052379436535269,0.10715912878731598,Online,Electronics,UK,0
15043602,944,41.4252240362355,18,0.18855885143297116,0.03410478082414666,QR,Electronics,US,0
13931893,383,1.0,11,0.7911087174044338,0.9439476171290597,QR,Food,DE,1
6584780,47,41.466269242339955,20,0.15151493305734842,0.05018986716652658,QR,Travel,UK,0
11584271,559,64.9369732943148,16,0.2615624612095555,0.18016578064183703,QR,Clothing,US,0
14106938,478,2253.775053104351,16,0.843927018871582,0.861268269172637,QR,Grocery,US,1
10253316,761,99.01931710323873,22,0.02384636440584799,0.14908767131857265,ATM,Food,DE,0
9722790,997,128.77219324947234,17,0.06152801292613698,0.13084380049733177,QR,Travel,US,0
2629686,546,55.202984734288016,23,0.1727404430576589,0.04943390118160783,POS,Travel,UK,0
4156440,470,80.67798159561869,9,0.08851506790366659,0.11017233010381339,QR,Food,TR,0
8514395,834,45.4249435888054,12,0.07365690245247203,0.03595340204404672,ATM,Food,US,0
16323839,620,94.90908352750627,11,0.2577036796589221,0.1865062136137401,QR,Travel,DE,0
1860686,971,75.30714133283098,15,0.22223722247844432,0.1015206525821476,QR,Clothing,TR,0
4349357,291,41.68720387052097,17,0.06025466703412084,0.014858150609696804,QR,Food,DE,0
7509729,834,10.396619579684142,15,0.14724713536687842,0.011703424793851232,Online,Electronics,US,0
2845455,534,1.0,15,0.021248616528651842,0.17861438409480707,QR,Travel,US,0
8335510,697,52.95786428604577,18,0.08913654462390103,0.027608511922687408,QR,Electronics,FR,0
835838,306,91.71387790587106,14,0.11378080139241147,0.17781965244843906,QR,Travel,US,0
10285059,809,97.26786000165836,9,0.059582663078697556,0.2217571404634875,ATM,Travel,UK,0
12086546,622,35.257405524554336,17,0.016876135524176078,0.040901795739326535,QR,Travel,DE,0
1848817,658,107.62292127824149,16,0.0760738984729177,0.08087255214488692,POS,Grocery,DE,0
9246848,462,85.48804990433521,14,0.27553500619955085,0.09431753699484721,ATM,Travel,DE,0
4953106,958,101.64838064004702,16,0.21254974327735404,0.17320931019693275,QR,Electronics,DE,0
1848241,441,92.62454078227218,16,0.05754681287475927,0.13613707519953522,POS,Electronics,US,0
7298574,833,45.68658869215591,18,0.2537472490994276,0.12024268627997584,QR,Travel,DE,0
15196648,782,68.25371854212612,16,0.05447366624775319,0.04559133574550185,Online,Food,UK,0
16174354,69,23.68078735189635,17,0.21756036241528404,0.0232701102428021,Online,Grocery,TR,0
6049064,743,122.54653145478686,20,0.28147164649503864,0.04291904311060347,QR,Travel,FR,0
5765499,55,88.0405721301243,7,0.038939673631078794,0.11065932794816064,QR,Grocery,US,0
10973151,47,7.760989454033805,11,0.06498538785830817,0.15310939789912653,Online,Clothing,TR,0
8321761,788,1735.5862975321425,4,0.7716162518041283,0.9490089777358085,POS,Clothing,US,1
3897015,420,91.26302456862967,13,0.08034826324270149,0.15964612594203959,Online,Electronics,UK,0
12217606,863,73.3282892407137,12,0.09317943332097606,0.1917752621262342,QR,Clothing,TR,0
10459758,966,31.102732716610745,16,0.23145756048537677,0.03714424885081032,QR,Food,UK,0
3840972,178,87.9290968993759,13,0.0602001795750804,0.15974421100059288,ATM,Travel,FR,0
1641206,508,58.61930831955372,17,0.272392993018414,0.17474217741215453,QR,Food,DE,0
15316919,719,76.14450689839053,19,0.012364327421717974,0.27222533164909624,ATM,Food,US,0
10797565,470,93.99093370223235,20,0.01911451525998771,0.09430589810108236,Online,Grocery,TR,0
965914,503,70.73733542948384,21,0.19702560813503867,0.28600760635495814,ATM,Grocery,TR,0
14966660,610,79.6604356919247,18,0.09877419524619549,0.18591841406395426,QR,Grocery,FR,0
10038822,270,52.8742077947928,16,0.22535737920427548,0.2055576587657099,QR,Food,DE,0
8234856,893,68.99874610209879,17,0.09499354603089202,0.10120798598081632,POS,Electronics,DE,0
12471104,399,121.96776853268304,16,0.03957865778317357,0.10353163313182386,ATM,Clothing,TR,0
9695113,317,1.0,15,0.0294232087891078,0.15275245446036398,Online,Food,TR,1
14174532,745,108.57595058495933,19,0.020104243894742854,0.09887313968309808,QR,Grocery,TR,0
7678242,238,115.25819170689739,14,0.0138800863013042,0.1278581547242434,POS,Travel,DE,0
15014178,306,50.110931353102714,14,0.178810577277789,0.1110770693249126,Online,Electronics,US,0
8653423,835,1179.678685538196,8,0.8239522556080304,0.8401896732565712,ATM,Travel,UK,1
12336120,236,117.7503491198685,15,0.1545699919220845,0.1892395079088901,ATM,Travel,UK,0
10860514,529,127.58375212253672,15,0.20755690786935807,0.04205535520963403,QR,Travel,FR,0
8858051,124,50.89062768236604,18,0.11312316812170889,0.1788751631139873,Online,Electronics,TR,0
11333781,698,63.88276838913386,10,0.1507480247584009,0.057762483851761026,Online,Clothing,US,0
4265074,442,83.02562930489042,18,3.0274785175044003e-05,0.11483262006630116,ATM,Clothing,TR,0
7235672,220,68.27431323471565,18,0.03960038901952555,0.17604710222933143,POS,Grocery,TR,0
9486055,516,56.25872307983332,11,0.013213085577687703,0.16819181235175495,QR,Electronics,UK,0
13249999,786,58.308003840726336,21,0.19417968768424448,0.1993751929572331,ATM,Clothing,FR,0
14026600,703,5.935695724951316,14,0.9420672743051777,0.014518170361818834,QR,Electronics,US,0
14288897,888,102.92455352601232,15,0.11454731612015556,0.04321540875504516,ATM,Electronics,TR,0
5948033,924,109.70660815255084,9,0.0637924469116053,0.030392331106483775,Online,Electronics,UK,0
3113375,510,36.06725070891979,13,0.1039424063206316,0.03908268088922697,Online,Electronics,TR,0
14054769,294,74.95204693117228,16,0.0019059610386176623,0.23325866318302357,QR,Travel,US,0
5157486,617,82.32809519256195,12,0.025382199420258884,0.14841746499920236,QR,Clothing,UK,0
1160745,774,24.39500424807631,6,0.1559972109393578,0.8342235635260201,ATM,Food,US,0
7776866,721,53.075408286852934,11,0.21301356354755718,0.16058772140223077,Online,Grocery,DE,0
1140985,854,1.0,7,0.7315023868139934,0.9551858803382685,QR,Food,US,1
2040573,856,673.1937828051364,9,0.07114791951574197,0.957181393233101,ATM,Grocery,TR,1
9075633,355,112.9505762744525,16,0.03281161352637626,0.043077933569083404,ATM,Travel,UK,0
13852275,613,199.01287954768202,17,3.0274785175044003e-05,0.12143280831745734,ATM,Travel,TR,0
9327531,652,1.0,16,0.7017790553115025,0.8301662878230646,QR,Food,US,1
3111811,166,138.62003074444445,16,0.0813076864979085,0.06170466018908797,ATM,Clothing,TR,0
9411644,295,1878.5200573648751,7,0.8295023303499195,0.9178053755589274,POS,Clothing,US,1
5686122,162,19.054210030425523,6,0.21512987278526563,0.13924740746780695,POS,Electronics,UK,0
9020383,614,36.099398522461215,13,0.1651751118938558,0.2389905418032643,Online,Travel,UK,0
3221579,524,140.43808665700914,17,0.05446952229790866,0.09275001263097529,ATM,Electronics,FR,0
12557578,616,2118.392859270026,9,0.7998831712388368,0.8062408205812899,ATM,Grocery,NG,1
6382377,198,77.69416144410482,16,0.24544694031888278,0.20442418105135254,ATM,Electronics,TR,0
16195799,285,72.51490041199727,11,0.05946502014999683,0.07429400338836258,QR,Electronics,UK,0
6722805,924,82.25993777166285,16,0.07147089468908283,0.08415204743089619,POS,Travel,FR,0
7896878,879,89.54382106346713,16,0.019571347246348007,0.24667573693476683,QR,Clothing,TR,0
355917,824,107.68051283797163,14,0.027339686629313326,0.18655630309136234,ATM,Clothing,DE,0
6440915,561,176.1953538372405,15,3.0274785175044003e-05,0.219743959719439,QR,Travel,FR,0
7527558,391,73.69707362167058,10,0.09678646302459752,0.08823286078017253,QR,Food,UK,0
9298711,511,136.3434618128539,13,0.025236438129516578,0.1340582258580468,QR,Electronics,TR,0
3079524,448,50.33939019615931,16,0.03960564189395401,0.06929897704279259,QR,Travel,UK,0
3009089,347,63.07292383749194,14,0.17376539542668115,0.19749163291956828,QR,Grocery,FR,0
717248,238,94.10541435518732,23,0.06732925569926175,0.27496846328800467,ATM,Clothing,FR,0
562883,543,70.28583404404893,15,0.1776345175425098,0.013959775049777037,POS,Grocery,US,0
4781638,69,101.3841161601599,13,0.11051006577053649,0.16163374607080305,QR,Travel,FR,0
15388323,694,27.233273522511993,13,3.0274785175044003e-05,0.08559442280445233,ATM,Clothing,UK,0
6597816,777,118.1778364197169,19,0.23481891883223788,0.1619039231536759,ATM,Electronics,FR,0
12869869,540,59.919957938097085,20,3.0274785175044003e-05,0.13695770609591168,QR,Clothing,TR,0
10204373,41,97.9588961700644,20,0.08935882364890853,0.20175292560152813,ATM,Electronics,US,0
10377236,429,57.501121667751654,10,0.029513976635518788,0.033779534490916405,Online,Food,UK,0
3349619,39,1441.2357688905252,3,0.7821821617615474,0.9304268412764316,Online,Clothing,TR,1
14363857,597,1.0,16,0.043882017290738665,0.18635647014487877,QR,Food,UK,0
10006351,270,176.2356594464625,10,0.7884992116459426,0.8558356819868848,POS,Clothing,DE,1
10536000,230,1657.087021366822,2,0.756096297475402,0.8903417237684705,ATM,Clothing,NG,1
12582584,505,68.55780147988403,16,0.2191342351830951,0.0532176357411211,Online,Travel,TR,0
16231052,377,27.112582895619653,19,0.21849079442536937,0.1877504374998262,ATM,Food,US,0
3249142,549,115.02826853197627,23,0.1378586817349439,0.27873259282201085,QR,Electronics,US,0
13355410,733,28.272754446070394,9,0.18617894399278814,0.08057604149318612,ATM,Travel,FR,0
8296732,452,19.17059280147174,21,0.09208922828895301,0.04425546282476048,QR,Food,US,0
4245949,868,40.73311017467428,19,0.1685425786000194,0.24357459008242893,ATM,Clothing,UK,0
10482284,594,101.28870436802364,19,0.06100944912839621,0.036963310212455594,POS,Grocery,US,0
3281886,975,134.25149635836078,19,0.15929709205688244,0.05377081242789879,QR,Electronics,TR,0
13522553,982,116.1573380676869,8,0.08406827989229736,0.2586933909213966,POS,Electronics,DE,0
6526562,531,598.6287093816002,4,0.8176948796898527,0.9289617227021064,POS,Electronics,TR,1
9984728,129,77.36392763067093,11,0.05751930494102938,0.040495496917355975,POS,Travel,FR,0
9642776,797,94.42879425535163,23,0.05150796193515535,0.10511047520906577,POS,Grocery,US,0
3409033,698,105.88227275224922,18,0.026727400484672367,0.10181116494348012,QR,Electronics,UK,0
2517673,953,144.71608069032112,19,0.16457160957348524,0.0695836317273655,POS,Electronics,DE,0
163588,366,82.46177477541193,20,0.2720408207826256,0.15543752281410028,QR,Travel,FR,0
7742389,621,142.74417170289013,14,0.046692661635986926,0.1493107620504728,ATM,Grocery,US,0
13156768,310,64.57099903058312,18,0.035354727042606254,0.15571820334640213,POS,Travel,TR,0
3274676,109,1964.767657287116,1,0.8836405203740525,0.8065657828386766,QR,Electronics,NG,1
11705876,199,65.00958506870704,11,0.19933902706950235,0.13186610143876687,ATM,Electronics,UK,0
16528942,211,100.43980381939107,19,0.10467405962635401,0.19437171781538198,ATM,Travel,UK,0
7115932,203,67.40431383711524,11,0.13750332258909642,0.08210442594252261,ATM,Travel,FR,0
14444441,788,2225.515528550362,9,0.9002285523734332,0.8886372814628245,QR,Travel,UK,1
4171923,244,180.83392206010032,13,0.029340697842453693,0.11271441241002873,QR,Travel,DE,0
12767278,567,30.184160251995657,21,0.2904619637706891,0.1336096471552996,ATM,Food,FR,0
9741626,227,710.5040137260377,20,0.7940311032305221,0.8114049479679486,Online,Food,NG,1
8604283,116,93.32380446274306,10,0.03950792298014728,0.16225603368700653,ATM,Travel,FR,0
4999971,939,84.6600733341195,16,0.8661630195365391,0.18913197450474045,QR,Grocery,FR,0
11872151,997,78.56166199252553,7,0.015056450837601078,0.23648358374308812,QR,Food,DE,0
14150305,983,41.52220738556823,16,0.009642734415062804,0.041948395672949175,Online,Travel,US,0
2888058,447,84.15210273279843,19,0.07980329766080574,0.22492821101956917,ATM,Travel,US,0
9177151,654,111.90878521345948,9,0.0646750205258482,0.1136616689423853,ATM,Electronics,US,0
9162269,144,82.739713629976,17,0.030560084984709482,0.05400028982140738,POS,Food,TR,0
4179690,242,63.58525612034776,14,0.27808141110107754,0.17848365547631517,POS,Travel,FR,0
10863878,738,58.841308361257646,8,0.8214934055829175,0.8877127535125842,POS,Clothing,DE,1
3140457,969,1.0,17,0.18934933702583245,0.27870061667311646,ATM,Electronics,UK,0
11960529,352,1442.8054672708859,22,0.8538513941725269,0.829840578056201,QR,Travel,TR,1
13623642,223,139.79022864154828,17,0.15540977907494585,0.2517725979178064,QR,Clothing,DE,0
7434174,67,67.68445095037723,9,0.024529872956766296,0.18643805996353205,Online,Electronics,DE,0
14743413,939,151.4917494455446,21,0.08000292949647575,0.12426062912756336,QR,Grocery,US,0
11081007,606,35.51321980577936,18,0.11037920918405579,0.1547987621262097,QR,Travel,US,0
2530029,243,64.16092012180447,18,0.2704716762853771,0.04760919976485985,Online,Electronics,TR,0
7413923,528,532.1383418698274,4,0.7746256660589724,0.8526251147258087,ATM,Clothing,US,1
2582747,971,9.680040373468543,9,0.18589268111948673,0.14395264223314116,ATM,Food,FR,0
421229,191,76.95998512450515,18,0.16358637446333643,0.14814420762276426,POS,Electronics,FR,0
7298267,714,102.13624585422156,11,0.06978394938724485,0.02600869254641428,QR,Grocery,DE,0
8291697,308,82.67534760525962,11,0.1641380413472366,0.034050576915845766,QR,Grocery,US,0
9079173,547,93.36461689554427,12,0.15784652114581119,0.1891994483871055,ATM,Travel,TR,0
7226220,312,93.7534504334101,19,0.04905544524833065,0.15628994044746095,QR,Travel,UK,0
3272049,223,69.16031993344099,18,0.09416582932306987,0.23623334271337143,QR,Electronics,FR,0
902227,712,45.678198561894135,21,0.18589222615373463,0.1669172509544708,Online,Grocery,US,0
1590852,276,107.34034996426466,15,0.15251120943468957,0.16777026334370623,ATM,Travel,FR,0
1809012,999,86.18468846586104,18,0.07962085752819269,0.2118111723916052,ATM,Travel,UK,0
14761510,443,1.0,21,0.19346640139659865,0.22901758119731686,QR,Travel,US,0
13364813,846,95.84318968288679,21,0.058535739098080915,0.04342760193642237,ATM,Food,UK,0
13530252,304,28.284049822981316,3,0.013976443230209244,0.04529166645714152,Online,Electronics,DE,0
6728167,898,117.00111686649745,18,0.053193628644136265,0.1775449776337857,QR,Grocery,FR,0
13944790,815,116.60831744903855,17,0.09370559274300964,0.2004697093662248,ATM,Electronics,TR,0
14451307,179,56.77968556175704,17,0.20956917240356956,0.14887022891694152,QR,Grocery,DE,0
1533035,117,11.797850379041904,18,0.14223677373968024,0.18217699912707075,QR,Travel,DE,0
4980651,566,130.15921051771787,23,0.09688876888503348,0.2382331502666101,QR,Clothing,DE,0
9000268,254,78.17613753405044,19,0.2878147822208937,0.03986462197016953,POS,Electronics,FR,0
7528653,109,2521.1149446245795,5,0.7655476849088876,0.8860858711443478,QR,Electronics,US,1
16184259,563,65.36243872607055,18,0.22443791957231196,0.25459748973592655,QR,Electronics,UK,0
7181891,275,92.89907194224402,12,0.12324105417770553,0.28153958786313704,QR,Electronics,FR,0
8191503,78,2169.9662414372656,13,0.8650171397262022,0.8502126633330016,QR,Electronics,NG,1
16093209,333,182.3017256320524,20,0.12457051407266011,0.21659339845216374,QR,Clothing,DE,0
5642394,637,65.9611456532984,20,0.05958546766756215,0.20922531315342188,QR,Electronics,US,0
10025013,587,52.25791261358795,18,0.09591609725016285,0.12848662651541892,POS,Clothing,TR,0
10711570,694,3022.2132126610904,15,0.7434867754850132,0.7606122304003822,QR,Food,US,1
1386608,534,99.72396997313741,22,0.05732130087827273,0.14319492847214615,Online,Electronics,US,0
5207914,177,2027.504248491092,8,0.7131523425402184,0.8553941267674231,POS,Electronics,NG,1
14996855,383,79.85546046625306,18,0.7586890936436108,0.8517573544625683,ATM,Food,FR,1
15002744,728,74.39786302098632,8,0.056864321875893444,0.028842401849460606,QR,Grocery,TR,0
14577999,870,102.70315723440459,19,0.057549318977760486,0.13921126348746052,QR,Electronics,FR,0
4587599,976,2196.5771063738475,7,0.7214505483088444,0.9473761098054505,POS,Food,NG,1
8868077,970,2054.8760207226287,11,0.8277785016061985,0.8563824248196994,ATM,Electronics,TR,1
3393499,464,104.09753846959666,17,0.17298093050036456,0.1512853451110582,Online,Travel,UK,0
5635605,487,109.16642435201268,17,0.20669824516427185,0.15675547102712695,ATM,Travel,UK,0
4446267,252,52.46492185713951,16,0.013284965579802,0.8875233387259203,Online,Electronics,US,0
13013103,462,112.60017266714888,18,0.015413674867946717,0.3007351217732223,QR,Clothing,UK,0
6101108,389,63.35034294343736,13,0.15432709971104533,0.15902557121375197,ATM,Food,UK,0
2197048,624,42.913698632636915,21,0.800508398030741,0.20597351008496925,QR,Clothing,US,0
3270284,536,100.3368833507916,17,0.0764092799544357,0.03359967558889892,Online,Food,FR,0
12133387,330,67.26720153736031,13,0.11547005800492821,0.14815195045200955,QR,Clothing,US,0
12143274,720,1763.7754499386956,7,0.7332241069272855,0.8469362120268054,Online,Travel,FR,1
1508515,168,76.38404836388158,22,0.05939765597839761,0.29122393868534296,POS,Travel,FR,0
6852305,854,126.02560667436724,12,0.10380235050506224,0.035047165425484236,ATM,Travel,UK,0
4734485,151,43.726076100597524,10,0.2299585881703556,0.026477929217548653,ATM,Clothing,DE,0
5307972,218,138.62411824898473,16,0.014769525143007643,0.20357300577289061,ATM,Travel,UK,0
7198605,938,19.547626250747747,9,0.11457436774052905,0.04216546663699882,POS,Food,DE,0
6269277,164,84.26149826513017,6,0.8604131448448867,0.8966009347079884,ATM,Electronics,US,1
5049887,660,154.86977250321092,11,0.17068259188912907,0.20368565691145826,Online,Electronics,US,0
3120805,853,24.705280976478356,10,0.13264255063448355,0.012990881205103253,QR,Grocery,TR,0
14620613,631,1.0,15,0.017771408481011317,0.24299145134944883,POS,Food,US,0
16029770,550,96.40000412184084,9,0.24905933514627612,0.03574617456586913,QR,Grocery,TR,0
9290041,422,93.3700826804325,17,0.05269445809315469,0.03869921249894497,Online,Electronics,UK,0
11376878,206,78.79362312802027,16,0.04007460050431849,0.2701401160613167,POS,Electronics,FR,0
3937737,403,136.34604011877445,15,3.0274785175044003e-05,0.02270578993030177,Online,Travel,UK,0
12642994,374,101.45211387630252,10,0.15078680774310577,0.03662390686776283,POS,Food,TR,0
7213068,646,2.597504423901995,8,0.22919774260044043,0.27825500810556614,POS,Electronics,DE,0
2697283,351,123.24349482450786,12,0.0959472508731012,0.27063670571509807,QR,Grocery,US,0
10181154,544,2292.5117181814576,8,0.7853585619515265,0.8130636097757723,QR,Grocery,US,1
12722712,719,69.08406130189738,15,0.0386164672388596,0.14302036144619262,ATM,Food,TR,0
2475401,324,112.46139290321695,23,0.08536378159248703,0.17098197492323158,Online,Grocery,TR,0
5246066,108,1.0,21,0.05211600425120226,0.17752176552119142,POS,Electronics,DE,0
6632489,834,109.19099060825022,18,0.2753746035649686,0.2090713180756285,QR,Travel,FR,0
15556177,935,1430.5597548349424,4,0.6798788361725909,0.831720701547795,ATM,Electronics,US,1
2983699,432,109.26784837957484,15,0.2601171901940717,0.14065725263921758,QR,Food,FR,0
15471142,79,77.81896601616032,11,0.19803405620301437,0.1899797019694034,QR,Travel,FR,0
6998834,833,46.96445766271942,23,0.26989516277707387,0.17696791229779046,QR,Travel,DE,0
16429780,768,71.51912749749953,9,0.8053101591468789,0.9798711614741993,ATM,Grocery,FR,1
14589182,887,53.25616375670067,10,0.04693727295927979,0.21004604688126693,QR,Electronics,TR,0
7576980,908,77.29502544609932,23,0.25244173793922425,0.22117596743692272,Online,Electronics,US,0
14521816,839,2186.2555220997783,10,0.7924607756341218,0.8967458198750735,QR,Travel,DE,1
947964,236,101.37665985474898,18,0.016742162870606196,0.15380975675901523,ATM,Electronics,DE,0
11244239,657,63.93822362045946,17,0.839131829699434,0.7591227581044638,ATM,Electronics,US,0
2909261,362,60.22743395787495,14,0.08321361271066488,0.060124433887177316,ATM,Clothing,UK,0
2818752,730,167.63927413720813,9,0.06672523203744875,0.23396740248212763,QR,Travel,UK,1
13506389,24,32.183789143993856,16,0.17042631104190142,0.06657414102160313,QR,Food,DE,0
15804022,841,91.61307891562767,18,0.022294320273533418,0.3130744672435328,ATM,Clothing,UK,0
9010192,457,49.013323332945454,16,0.20375342702773822,0.15873166866229055,POS,Travel,TR,0
11368984,537,47.27725801812402,8,0.09772967497396133,0.17833515440813325,ATM,Travel,UK,0
14188624,696,91.7124592352225,12,0.07632076447957635,0.22266893405679294,POS,Clothing,TR,0
11725000,386,36.151493612980104,16,0.08322413538330582,0.13812067111470203,Online,Food,UK,0
10039183,414,1.0,19,0.12831888748892517,0.15930648793432328,ATM,Electronics,FR,0
9446100,568,119.80639603568927,12,0.03129278856617017,0.20949427198309725,QR,Travel,UK,0
14530954,831,75.18530066553804,23,0.16352628868718697,0.14834470502186586,Online,Grocery,US,0
1638377,334,74.59108218498756,11,0.28151863389057363,0.0494295080991921,ATM,Electronics,UK,0
11909161,415,2713.9903362971563,4,0.7744711064726489,0.786710279758883,Online,Electronics,US,1
13124126,871,100.11039948870729,11,0.1605443970495109,0.040409921339028924,ATM,Food,DE,0
4668616,409,44.69351571017603,18,0.26177348857416716,0.1568526675837628,QR,Food,US,0
14562723,696,86.4188424314304,13,0.2084293420575561,0.14444617101543344,ATM,Electronics,US,0
9463653,235,54.280903435788076,13,0.26418498444743865,0.016068799407524325,ATM,Grocery,UK,0
1844271,136,1.0,16,0.8702673855032365,0.9165947668167046,QR,Electronics,US,0
10401256,234,35.221637371655056,16,0.05541191130670641,0.131745429336505,Online,Electronics,FR,0
11030740,635,144.14497641532188,12,0.0932817645314061,0.009422525440589066,ATM,Grocery,UK,0
286080,573,59.26972085002942,18,0.08862532017873746,0.14294709019052726,ATM,Travel,UK,0
4516555,195,2103.355488354829,6,0.7451284941048508,0.8813371916943357,Online,Travel,NG,1
4493665,715,143.6887558297636,13,0.14532880514642352,0.032945434256125325,POS,Grocery,TR,0
13596198,200,98.53203446379769,20,0.22397565755999546,0.008580029999842875,ATM,Grocery,US,0
10322832,557,71.03688665236871,21,3.0274785175044003e-05,0.07346731812944579,ATM,Food,US,0
11024375,612,2439.662004999456,12,0.9135461975485831,0.7882621313777373,Online,Electronics,US,1
13925520,119,86.98008233126252,14,0.011906076698842454,0.09547109807547476,POS,Food,US,0
637702,432,82.39577090405808,16,0.06865837148452617,0.1525581574266767,POS,Grocery,UK,0
15749089,107,31.994306912990282,17,0.05243985074511423,0.11645449146647739,ATM,Grocery,UK,0
167837,329,28.58091702286942,15,0.030369963196921666,0.043776828292343875,QR,Food,US,0
3754505,753,87.64918947961381,21,0.25759482428579855,0.2831281093989587,QR,Travel,UK,0
10606940,879,46.31699727768783,18,0.27671806128704196,0.18173779041671023,QR,Food,DE,0
4908656,945,38.81251975069884,17,0.19520515454338833,0.09983171039347526,ATM,Electronics,US,0
5942785,125,68.58446103409906,9,0.028216154165734735,0.09894052908739583,ATM,Electronics,FR,0
14927441,919,146.82227785569196,17,0.18100350412157623,0.24029944438730433,ATM,Electronics,TR,0
11125004,972,70.96301088698512,7,0.03377150578999352,0.1583906532966545,QR,Food,TR,0
1278022,200,6.210642444489466,6,0.11012100070701059,0.22095972110904832,QR,Travel,DE,0
13010271,940,1302.8978204066002,15,0.770623078624562,0.9378079336406541,Online,Clothing,UK,1
11089879,785,48.65970715688714,17,0.21241289813540618,0.14409082161495676,POS,Electronics,DE,0
7238637,563,55.93573393634134,10,0.09643779422479665,0.047256115284747886,QR,Clothing,TR,0
5194270,247,69.75537059499516,16,0.2699823063967426,0.13681775038449692,POS,Electronics,UK,0
15303367,78,36.98248067211161,12,0.2672323380910857,0.1015299402037538,ATM,Grocery,US,0
4930591,108,120.3335335058375,17,0.014981425182350044,0.12136243653609513,POS,Electronics,US,0
13435121,703,68.48158362593546,18,0.06958508364602846,0.2863570401100952,QR,Electronics,UK,0
12467971,572,37.824907965133974,18,0.26469106894806865,0.24424529246041132,QR,Food,US,0
5732191,312,85.33223221090742,18,0.013618219875134055,0.2293064227344072,POS,Travel,UK,0
8283978,234,72.77343965056926,19,0.13776794373745851,0.04134539093068408,QR,Electronics,FR,0
15016960,159,2.1389077062221986,14,0.020504284204196074,0.21500143220585083,Online,Electronics,TR,0
2300432,275,86.96167735384809,22,0.0619618735120291,0.20754916701876083,Online,Clothing,TR,0
3595110,522,22.360990501909754,17,0.12469336008544507,0.13016868515696042,ATM,Grocery,FR,0
10759181,104,43.09112504475742,22,0.02169253231048858,0.1892323465221085,Online,Electronics,US,1
14228273,539,86.61004419466977,20,0.14665940903040794,0.037459487901022,Online,Electronics,TR,0
8544279,420,53.4623323804233,16,0.06409280653552185,0.05941006876430513,POS,Electronics,UK,0
10717085,15,131.57060063629473,17,0.1266199842275642,0.19475625894803839,QR,Grocery,UK,0
11067429,101,2814.194865731497,5,0.7862831042966393,0.8746676378278448,POS,Travel,NG,1
8667550,513,59.72399662154914,17,0.017991768654402787,0.04026736723713391,QR,Travel,DE,0
7049253,525,107.13147102462781,19,0.14614722393037965,0.1921957787573359,QR,Travel,US,0
3278697,384,40.25117887349284,12,0.06069983249059414,0.27895612586790614,ATM,Clothing,FR,0
11436840,634,122.55381444013722,16,0.13204638770765054,0.202049749455269,POS,Electronics,UK,0
63517,967,18.989707877706792,15,0.07703286547365963,0.2535914795510723,Online,Clothing,TR,0
6183391,680,1.0,17,0.27113767393113464,0.23038278159935147,ATM,Electronics,US,0
6714871,899,64.59101347686685,12,0.05784104866168336,0.09464448759268719,Online,Clothing,UK,0
13513389,248,87.57700757487432,19,0.25969509543845354,0.2939771589590022,QR,Travel,DE,0
6163663,198,38.53027902965601,17,0.22209837020414827,0.11269302705478416,ATM,Food,TR,0
3539994,543,49.41026231530978,8,0.0844668116613403,0.10580572853961125,POS,Clothing,TR,0
2751272,700,69.85834083539531,7,0.1143267071617652,0.21156397529533844,POS,Grocery,US,0
1112551,385,136.65803838296756,15,0.14961695269232533,0.2190067300006736,QR,Electronics,FR,0
7921924,619,65.4764343918425,14,0.12879234904526435,0.1656684058215921,QR,Travel,TR,0
15346930,714,30.38382357887022,16,0.22889667501751743,0.15833639637174962,ATM,Clothing,US,0
8341884,953,96.09265653680087,17,0.1952611619487899,0.17737149342467742,QR,Electronics,US,0
2707646,465,123.58432682572801,23,0.016284012900282543,0.019326430780678104,ATM,Travel,FR,0
9465931,446,90.08893727015989,19,0.11530094453469006,0.24619569216808665,QR,Travel,FR,0
4169841,605,115.21456412375016,15,0.05780257789767694,0.1591695612791858,ATM,Electronics,FR,0
9830727,804,154.74533433456384,13,0.19740837194432084,0.1515834902591756,POS,Electronics,DE,0
8970392,270,51.42031459979202,13,3.0274785175044003e-05,0.27048318110869995,POS,Grocery,TR,0
7274413,566,10.167099266580976,18,0.10066155097747026,0.10764762297669622,QR,Food,DE,1
6841420,945,81.55050653330217,15,0.05499006336455068,0.2463518280783942,POS,Food,US,0
12955096,50,56.241295485239164,15,0.2401572012638645,0.2757159989237066,QR,Travel,US,1
3676559,168,1.0,16,0.649792611297729,0.9533770994254459,ATM,Electronics,TR,1
13781876,675,37.266081623827446,16,0.014932809883342597,0.1664578682804573,POS,Clothing,TR,0
12931975,805,2603.669672383025,8,0.7481051544836461,0.900890264784051,Online,Electronics,US,1
6069305,237,1661.2041791922843,7,0.7502590586098945,0.9086481019245285,ATM,Travel,US,1
7576151,212,7.541507937434957,12,0.03934253110294255,0.0432783453998182,Online,Food,UK,0
3670940,888,11.96988070719705,19,0.13029374934489757,0.04410358914698415,POS,Electronics,DE,0
14222410,663,2680.529873678879,18,0.9168847945808587,0.8787939340296744,QR,Grocery,NG,1
14060356,296,6.585275870635471,15,0.05423173850921057,0.2057410029057735,ATM,Food,UK,0
8740737,817,81.12409555236216,21,0.04538594477250756,0.19635260090942375,QR,Travel,FR,0
6971554,939,73.67775533560064,21,0.11680899670305492,0.14205508986409066,QR,Grocery,DE,0
5692065,112,1.0,10,0.04809590362466681,0.11792443389775864,QR,Electronics,UK,0
3898760,435,25.409988350297695,22,0.14516828902130913,0.29334231301942054,QR,Travel,US,0
2097312,928,515.0441693257956,6,0.8393550544851137,0.8417334778330406,QR,Travel,TR,1
10045955,453,83.54610780283473,22,0.2668649296541196,0.18535312659126615,QR,Travel,US,0
16738592,688,12.632041621071394,17,0.07240713103068255,0.17041557230264273,POS,Travel,UK,0
12248546,122,81.47637897958117,23,0.1611423136773133,0.09998692334875432,POS,Food,FR,0
2151706,131,42.632632091926176,20,0.07285542747148283,0.28681449825474814,QR,Food,DE,0
2244231,699,121.02366732375198,10,0.07019182368024947,0.026281673438309387,POS,Food,UK,0
14133927,149,65.78122027120043,9,0.184880534852949,0.2828914888021331,QR,Food,FR,0
5863878,833,26.321780915894053,18,0.14357056106899937,0.20197422866114878,POS,Clothing,TR,0
11501013,786,71.87686304730498,20,3.0274785175044003e-05,0.15585051516475804,QR,Electronics,US,0
5366188,572,63.49409391092207,12,0.002131765870090674,0.24881600109724164,QR,Electronics,FR,0
12018317,384,1.0,19,0.002120134808056711,0.06681567257961694,ATM,Grocery,UK,0
7760283,421,2204.8641857702514,7,0.8019203886507146,0.8453249611789884,Online,Clothing,DE,1
14889979,150,90.12558063572028,20,0.18906611964564482,0.21404913604474476,QR,Electronics,DE,0
1969674,131,37.07402964057023,14,0.12573850846309853,0.02884097321616832,ATM,Clothing,FR,0
15367745,522,102.60965047478294,20,0.8788149526279295,0.10688614797519926,POS,Travel,US,0
4979951,933,1680.951058569691,16,0.7844609232014291,0.789676216314248,QR,Travel,TR,1
4733473,871,91.77476837387414,16,0.1787230476832159,0.05572748496472878,Online,Electronics,UK,0
1965252,225,49.65331354844817,20,0.25062003817946577,0.07573125966047886,QR,Electronics,US,0
12192852,550,2372.846349120219,8,0.8803683685684196,0.8482722549165833,POS,Electronics,NG,1
16246111,804,73.81498595790653,23,0.16858092918858206,0.2688804920769319,ATM,Grocery,TR,0
2190930,636,19.31847293526706,19,0.08101274505213053,0.22318626603893832,ATM,Electronics,UK,0
6184872,4,41.73260712253984,19,3.0274785175044003e-05,0.19149053167044472,QR,Clothing,UK,0
12967477,763,142.42303596596292,17,0.09885485304744815,0.13373182738396477,POS,Electronics,FR,0
5400609,895,45.6073311827252,16,0.16021421386403528,0.2311402041210585,Online,Grocery,US,0
1214472,450,109.32717771545252,18,0.04834333113625719,0.03349319991621126,QR,Food,DE,0
7575246,288,92.47243829191957,22,0.007956678589807972,0.048689540706277123,QR,Electronics,US,0
407501,334,1748.9424025561166,7,0.7597264078533801,0.8126078566767729,ATM,Electronics,TR,1
14265284,892,88.78017372809215,22,0.19068169312854183,0.18162174665267683,ATM,Food,FR,0
13519938,489,122.55127862334021,23,0.0888648040668786,0.1141788409194366,QR,Travel,FR,0
5469557,936,193.1712795416408,14,0.0169413623810573,0.01877575681794815,POS,Electronics,TR,0
14597521,98,2235.654483273247,15,0.7328211743194962,0.9293009521036705,POS,Electronics,DE,1
7429103,266,13.750317253491929,9,0.017711708191831814,0.03652519379477136,ATM,Electronics,TR,0
15442689,277,101.61552281620693,19,0.030208967665065686,0.30385213875649075,QR,Travel,US,0
10387517,214,60.10785766329289,17,0.08066948403635128,0.1379737705113463,POS,Food,DE,0
11771063,412,105.34695682069771,12,0.1382047370665643,0.1965658502658,POS,Electronics,TR,0
16454338,637,54.759642178127336,14,0.16550348108679513,0.1871873660156236,ATM,Food,US,0
9717685,561,61.86525683221534,15,0.022820005499451426,0.7777588139997085,ATM,Grocery,FR,1
1198247,99,47.50951568809442,13,0.03277925290908819,0.20937204780701224,ATM,Travel,FR,0
7450093,726,79.24148026520892,9,0.1342718987065638,0.2304674052426169,Online,Clothing,TR,0
16133935,257,86.52160816300864,7,0.11694948532387309,0.28095192850268746,POS,Electronics,DE,0
7386147,64,1952.1049729760073,20,0.7746850925978904,0.9013164466824677,ATM,Travel,UK,1
10091467,908,103.39402502176873,20,0.2093743980877574,0.20162638402796948,ATM,Electronics,TR,0
13967630,355,83.90576150294547,6,0.15507413424226452,0.23032067196415382,Online,Electronics,US,0
1434075,333,1.0,9,0.6769280291973847,0.7897863868669198,QR,Travel,US,1
16478938,813,1.0,17,0.5953857894546983,0.9996026492679309,ATM,Grocery,TR,1
10712783,138,150.01224625090913,21,3.0274785175044003e-05,0.27505918332690577,QR,Electronics,TR,0
6864228,316,42.70671707066957,7,0.07133549463805655,0.27606597987891773,QR,Electronics,FR,0
3526378,145,28.878083466972797,22,0.1668732191828883,0.053526000730936996,QR,Food,US,0
6166084,307,61.01813033552251,17,0.08133288973801546,0.2720497152363369,QR,Travel,US,0
13227575,845,93.84216761145245,16,0.022482130059458517,0.2919917126233265,ATM,Electronics,TR,0
14818255,500,73.8441092433607,14,0.021835861016306364,0.16874544900281352,QR,Travel,US,0
12870281,190,98.99639498312017,19,0.1868892671667995,0.297673013621893,POS,Clothing,TR,0
12751997,22,103.8760389024759,21,0.07668920705528286,0.14107566536885663,QR,Food,DE,0
3782957,247,100.13474208924049,11,0.06573356825665852,0.23403970304445518,Online,Grocery,UK,0
11544218,832,79.15106152108817,13,0.013946586500159333,0.14660473922229772,POS,Electronics,FR,0
880959,709,124.0826899420127,23,0.1301159582821315,0.13257830860445755,ATM,Grocery,US,0
10019174,709,61.18358591295987,17,0.002834372438812821,0.0950476294907619,ATM,Clothing,US,0
11062092,28,40.50507347484639,18,0.2743986803245184,0.026950939245007164,Online,Clothing,DE,0
15260520,534,1.0,14,0.047306369529030244,0.021229783733139843,Online,Travel,US,0
10618175,239,69.83822513109509,10,0.11849157990622525,0.04348308219785589,Online,Travel,DE,0
3097412,392,33.931211623701934,17,0.01680439983066786,0.04654275628869127,ATM,Electronics,TR,0
669927,443,1.0,18,0.035928964477623386,0.11046465856632402,QR,Travel,UK,0
9710533,21,1.0,18,0.02909651644686699,0.21110349995972555,ATM,Food,US,0
3156953,857,144.04385708316445,16,0.14992433925731607,0.19059083726124695,QR,Food,DE,0
7913222,28,34.10936920800877,18,0.06409799414680871,0.1731247361256701,ATM,Electronics,US,0
6526186,392,79.18010903002566,22,0.7730773704889826,0.05253960227061847,ATM,Electronics,TR,0
498081,502,608.4736806172971,4,0.6762109848838862,0.887325582007812,ATM,Food,NG,1
5130283,942,104.24059778981896,17,0.07997172802945564,0.17686937502488329,QR,Electronics,DE,0
1788713,58,1.0,16,0.06318931982175405,0.04404352376983854,Online,Food,US,0
15717286,748,35.92883896712826,17,0.6827791899722686,0.03319522099031531,ATM,Electronics,TR,0
6742962,274,63.534895900635846,15,0.052093289369280225,0.15692706018337266,QR,Electronics,UK,0
12916471,495,171.85692429844764,10,0.10758319180277813,0.11049626312239383,QR,Travel,TR,0
1623131,214,60.63144553784695,21,0.02231267363955115,0.03597367133873456,POS,Electronics,DE,0
11289271,88,153.42235308424458,13,0.0298031608420761,0.25903144045692134,ATM,Travel,UK,0
6667921,495,1.0,19,0.060560711981818824,0.1434425241974585,QR,Clothing,US,0
12070128,20,1.0,15,0.019298627211439393,0.16815407878594676,QR,Travel,TR,0
12594858,157,86.81140289525264,21,0.05022913462800095,0.18557337317621098,QR,Food,DE,0
5746153,601,1201.635778904451,1,0.8192601020363097,0.959719523942856,Online,Electronics,NG,1
1266640,622,89.7303655022418,16,0.12166449935634276,0.22659035067684047,POS,Travel,US,0
10400173,903,18.516074979579457,19,0.09630319156010558,0.05710444808582459,Online,Electronics,TR,0
1551505,225,55.72966213031515,7,0.1715750403940915,0.12826115136646532,POS,Electronics,DE,0
6855583,122,72.85645164109162,23,0.16109400471818322,0.043978569770503455,POS,Clothing,US,0
10123045,438,20.80922637668,18,0.18756113928768303,0.12290412225283265,QR,Travel,UK,0
6056115,935,11.282258242268995,7,0.027416538567101988,0.1816521988775075,POS,Food,FR,0
10303834,742,122.2308113634108,18,0.10499658669639163,0.09850298482145564,QR,Clothing,FR,0
4134871,158,1.0,18,0.7955348398930921,0.8571617161362429,QR,Clothing,UK,1
11649602,942,128.45623856564524,18,0.002294333627149564,0.2072498651370574,QR,Electronics,TR,0
13587156,864,127.78774822392228,18,0.04035097998412247,0.17690578493224116,QR,Food,FR,0
12740221,502,1631.4084767550626,21,0.802666722858071,0.8608788647404739,ATM,Travel,NG,1
4783582,719,62.948419261339794,16,0.19730271962843865,0.15316477378113377,QR,Food,DE,0
7859798,135,80.15161632119946,16,0.26068329683969327,0.19762594405362227,QR,Grocery,UK,0
14817371,385,83.43063566207347,16,0.04844175039458221,0.271866963854158,POS,Food,TR,0
14953545,965,37.46018736200935,19,0.2341965387106283,0.058170042466490934,POS,Grocery,TR,0
13286396,96,98.6079507450677,21,0.016556704368071724,0.1426092863160787,QR,Electronics,TR,0
12125417,838,70.79076959420703,14,0.1700701693333935,0.15623649705712425,QR,Clothing,DE,0
1423125,174,48.179685340693126,13,0.2283495616833044,0.06530224456270611,ATM,Travel,FR,0
9475215,750,50.64737629998093,16,0.14257363774613793,0.03682573747084038,QR,Clothing,UK,0
3291575,536,46.99854590831447,11,0.12744148472108266,0.027424076335693316,ATM,Food,FR,0
2813801,541,53.27546815072595,22,0.10598640774724066,0.01220881125434688,QR,Food,UK,0
16459372,930,51.506640249771365,10,0.12540901036265611,0.2808888007759139,ATM,Food,UK,0
3167288,304,77.7573940486946,8,0.054617758221380486,0.26728806444318454,QR,Travel,TR,0
13321464,189,1081.6311942243412,4,0.6487917073896543,0.763928440295488,QR,Electronics,US,1
6148974,252,32.79300519732174,17,0.1881582704045922,0.2945539362555755,QR,Electronics,US,0
16638629,572,62.966474232418065,9,0.10168325432824966,0.26766289267221066,ATM,Electronics,US,0
4807361,463,52.09636308322794,19,0.0877481554712625,0.07038087404466963,ATM,Clothing,US,0
11261191,868,118.55231429841179,17,0.6720715591561698,0.9646151431823313,ATM,Travel,UK,1
16233410,229,70.76344073824143,20,0.06019116155089492,0.1196850420957816,Online,Electronics,UK,0
2155580,248,99.81354139631294,23,0.01776393667456107,0.17473137527109844,QR,Food,US,0
13113368,669,109.16115909968832,15,0.25494048519553547,0.13112095548179073,ATM,Electronics,TR,0
3499726,805,1280.840522019228,2,0.8036910278902791,0.795325237325304,POS,Travel,US,1
1872311,306,90.30286680675461,17,0.11992750704688941,0.11332788931423977,QR,Travel,US,0
2295166,522,42.857629865096854,14,0.12228569447466467,0.04594086801668232,POS,Food,DE,0
4660283,784,144.30095189654048,17,0.014479350764387194,0.15563507843888447,Online,Travel,FR,0
7240592,185,74.71238476727234,14,0.08262746810968025,0.09729513698400166,ATM,Clothing,US,0
10739696,819,43.54805966922241,21,0.1402035094397651,0.02262545224749137,ATM,Electronics,TR,0
9924969,255,31.22797488987227,15,0.11166181812598408,0.07184351987324551,ATM,Grocery,DE,0
8774747,920,12.86313155477535,15,0.13648064071294463,0.2604504121267369,POS,Electronics,US,0
10274657,708,67.9273784001542,12,0.15791949489297474,0.17663018716581763,Online,Electronics,TR,0
3165857,101,1784.2359090371415,19,0.7681812241057218,0.819171028286325,POS,Clothing,US,1
11722388,536,109.49537329109093,14,0.09376791037623938,0.1571807663527734,POS,Electronics,TR,0
509985,552,29.665829748347278,16,0.16030703312327693,0.22341339983661807,Online,Travel,TR,1
10105137,482,1168.0011129545646,4,0.6946283403798514,0.9032422011699885,ATM,Travel,NG,1
2338434,26,13.711494551150096,20,0.17363111609824747,0.21217501366289981,QR,Food,DE,0
7206976,643,65.96342047547188,17,0.7439847091789816,0.8431336049159924,QR,Travel,US,1
5026356,550,68.82431091874592,20,0.062436320688171024,0.17740109030138607,QR,Grocery,FR,0
2822506,775,79.40703274637355,15,0.010572722113619613,0.02912098007224676,ATM,Food,UK,0
5590754,479,96.14273842329371,17,0.016889789961456472,0.21370201418978407,QR,Food,US,0
15308982,12,82.10875820351481,16,0.021656846576696732,0.17268604161310616,POS,Electronics,FR,0
12345808,827,71.24751298442794,20,0.0612852314315253,0.2387715573169782,Online,Food,US,0
9794411,506,88.85395568802394,7,0.8149006364620947,0.8335197099743397,Online,Electronics,TR,1
3568832,178,100.02511065277069,7,0.2254590278806453,0.21423956423910337,QR,Travel,TR,0
2082649,101,98.69033758074605,19,0.000790381540792414,0.09220040074302266,ATM,Electronics,FR,0
7904522,260,100.25745728693325,22,0.00863285016920734,0.044620414911139744,QR,Electronics,TR,0
10958761,766,137.1359786056048,21,0.029509950267732066,0.19509480110481647,ATM,Food,DE,0
10933484,537,35.606880422096594,15,0.11626058301968847,0.1803461742884501,Online,Clothing,FR,0
456418,330,123.31411494546697,14,0.07183582834533045,0.20429327657171242,Online,Clothing,UK,0
7517243,88,93.92903878349254,20,0.8351141698187052,0.11133512389488359,QR,Travel,US,1
11410205,856,758.4169740797568,21,0.8091084376126444,0.7821558540192664,QR,Electronics,US,1
11142768,902,63.227482178463944,7,0.09831813997011135,0.1297974267131659,ATM,Travel,FR,0
5066079,47,137.32662415609678,9,0.06419656533895716,0.19452286425825902,QR,Electronics,UK,0
2244833,251,48.30321398707871,15,0.7695565459999325,0.11757578607866388,Online,Electronics,TR,0
6679902,480,1759.0600858377545,22,0.7666083837476371,0.9996026492679309,QR,Electronics,US,1
9547407,724,110.1714416950752,23,0.04964277230269797,0.07622980816483702,POS,Electronics,TR,0
9106436,759,44.02669796846954,18,0.11540782421001436,0.15778910695626408,ATM,Electronics,DE,0
3213876,220,47.67090461038316,21,0.01622129936096585,0.23174878383415662,Online,Travel,TR,0
3630490,703,60.169166027658605,17,0.08778126720038916,0.29295282723558164,ATM,Food,FR,0
9297023,809,24.099826967061446,7,0.012957032425058003,0.17109053015735776,QR,Food,DE,0
3828169,104,1193.7478048476141,3,0.8162989498507989,0.8575147758347029,POS,Travel,FR,1
2387545,508,23.754408288743463,11,0.040645086359947485,0.22826984160852912,POS,Travel,UK,0
10290964,842,1.0,13,0.6562110074039353,0.9070470600673765,Online,Grocery,FR,1
1460101,721,91.52165822761071,15,0.06247241032544139,0.13722854299876677,QR,Grocery,UK,0
10683233,173,137.35166672935438,22,0.08666379364667066,0.026635633351107017,QR,Electronics,TR,0
10076208,325,92.60591706446029,17,0.2297804085909338,0.12377494969725045,Online,Food,FR,0
2269883,538,80.31547077777924,17,0.7965475323373845,0.8866212196010566,QR,Electronics,FR,0
1738233,272,69.91026958744786,10,0.0790078982803558,0.1436941263330636,QR,Grocery,TR,0
16760855,438,98.99916648534736,18,0.1690731170673754,0.14510956541898629,QR,Food,US,0
1824562,367,24.850500939401783,17,0.11605176551249577,0.13717761379119972,QR,Food,DE,0
9849349,463,58.06959806899643,16,0.2600792626190813,0.1361885889880258,ATM,Food,US,0
4788136,403,1.0,14,0.0237910187619269,0.13083769827556285,QR,Food,FR,0
10072286,8,80.00415203453838,17,0.10681440140397541,0.17068061728536876,Online,Electronics,FR,0
7248488,386,1.0,17,0.10519760686332105,0.22855104683916944,Online,Electronics,US,0
5059870,725,34.13774094728563,7,0.20703789869908595,0.17869331083076462,POS,Travel,TR,0
14391899,864,1.0,11,0.015387094938915036,0.13669588757013454,Online,Clothing,US,0
11480466,795,1150.2509655124782,11,0.7322648477828826,0.9508202604051182,ATM,Grocery,US,1
3663921,96,53.21119742247419,18,0.1332183873746233,0.0264234263192358,QR,Travel,US,0
4556395,868,86.80746558339231,18,0.1759512455093671,0.17980206110160613,QR,Grocery,TR,0
6918888,473,84.844109140413,20,0.10223080412237659,0.2835926937142552,ATM,Clothing,UK,0
13164812,709,149.32309589693233,19,0.12820922759337142,0.26915835882206973,POS,Food,US,0
11439179,15,51.572457035973486,22,0.13804848277693976,0.29131392195266037,Online,Electronics,US,0
7718078,743,71.7247037995516,17,0.17211271420635516,0.14485337481846722,Online,Food,DE,0
13182079,914,127.13448679602882,12,0.07551664692573973,0.8699552187595491,QR,Grocery,US,0
12877622,809,1.0,15,0.2956053052295748,0.030437286272136307,Online,Grocery,TR,0
4979687,663,77.11028718079554,8,0.7839244458326073,0.865569801483671,ATM,Travel,FR,1
13804757,717,56.03454433484866,16,0.2716665070227958,0.1808131881368992,Online,Food,DE,0
14236052,818,80.54031547036728,17,0.023789024212862355,0.18384568902516144,QR,Clothing,UK,0
8844660,216,59.824572877526066,18,0.2049187290557483,0.04223928977006226,ATM,Travel,TR,0
7119260,553,83.23688275598529,8,0.19565453316833104,0.14008370017964952,POS,Clothing,DE,0
5815947,598,57.15553509162593,23,0.06320171480215409,0.1823058309090059,QR,Travel,DE,0
258751,60,1666.3377935445187,16,0.7273361839541035,0.9005280148337588,ATM,Grocery,DE,1
3252861,172,97.40669356123234,21,0.1304221257844983,0.25175523000711725,QR,Clothing,TR,0
12033655,324,31.79656856284315,13,0.057454648360624416,0.12940313142766313,QR,Travel,TR,0
10132294,878,87.92365608252275,22,0.19667891789766384,0.1594709272467541,POS,Grocery,DE,0
11649189,696,69.01158719303561,17,0.21711888924342343,0.24636993121602865,QR,Travel,US,0
6359332,853,35.542280371363034,16,0.016664097216029943,0.04533276388384066,ATM,Grocery,US,0
6860499,735,47.11900017413186,22,0.06072575739163209,0.20793595541127377,ATM,Travel,UK,0
3163545,141,149.55308434542107,5,0.8119066204328464,0.868092658311715,ATM,Grocery,US,1
102618,490,38.35295989376362,16,0.012174269448036713,0.03183339389983998,Online,Clothing,US,0
9667793,934,60.53999736377096,23,0.11236858780961967,0.2717385758234461,POS,Electronics,DE,0
12132326,495,30.072485698531594,17,0.03858721166887151,0.04782517473329668,ATM,Electronics,TR,0
16220334,93,91.69705438920973,15,0.08010247456730513,0.21926481871533596,ATM,Travel,TR,0
1710309,583,96.32842284426438,9,0.20469673609879685,0.2786626947862039,QR,Clothing,US,0
11506368,821,70.58920548778441,17,0.032529524236564585,0.19818153886662104,ATM,Electronics,FR,0
5207267,71,1394.8193575605235,11,0.7581375397046823,0.7436670766024277,QR,Electronics,FR,1
10548550,288,36.70396315525903,17,0.07383413934948085,0.2709344831826876,ATM,Electronics,FR,0
2779087,421,104.4448699953156,23,0.909227293556307,0.1838002098959576,POS,Travel,TR,0
14935838,669,74.04182347326797,21,0.08317694442510552,0.19618131090616042,ATM,Food,UK,0
9627160,884,41.7953665390437,23,0.13207524649114177,0.08775683395872333,ATM,Electronics,TR,0
776323,132,1802.6339049261592,6,0.8237440922719003,0.8724592890971301,Online,Travel,FR,1
15274773,685,57.3248652884503,16,3.0274785175044003e-05,0.2081628370073569,QR,Travel,FR,0
3904327,708,68.67897421412393,18,0.20118199392083363,0.23844076858819868,ATM,Grocery,FR,0
7460746,254,39.06054542521111,12,0.06838617569127545,0.27398944993805674,POS,Electronics,US,0
8362313,486,40.04646477661113,17,0.10760822642925441,0.21479896725988115,Online,Travel,UK,0
10854815,141,64.3829673063779,21,0.12029795690475187,0.09290082901712363,Online,Food,US,0
15180779,78,71.30374862808273,18,0.7373413961592873,0.9281781462360535,ATM,Food,FR,1
8840539,937,57.28738902111234,17,0.12323547624498767,0.1300284960402568,ATM,Travel,TR,0
3553974,741,63.89434103568698,18,0.01485350590961144,0.21754575808601345,ATM,Food,US,0
13623087,823,66.62362247002547,17,0.05460830076637935,0.1870278052720235,QR,Grocery,US,0
474372,562,96.38981519508434,19,0.16513330522853986,0.2482853338434721,QR,Travel,US,0
8955213,765,24.514800875862406,15,0.0007747648952532611,0.17380295550205557,QR,Electronics,DE,0
9053808,218,46.63645205152526,17,0.05180163423260323,0.14927389755060266,ATM,Clothing,US,0
4168377,312,75.81595219624373,20,0.2713213424850735,0.17158596208734012,POS,Travel,DE,0
5687857,546,139.9275609342984,17,0.19314089456589106,0.1833944077949971,ATM,Electronics,UK,0
980425,236,82.13605018133268,22,0.1415607367098265,0.16015646917185308,ATM,Travel,US,0
3811283,418,7.634714041312037,16,0.09806555843576603,0.030673207570344984,QR,Electronics,UK,0
5200922,446,27.55988483362418,10,0.13592873523097548,0.17977257966307003,QR,Travel,FR,0
16649935,670,112.21512018310003,7,0.12044532118940812,0.15686665843576475,ATM,Electronics,FR,0
3227563,728,102.84743920231722,19,0.18878654392851577,0.261253592304595,ATM,Travel,UK,0
717024,506,32.23286519529623,20,0.024428851829057595,0.28641822819556473,QR,Food,FR,1
13278318,243,93.42503387914614,18,0.17221433785314624,0.04735371234799473,ATM,Clothing,FR,0
15597486,184,32.67359546319911,7,0.2542403373375193,0.2879064850243916,ATM,Travel,TR,0
1644501,343,60.33409512749364,20,0.07955949856713491,0.11596713830010102,POS,Travel,UK,0
6835313,870,108.12559802917505,16,0.27029608049082077,0.07538552694374462,QR,Grocery,US,0
7472886,366,1.0,11,0.04544262699016937,0.17914639683044886,QR,Clothing,US,0
9398780,789,34.85249691725852,16,0.2705473277112709,0.16749178761731395,QR,Electronics,FR,0
3876739,198,58.25668072111988,18,0.007039249283346729,0.02991347771367952,ATM,Food,DE,0
9383224,984,54.68668562190891,11,0.04961180385303774,0.022974316081787086,ATM,Travel,UK,0
8735219,498,6.5232476263179535,18,0.0910484267788426,0.09460064702457968,ATM,Electronics,FR,0
15297623,841,46.282115734165046,14,0.12321931723532327,0.15618377279802703,ATM,Food,UK,0
15071817,733,162.6239617008344,17,0.23890355825199483,0.03870205064582586,QR,Grocery,US,0
12560982,788,54.42815832313408,17,0.2605840765382518,0.19393358986158207,POS,Electronics,US,0
1388480,522,47.736013515408274,14,0.09324367002498142,0.04101575760402559,QR,Travel,DE,0
5047341,621,20.393911475967492,23,0.23173977968425077,0.22608248506540402,QR,Food,US,0
4079280,992,33.3522663358866,16,0.156825012085149,0.060477436008204516,POS,Electronics,FR,0
10162037,857,61.97280482403168,11,0.25427590951311574,0.20165026960213692,Online,Electronics,TR,0
4308837,671,116.15687299351768,16,0.197055957210472,0.22495644906898202,Online,Clothing,DE,0
4235637,210,1.0,21,0.1250322464541187,0.05755921159291584,ATM,Electronics,UK,0
13966694,537,22.12911725333383,16,0.03190814690669533,0.1733624798028095,Online,Travel,US,0
10826859,892,41.633375509378794,16,0.15165210720399955,0.03892479910802807,ATM,Food,UK,0
9147214,782,86.66383209260376,18,0.11521055027175413,0.012677909420541176,QR,Food,US,0
14335127,725,52.491554961035604,10,0.78716566647663,0.29359814902589304,QR,Electronics,DE,0
11591854,230,49.4523654117849,11,0.1292579788790039,0.2083038744479267,QR,Travel,US,0
4307582,127,112.20473269178508,16,0.041080937795817826,0.04482025345186169,QR,Travel,US,0
7708378,18,86.3702759876116,15,0.15447384589004434,0.28018066075228587,ATM,Electronics,US,0
6488235,430,151.78090848370869,18,0.018729736200355396,0.26516207902813743,ATM,Travel,TR,0
12969481,732,15.643285344160958,18,0.10748677877462,0.10138516714600518,Online,Travel,UK,0
10727906,707,23.57641619999906,17,0.03596236872350155,0.16022357722105524,ATM,Food,TR,0
5945750,649,145.33876766029684,23,0.03258060285150714,0.15474637330055066,ATM,Electronics,US,0
566436,33,75.72809728062398,10,0.01384220099872017,0.17815289064572862,Online,Food,UK,0
4193433,86,12.762110430260108,17,0.07608273109604875,0.026369721932012286,ATM,Food,UK,0
5958553,782,55.488562526536555,6,0.030141501164301417,0.2684045780106369,QR,Travel,FR,0
6149933,529,103.27547006560212,23,0.0948186138139134,0.1389063226879586,ATM,Travel,FR,0
14799693,851,129.93735209212906,23,0.20013206624043955,0.10926088979111531,POS,Grocery,FR,0
1319853,677,80.09965411091244,9,0.14711997375409816,0.2800842647135027,QR,Electronics,US,0
10337198,659,61.857993102348736,18,0.7225592975291264,0.8704201970855948,QR,Food,UK,1
2874450,280,42.551438102538945,20,0.09811837131906193,0.9673540947132606,Online,Electronics,US,0
16581419,251,100.19676696221384,19,0.866308989959085,0.9287336897928263,ATM,Grocery,UK,0
5405750,777,172.1483486597309,20,3.0274785175044003e-05,0.07901455359361102,QR,Electronics,TR,0
14697427,71,74.37763494607555,17,0.7086202221965212,0.7917294506564516,ATM,Food,FR,1
3552972,288,42.47819102320788,16,0.17941883940298411,0.1873370531077686,Online,Travel,TR,0
2276934,215,157.11196019193446,21,0.0465463518411067,0.162078205581359,ATM,Travel,FR,0
5299289,766,34.60152431199795,17,0.01611738106645131,0.29878340240321716,ATM,Electronics,US,0
12086735,281,52.69185904661876,21,0.07884076774022394,0.005983647707235418,Online,Electronics,US,0
3541900,447,161.17439972240325,16,0.23737929031565563,0.16965275397075744,QR,Travel,US,0
334727,148,112.05863344898735,6,0.20083052877814975,0.17294336882169403,ATM,Travel,UK,0
7929087,704,57.115558075170235,18,0.01980713574893385,0.10331447131590503,POS,Travel,TR,0
9641932,680,1116.0898870055748,18,0.7553880835672977,0.8990296821502819,ATM,Food,TR,1
7337160,677,6.888048909186992,18,0.06890505270627668,0.014642541776058105,Online,Electronics,TR,1
10763937,764,13.014835370708326,11,0.20200839111080504,0.13769513353345467,POS,Food,DE,0
15724208,924,1.0,19,0.2528166621015767,0.06116996070861202,QR,Grocery,FR,0
11799398,170,25.49949206212588,16,0.09111131598950234,0.045621289474016495,Online,Travel,TR,0
5760723,863,130.9377655908837,10,0.20415964285142146,0.2551012165665757,POS,Grocery,TR,0
5972629,266,133.90430727053246,15,0.19106246654915757,0.03394760270826291,POS,Electronics,US,0
13285226,576,56.06326486314781,20,0.07884958733718142,0.1563458688665981,POS,Grocery,TR,0
1008677,19,31.46965796683928,6,0.11459691527671328,0.10015153200705396,ATM,Electronics,TR,0
2554366,586,59.48403933917798,15,0.08357498706276854,0.03843514379774872,POS,Food,US,0
4248280,287,162.46819145174794,8,0.05869195973202461,0.23453901791564558,ATM,Electronics,US,0
15426512,464,94.44366671669545,18,0.007745576219741129,0.21564081671946136,QR,Travel,FR,0
3319836,704,64.94605567131462,18,0.2639565702326603,0.1868906477115585,POS,Electronics,TR,0
9060369,631,39.826862310551235,15,3.0274785175044003e-05,0.23871060578980835,Online,Food,FR,0
11065865,922,95.92802844009591,19,0.06982971914590759,0.2609596886029206,QR,Electronics,TR,0
7051793,479,110.42958782273233,15,0.002414739955876641,0.17841227212112726,QR,Travel,UK,0
1267696,537,53.618640990716344,9,0.11595134357226661,0.11811754404772253,ATM,Travel,FR,0
1534976,644,10.743025812490686,12,0.18049190013904548,0.17582335670289403,POS,Electronics,TR,0
4065988,295,130.7952471368631,19,0.007969064124439623,0.22526175098681228,QR,Electronics,US,0
7070951,257,114.87274778380106,7,0.2562831305870553,0.14844842096132121,QR,Grocery,UK,0
196538,551,57.59828730709782,11,0.015683571038192283,0.14698391019215273,QR,Travel,TR,0
16062891,447,75.9948086161188,19,0.21170933725517654,0.2224473992733792,Online,Travel,DE,1
16585314,53,97.1233493781155,18,0.15255891311976855,0.19396124855738203,ATM,Travel,TR,0
8645340,83,68.54861665861665,14,0.040716325944985796,0.15827639169172947,Online,Electronics,TR,0
14040943,270,22.368573237402053,21,0.0636587946625719,0.2104625488284351,POS,Grocery,TR,0
2168430,920,74.86483415140268,18,0.07067914560426815,0.1936716428368967,Online,Grocery,US,0
12172973,909,23.75832548035188,15,3.0274785175044003e-05,0.03784843325839113,Online,Electronics,FR,0
9824611,864,82.44389566076147,16,0.06851139501157467,0.08804529521008676,QR,Clothing,UK,0
3293845,627,28.106504295879233,19,0.02279548942119969,0.9996026492679309,QR,Electronics,UK,0
86873,80,117.26071686193681,13,0.12625478249976443,0.16033132962268484,POS,Clothing,UK,0
16027938,792,20.834267555133508,11,0.05873810417472157,0.2141449371642597,QR,Electronics,US,0
1797160,386,46.55372318529917,13,0.035850597781674584,0.18060952070365552,Online,Clothing,UK,0
478507,290,26.661936338207454,16,0.0482029131875612,0.2779128440947521,ATM,Electronics,UK,0
11271271,488,106.0656346205657,14,0.1566216900601727,0.07245465898736034,QR,Travel,UK,0
16322584,422,5.021719199793225,16,0.8042558714243746,0.22220032877992762,Online,Grocery,US,0
12084682,809,45.96708497502248,19,0.0900058322858628,0.2628947751823854,Online,Electronics,TR,0
15773433,310,1640.8276012351666,7,0.8170432606526851,0.8366278530068668,Online,Electronics,DE,1
4950089,92,56.73586717150632,19,0.10530800014498669,0.0526272666820497,POS,Grocery,US,0
16511571,178,1.0,18,0.20414180714199545,0.1705083034447466,ATM,Electronics,FR,0
1936921,795,1001.9208782733242,0,0.677184836740566,0.8507486056825606,QR,Food,US,1
2492903,344,64.42583127143436,16,0.0992260793810481,0.20901382095091836,ATM,Clothing,TR,0
12128837,651,2777.6799200283913,5,0.6803093376799114,0.8490537803606477,Online,Travel,TR,1
4214454,482,2797.2902098333425,3,0.714655380907966,0.7935012428801594,ATM,Travel,US,1
10628899,300,118.04106533181049,18,0.05670930087808504,0.24440961427395158,QR,Grocery,US,0
14144228,922,107.84279417252804,12,0.1589214117949051,0.1362573048933535,ATM,Travel,UK,0
11715159,507,7.198111085132808,17,0.07013540237794824,0.08223372695910444,QR,Grocery,US,0
1440184,215,18.007297706350272,17,3.0274785175044003e-05,0.8538156048333865,QR,Electronics,TR,1
231091,860,89.75373560732208,15,0.07213589526167864,0.20574505034203677,ATM,Food,TR,0
2669436,957,12.862436548557923,23,0.04076034228851721,0.10700593717389918,Online,Grocery,TR,0
10993414,411,149.4464361348316,22,0.10082457598887076,0.2749236861768865,ATM,Clothing,TR,0
16133654,114,41.723340057622835,19,0.07124412898121404,0.2907291156302695,ATM,Food,TR,0
11514649,434,83.66397891303147,17,0.11871461924475858,0.02965206452479302,QR,Electronics,UK,0
3790710,306,46.89256389394061,15,0.04131181061630959,0.04352614759909497,ATM,Travel,UK,0
10891555,648,2184.6964563670217,4,0.7555097628147306,0.7972789994156032,QR,Travel,TR,1
9190052,787,29.86938707870425,19,0.10005204940153542,0.19816044892735718,ATM,Electronics,US,0
6644461,629,1.0,20,0.03094191033572277,0.041244297981504766,QR,Food,UK,0
15542236,121,70.14691409029564,14,0.05307030118865733,0.018614314255398372,Online,Clothing,UK,0
14280081,299,53.754231967253325,11,0.21513963987501789,0.03330735669748917,ATM,Food,FR,0
16353837,725,83.13565667886672,17,0.2664656263383015,0.22801119266439812,QR,Electronics,DE,0
476908,20,106.88106326109015,22,0.050000565506783515,0.12266249810319718,POS,Travel,DE,0
7963611,28,65.77488756488788,15,0.08369398984253389,0.1727115070836183,ATM,Food,TR,0
8472800,184,33.82853133504743,15,0.747439981928859,0.04318678399929806,ATM,Travel,US,0
12648815,174,124.80658719551154,9,0.035163465120469674,0.11530831976134703,QR,Electronics,US,0
3848643,485,1.0,16,0.16601055276189997,0.03187929323259221,QR,Travel,US,0
820001,623,96.08170643731177,19,0.21862436617351433,0.12318088655601739,QR,Clothing,US,0
9298760,545,63.20572291079174,15,0.16330452436545226,0.19388914810629687,POS,Electronics,DE,0
6316594,725,104.60174270884724,18,0.27262425475198043,0.05041534116507143,QR,Travel,TR,0
8373310,296,18.191231268623326,22,0.07659299944934202,0.22208719162973797,QR,Clothing,DE,0
4307671,980,1511.1050228249633,12,0.7747055410895851,0.9030788408604244,QR,Travel,NG,1
7995786,569,23.102980648936054,8,0.1462532337529716,0.10059894408689093,QR,Food,US,0
4868952,790,20.763240944886277,18,0.17581857167599438,0.0434948924538771,POS,Food,US,0
1271666,508,37.756193529013935,8,0.07216881822735376,0.8950041392532949,ATM,Electronics,DE,0
9383271,320,83.27525471279814,13,0.061920159942826875,0.05826777636977557,POS,Electronics,TR,0
2458626,457,58.508463674614816,15,0.026924222857306918,0.1736973228566875,QR,Electronics,US,0
5422606,6,158.88492592230844,17,0.053347165274725224,0.041885605963851706,QR,Electronics,FR,0
12913598,553,86.71545418991212,17,0.09495154907252715,0.19140806628894114,ATM,Travel,TR,0
8505226,108,134.68487826180015,23,0.08999957052843056,0.2945137692172851,ATM,Electronics,UK,0
7172599,358,2417.598314731443,6,0.7004999771383522,0.9996026492679309,QR,Travel,TR,1
8011565,83,69.49217036908854,20,0.0008443075868664711,0.11518755950177237,Online,Food,DE,0
4496126,592,2400.222159299429,8,0.8056626880645996,0.9181164656863191,POS,Electronics,UK,1
11071239,178,1.0,16,0.057016222852205145,0.08033461167293271,ATM,Food,UK,0
11214783,879,58.74658020126007,18,0.6912266438878587,0.1655674844630256,Online,Food,TR,0
3527387,481,69.02587408754471,13,0.28779584460450286,0.09697782258973814,QR,Travel,US,0
16520390,698,126.65904137609732,18,0.028907565489352707,0.1483822955943967,QR,Grocery,FR,0
6392302,257,56.11644380826589,22,0.042313405486298805,0.22336203646709,QR,Food,FR,0
2472291,426,91.04535937783481,11,0.08275824524433625,0.18037279693474156,POS,Travel,US,0
4016156,49,172.06330236996095,19,0.19830725135918126,0.11887195941410693,ATM,Grocery,US,0
4210168,992,76.93336240986186,11,0.7690710001660845,0.8879066341540298,ATM,Travel,FR,1
16598219,23,97.6601908784914,16,0.21212867049828216,0.25711872396631813,Online,Grocery,DE,0
10799528,11,131.1563881765984,11,0.09908510725023909,0.04864523431963744,ATM,Grocery,TR,0
13048214,613,131.09385819321054,12,0.22278342469954732,0.06959353665483589,ATM,Electronics,DE,0
4908853,802,1102.336634778676,5,0.8361136881339035,0.9035845906850101,ATM,Travel,UK,1
8214287,165,2467.663801550774,2,0.6995213306904495,0.847028925147148,Online,Food,NG,1
1255199,87,58.40651738120529,21,0.6442043392792058,0.03494855954327247,ATM,Electronics,TR,1
4308276,352,1.0,17,0.7354540867005054,0.9063760132664723,QR,Travel,US,1
12197674,929,24.444848171327273,18,0.019419840010709608,0.11559229614717165,ATM,Electronics,DE,0
151658,369,23.08473804403983,22,0.11801593556621996,0.024978824611748874,POS,Grocery,US,0
3056931,534,103.31757847056988,23,0.008909169784318403,0.22247197581646952,QR,Travel,DE,0
7559545,882,58.732881360212424,23,0.11276040813396733,0.03361932853660339,ATM,Electronics,FR,0
9879594,400,2375.4225228598903,7,0.7290055264573168,0.919593966857994,POS,Travel,US,1
15098434,629,1.0,18,0.2101434196246071,0.1704456446235845,ATM,Electronics,FR,0
15139187,492,82.39485129735206,21,0.00888441277355071,0.038468834221130455,ATM,Food,TR,0
8872898,174,119.89966306892313,23,0.0695880348399389,0.10676816295450636,QR,Food,DE,0
16657680,112,72.8931154579682,7,0.07027321589869477,0.23025121258403236,QR,Food,UK,0
15302619,750,71.62058437293459,10,0.20829222583481566,0.03184404598357419,POS,Electronics,US,0
3608778,881,80.5516157104856,22,0.033410315613438504,0.16136043248942572,QR,Travel,UK,0
5042593,468,102.13361451352733,23,0.04258924947163182,0.07660129743626057,QR,Travel,US,0
11870063,81,1668.7118855193257,4,0.7911999246053564,0.8934861546142545,POS,Travel,US,1
14520661,258,107.90404057231189,13,0.1734679344673855,0.2736750066129733,QR,Electronics,TR,0
15505178,347,109.8629296890781,20,0.23839888780528745,0.018146053140798483,ATM,Electronics,TR,0
13629367,808,27.694053152837192,16,0.8875306466025267,0.18576423255802382,QR,Travel,US,0
3111057,993,80.61838058910564,17,0.12431268216294743,0.1909499334189556,QR,Travel,TR,0
3699605,292,1713.564892012982,3,0.8176560006135491,0.8300405320406978,ATM,Travel,NG,1
8143573,849,48.64235625582462,15,0.0714312021158188,0.15074393369107053,QR,Food,US,0
2231062,693,81.93993702183607,11,0.17077039664347615,0.25583435740461585,POS,Travel,DE,0
1174246,775,96.19550881200331,20,0.031038011763181182,0.11696976218825371,QR,Electronics,UK,0
7040748,977,1552.4669807860473,20,0.7736065954887414,0.8114973181940359,QR,Clothing,TR,1
2353590,104,92.49662787543406,16,0.13939459348184177,0.19916067440782842,Online,Electronics,US,0
12040823,991,64.93972859954208,7,0.07699190249774153,0.03272721881973383,ATM,Food,TR,0
14698727,666,62.44706380926074,17,0.6750215193801737,0.1961907927434749,QR,Electronics,TR,1
15679612,361,106.51837939817744,16,0.25091125791316,0.04642565216843854,QR,Travel,FR,0
12329372,413,113.53421399740215,19,0.07530189670848184,0.24912959825180975,QR,Clothing,US,0
2714007,248,2344.291999071688,11,0.7754828806867415,0.8801640160321825,ATM,Travel,NG,1
1179002,281,12.094395750245681,15,0.6592287627079596,0.9718267086267011,POS,Grocery,US,1
13601080,91,96.1419714588743,21,0.022299513130349044,0.1702727837989694,ATM,Travel,UK,0
1404279,389,135.56316310039688,20,0.7520903065410295,0.1635531104346778,ATM,Travel,TR,0
9321773,474,13.543023427382153,18,0.2220679262560716,0.20665108973954577,QR,Electronics,US,0
2204691,111,57.4819823817773,8,0.09272325734591452,0.1851652087759547,ATM,Clothing,FR,0
1732152,145,114.20392271268592,16,0.046822817733339864,0.1380704653131538,QR,Travel,US,0
8637904,515,103.21338312760305,20,0.17259493543221902,0.16778820480260062,POS,Electronics,FR,0
6072656,902,64.12161787563356,16,0.020560548101747157,0.014098536525095386,QR,Food,FR,0
6058647,12,66.08241380844592,18,0.02899516727352646,0.25994828627528316,ATM,Grocery,US,0
5367579,399,82.37438595736587,13,0.02750631406393416,0.20844113363694006,Online,Clothing,US,0
3490457,679,53.48144598719629,9,0.11263757502193383,0.2762594755792441,Online,Electronics,FR,0
8855843,430,41.933121655734965,9,0.15876626250737919,0.1705748638988362,Online,Electronics,UK,0
12965597,721,113.95904065794898,18,0.19173549124120481,0.18481313068716507,Online,Electronics,US,0
8630984,513,65.97006027488989,17,0.08982415777717946,0.20305839718479177,Online,Electronics,US,0
13430916,885,150.84704084687183,19,0.07236785888378292,0.019962901929639235,POS,Electronics,TR,0
10455728,604,1846.456368171478,6,0.760048305271442,0.7521119531318795,POS,Grocery,US,1
1988910,660,82.81732842335038,8,0.10228797201555007,0.16925497986337446,QR,Food,US,0
1105805,846,35.6952054575946,20,0.1019338662953953,0.18416464455412743,Online,Electronics,TR,0
16349670,366,55.31454319529189,14,0.15956997924531774,0.1977252675171484,Online,Travel,DE,0
1796366,531,83.11485678832126,12,0.11854085296016297,0.03783341751630012,POS,Clothing,TR,0
4027503,837,118.20463751110037,9,0.15393047839964272,0.29199978626852413,ATM,Grocery,DE,0
5795064,823,95.40937984733397,10,0.13086798433197058,0.1208382335934796,POS,Grocery,TR,0
1347046,793,135.33204569211426,18,0.25598149783277246,0.17098490926328908,QR,Grocery,DE,0
2448878,956,1.6453862418539273,17,0.6609258940460814,0.952986243864794,Online,Electronics,TR,1
8344604,170,76.92493025171896,16,0.047758945858770475,0.08297261198847783,QR,Travel,DE,0
9187527,395,55.3228270044175,15,0.088262942068764,0.017319689310204046,POS,Clothing,TR,0
10092395,734,76.97511956071845,19,0.04191443348160401,0.09305200853908753,QR,Food,US,0
13173878,502,56.68075623039982,19,0.09638711121882151,0.045207439796491784,ATM,Travel,TR,0
1775361,845,178.3588971531795,15,0.06749941395618148,0.016732993223535858,ATM,Travel,UK,0
3298776,321,36.68271364202208,17,0.20802067353618645,0.026621262560280474,Online,Clothing,DE,0
8199004,389,77.6572502782232,23,0.008241602120318405,0.14717448135889494,ATM,Electronics,FR,0
10401703,236,114.75015251026547,16,0.1457860838602453,0.1379800544248808,ATM,Travel,US,0
14473987,218,106.07740703021463,23,0.042841182446603975,0.28511347640598667,QR,Grocery,FR,0
1765826,166,53.600144809972065,18,0.12455845353543987,0.07471493012152317,ATM,Travel,UK,0
12515868,229,1.0,17,0.12773790148322126,0.04340831482241833,ATM,Clothing,DE,0
12587631,939,81.4807656600225,17,0.1064712479831994,0.2852520412076021,QR,Food,DE,0
195077,150,73.75874922130423,15,0.12881329850873935,0.04944672914784094,QR,Travel,DE,0
5027551,760,142.50032596730773,14,0.164509033044821,0.08827643753405498,ATM,Grocery,US,0
9956923,919,88.40536251845208,19,0.15746113335054554,0.23152806381918983,QR,Travel,FR,0
15840274,779,145.11851825703428,15,0.17029976218646356,0.09968517247183391,QR,Travel,US,0
820686,324,20.203868814809347,18,0.23184777134064466,0.21021934451920904,ATM,Food,DE,0
5947828,356,71.69347314752332,14,0.17133322741178364,0.20423706822828802,QR,Electronics,TR,0
8435408,41,58.084990764144706,18,3.0274785175044003e-05,0.1295700431812362,ATM,Food,US,0
8130357,978,68.7275517085377,20,0.7567260054506165,0.8407843472199779,Online,Food,UK,0
10378979,510,91.98766319880002,23,0.03529681549961651,0.08218441768175899,Online,Food,TR,0
24772,701,1.0,16,0.0697450181843668,0.06209884950902713,Online,Food,US,0
2142540,848,61.51159097105454,19,0.02962308311070963,0.13921364439494252,ATM,Electronics,UK,0
4647057,951,3.1004278408231443,17,0.6178907868938196,0.9160391848557752,QR,Clothing,TR,1
11996397,94,101.14509141260646,7,0.03699349914879625,0.22107479873315297,Online,Electronics,US,0
13679071,491,63.9514407019477,14,0.02890216300659243,0.16846861401787327,QR,Clothing,DE,0
14706628,955,115.70319027449003,11,0.07527403064284706,0.03315439936910555,ATM,Travel,FR,0
2863758,926,69.6714707213904,7,0.03522257551315789,0.17174912969133566,QR,Clothing,FR,0
12383688,621,62.460675575204874,9,0.0713240580489777,0.08734651975410351,QR,Electronics,TR,0
8754026,246,45.436832694760554,22,0.07749615577742913,0.041060563349946566,Online,Travel,TR,0
16539669,199,86.53759646858487,7,0.16696357919455088,0.20800241130256733,QR,Travel,FR,0
9543068,671,127.55637314754634,10,0.06636598008928662,0.21363093266182936,Online,Electronics,UK,0
13963009,662,81.17955994543577,17,0.07009572789517746,0.916368687033103,ATM,Electronics,US,0
1017368,222,77.69104611474168,14,0.11901899303715517,0.22237282285538487,ATM,Food,US,0
13240438,819,83.42383960502802,23,0.14830747082408574,0.2735571146055819,POS,Electronics,FR,0
16609212,409,76.64561743927192,17,0.08964912584564348,0.29633694936253036,QR,Grocery,DE,0
12103638,610,107.88684479533336,19,0.06552110764836472,0.02867366067876392,POS,Electronics,TR,0
12481529,113,31.239136358393438,19,0.1869603697995833,0.2980431745002049,POS,Electronics,UK,0
15702189,883,81.08500015168987,14,0.1412209154259802,0.030186327044700156,Online,Electronics,US,0
3745998,517,69.80676496567207,17,3.0274785175044003e-05,0.16271044410986152,QR,Electronics,TR,0
8937851,298,13.079587464250594,14,0.22822919678738326,0.18584937768115817,Online,Clothing,DE,0
9806732,607,142.16925826906117,19,0.05537840839777556,0.017741344114661904,Online,Grocery,TR,0
1947565,653,2072.484232152087,9,0.7820142411010594,0.9261045412319272,ATM,Travel,FR,1
5815754,52,49.80712789814961,11,0.17314327643998748,0.04953399207765542,QR,Travel,DE,0
11893514,508,2565.375177941301,9,0.7558367517367747,0.8372047300726314,QR,Grocery,FR,1
8491282,203,2023.601501384883,9,0.7662045054177259,0.8170575460518767,POS,Food,US,1
11300163,366,115.49216926046111,18,0.25714144838938396,0.025530107092922097,Online,Travel,UK,0
11428842,260,4.824585015345193,22,0.1716778179464474,0.14573930642413013,QR,Travel,UK,0
5863738,15,62.878895602311694,19,0.007375947910103025,0.17488650736075978,QR,Electronics,FR,0
13520860,878,85.96952357666711,22,0.25268324283778026,0.1867373518344367,QR,Electronics,US,0
4567704,659,713.9021687822974,5,0.8353848154209003,0.9016468979910943,Online,Clothing,NG,1
14728364,72,64.3860279942619,19,0.26959087288595834,0.1339998615461208,ATM,Electronics,TR,0
12813004,95,60.00758893015114,17,0.0945411045356031,0.11416128328857657,QR,Food,DE,0
8194296,146,51.9121359228569,12,0.05358513762410407,0.05943364110071622,QR,Grocery,TR,0
10333984,884,33.783000674575376,14,0.20865069975663744,0.06960843154167444,POS,Electronics,US,0
4986853,846,50.15345654728211,8,0.21044516187724685,0.28345477694948096,ATM,Electronics,UK,0
5940436,980,94.15838828980947,9,0.2676479619128569,0.22220122197909542,POS,Travel,FR,0
10221403,984,21.3751671345033,18,0.2684720756212414,0.21912739655522237,POS,Electronics,DE,0
14205998,853,16.823922341817877,14,0.1369359993203552,0.048433130726071985,QR,Travel,UK,0
8909955,926,15.483545394385672,23,0.12976793500032457,0.2723452718160299,QR,Clothing,TR,0
5717615,681,119.96387295700774,18,0.195226620674712,0.06439850604434869,Online,Electronics,TR,0
14397232,176,138.41903940829806,17,0.17406910567191572,0.19542984930317392,Online,Electronics,DE,0
10420642,155,24.334263318496134,17,0.25117607254201446,0.2096972591349602,POS,Electronics,UK,0
10167919,598,105.58850448553667,13,0.1452604710148117,0.09722923080863462,QR,Food,UK,0
15372481,12,1.0,17,0.6991672787202418,0.04888366079955987,ATM,Clothing,US,0
13689399,649,161.80030869805475,16,0.09326748965220169,0.18035338164964662,QR,Travel,FR,0
5211728,334,1955.8300258004115,20,0.7360506174240702,0.9836568566974433,QR,Grocery,DE,1
14174206,439,46.79957955881263,18,0.05419759148546521,0.00638431720668475,ATM,Food,TR,0
2577637,118,39.708867443887414,18,0.018965278238654668,0.3027301277696109,QR,Electronics,TR,0
9747590,730,23.37966862570466,17,0.06823853016599167,0.27569437522558826,QR,Clothing,US,0
10418154,272,113.9251487078134,13,0.0592535150624748,0.02047014134535502,QR,Food,DE,0
6056022,725,121.27320436768076,16,0.06927525825276569,0.03076430723754857,POS,Grocery,US,0
12030464,338,69.99288922144551,17,0.20617027063277507,0.18444492803713491,QR,Electronics,FR,0
8484435,134,96.72911065133509,22,0.12244395695927103,0.24316251583958381,Online,Food,FR,0
5507025,33,96.35118807796175,11,0.20309154591918865,0.158335027523483,ATM,Clothing,TR,0
10145404,559,47.20171521305548,11,0.06908740184739844,0.15307223352985927,ATM,Grocery,DE,0
425150,243,75.19270209329463,20,0.07328928696109192,0.18466087287504254,QR,Grocery,US,0
7708669,511,117.47871159499704,18,0.0057682534984808305,0.1641266300927086,POS,Electronics,DE,0
7369651,380,61.46784075294178,16,0.08824605631508263,0.23646080063311775,QR,Food,FR,0
4381059,516,40.82037790571633,6,0.16592125002664448,0.042518177295456455,POS,Travel,UK,0
375363,101,979.9009283260871,18,0.8045833552010173,0.8535924281639979,ATM,Electronics,TR,1
13555604,354,30.01242794914097,10,0.12851676077304816,0.9579085046163344,ATM,Travel,FR,1
1753192,688,2162.5921868760006,4,0.7252877938250644,0.8584876374733911,QR,Travel,US,1
15199860,462,69.17779246085543,21,0.14732992203967052,0.15350889598930467,ATM,Electronics,FR,0
107289,458,77.73776320471485,13,0.18569162550212412,0.08430476475290136,POS,Travel,FR,0
10982323,2,16.17300508637622,16,0.02146820031028289,0.05350857319630239,QR,Food,US,0
5846920,889,121.3900508639388,13,0.13425437332059878,0.103362081390436,POS,Grocery,TR,0
16657337,129,53.882215631451814,14,0.04513655280962127,0.17655402033894127,QR,Food,US,0
6429288,268,88.39298973582886,11,0.26001340688360824,0.26316483898060405,ATM,Travel,TR,0
1032224,567,146.83177887315054,22,0.06086836519339957,0.1438282248732442,ATM,Travel,TR,0
6377480,865,771.2158797343562,14,0.7646157197447946,0.7803386735687643,QR,Food,TR,1
559412,667,70.93981881886103,16,0.029607084001740846,0.1784734464578583,ATM,Electronics,UK,0
4161227,311,84.90160202239424,6,0.025449616350181864,0.10457358758559082,ATM,Electronics,TR,0
5509146,348,139.24233285681868,19,0.04964304856602094,0.18389408244788868,ATM,Electronics,FR,0
8809899,970,2103.682085798381,9,0.6661984708241795,0.8939962633106143,POS,Food,TR,1
9262321,880,81.41291230300314,16,0.010354713507584781,0.22335951252324263,QR,Clothing,UK,0
9632562,581,104.27990899717919,8,0.1666098685524859,0.16330212807896788,QR,Food,UK,0
2009119,236,23.465279050204288,18,0.06992641136668844,0.18897451081247096,Online,Travel,US,0
15350226,34,64.40433976409466,10,0.26386263444166735,0.0202431919681006,Online,Clothing,DE,0
1554150,241,54.66490039737045,7,0.07715944779344767,0.1148139469347351,QR,Travel,DE,0
9431158,339,76.3688821871323,16,0.07592417090032577,0.10667534144640935,ATM,Grocery,TR,0
3316218,839,87.76255486803932,17,0.1222169113622574,0.16456017460334516,QR,Food,US,0
15676745,257,1.0,18,0.25852507362508703,0.20476343977733513,QR,Food,US,0
9938880,737,63.075603076613994,14,0.13678550559108607,0.23229159064428928,ATM,Grocery,UK,0
14491547,694,170.0908474368145,7,0.7074017142262502,0.1570161991382443,QR,Grocery,UK,1
8272615,82,3112.060928725371,7,0.7613939358897315,0.8589413620099756,QR,Grocery,NG,1
16293127,310,20.318410685987786,10,0.15734701970354673,0.028510864832620234,ATM,Food,FR,0
9594176,829,96.23320370242064,19,0.09044182974019917,0.03541643043525857,POS,Electronics,UK,0
554687,772,30.178220536628643,16,0.1206134750803454,0.9577791703895185,QR,Clothing,US,0
10273024,421,113.31365238331264,17,0.25636564038177256,0.048377227723473526,Online,Grocery,TR,0
15867866,264,1925.129036391249,16,0.7214286537420447,0.8807014245975776,QR,Electronics,US,1
4691396,401,93.14558388732868,14,0.2156355424128733,0.2852914608417313,POS,Electronics,UK,0
3623697,329,53.406377257545444,15,0.15405364646736183,0.03467610858332203,Online,Electronics,US,0
7901797,170,59.335336137134334,11,0.09139340902665312,0.0744011527331782,QR,Food,UK,0
15949693,427,65.86521896934104,16,0.20573771494782103,0.8465936880972358,POS,Grocery,UK,0
8303658,84,55.01146060235644,23,0.022340017999281578,0.2765319541215082,Online,Clothing,TR,0
10263426,9,2105.171735092779,9,0.7569185808668881,0.9062618431952059,POS,Clothing,TR,1
1136209,975,106.13298093955655,16,0.22376553156196036,0.2807743245092608,QR,Grocery,DE,0
14587984,129,104.49221982897174,20,0.05585548276765749,0.21273842070975688,POS,Food,TR,0
2967242,569,90.19634688779186,23,0.02418699093502458,0.1368790077327126,POS,Electronics,FR,0
8027965,656,105.42016484825339,17,0.17739262680784088,0.0875730458203079,POS,Electronics,FR,0
15913121,622,19.864094787510197,16,0.18664758863814854,0.2633578853840595,QR,Travel,US,0
10833132,864,86.88532029645964,9,0.021192828877940592,0.04430247140142414,QR,Clothing,UK,0
6883751,751,65.27267307724995,12,0.09209691292775968,0.1834432865067327,Online,Grocery,TR,1
3188718,172,124.29011197985778,12,0.1459471995934029,0.2017849936926061,POS,Travel,FR,0
15419080,873,90.80195507218485,17,0.09420591874896662,0.262128534776542,QR,Food,DE,0
3615794,611,46.53822404878768,23,0.15686605672038662,0.15217887817065048,Online,Clothing,TR,0
1751088,714,71.522682111019,7,0.2178284970832978,0.028727411660855864,ATM,Grocery,FR,0
14502960,389,19.48911553748883,14,0.051086919090422546,0.13665214468140505,ATM,Food,TR,0
9944336,265,83.52313836427552,8,0.158148443716343,0.2799128159527627,ATM,Clothing,DE,0
7663886,725,76.08729835433348,18,0.23101987239408756,0.15513999128761963,QR,Clothing,DE,0
2920263,502,77.73528082471793,10,0.07836524686382434,0.08850555163632083,ATM,Clothing,US,0
904419,762,30.457279882650248,19,0.7180433864227284,0.9905781744988394,ATM,Clothing,UK,0
5846039,422,1923.0599354596175,15,0.8593048581761948,0.9017968168458481,QR,Grocery,TR,1
2264613,97,108.09786415098439,23,0.23656742776307302,0.9457886136429624,Online,Grocery,FR,0
11954145,263,2183.269180150201,18,0.76251573827465,0.8931038659236786,ATM,Grocery,NG,1
3438314,642,90.36282689005705,21,0.04471052918430222,0.1593511544117087,QR,Electronics,DE,0
16283714,892,1.0,19,0.03166930714952604,0.25079045979882575,POS,Electronics,US,0
1814281,894,76.5814556792525,19,0.10290560511810615,0.1221389827000528,Online,Food,US,0
14028041,427,9.072430050462245,18,0.9045191039463967,0.18676167457442786,ATM,Electronics,FR,1
12915815,556,172.67851598366886,19,0.14526474637781708,0.11933040557926525,QR,Travel,FR,0
11121335,558,1.0,20,0.14408838178616767,0.17047917261086354,QR,Electronics,FR,0
12106993,37,97.63147347572395,20,0.2238690865077396,0.2687765338392684,QR,Travel,FR,0
12881781,57,103.73215363750865,18,0.14267586697271747,0.15231310442719487,POS,Electronics,TR,0
4460096,355,32.863067866513084,22,0.11881565697745879,0.1960992851440292,QR,Travel,DE,0
15962338,361,51.4684821767336,22,0.06217701028594193,0.13264284475652852,POS,Travel,FR,0
8506366,321,59.99271486439001,18,0.1942738129977311,0.8598766966155681,ATM,Travel,FR,1
14006138,883,83.72196322483688,17,0.12953299511581487,0.17950636782918072,POS,Electronics,TR,0
5209868,975,84.75764655098814,10,3.0274785175044003e-05,0.1863866545744686,ATM,Electronics,DE,1
15342100,395,123.15824714410185,18,0.03113453290606792,0.16507752428077996,ATM,Travel,TR,0
11927232,447,113.00281141420813,20,0.00422344742388352,0.14051499566980746,Online,Travel,TR,0
3673483,337,53.31477542847328,18,0.09018665862861173,0.224598093898203,ATM,Travel,UK,0
7222835,740,71.05920120703692,10,0.018327995759283233,0.16404872513395616,ATM,Travel,UK,0
1038420,332,65.88428731888786,8,0.7224976716364365,0.11966613930467812,QR,Travel,FR,0
15025711,386,138.1191105404334,18,0.02515771623786682,0.27934554405479867,QR,Electronics,US,0
16368167,334,31.810422701227715,11,0.06437072305329629,0.12110955639582083,POS,Electronics,US,0
15784996,636,34.41835297555621,13,0.1320193533290363,0.30611919285343125,QR,Grocery,DE,0
14397085,974,16.662002112040383,20,0.08501943724682103,0.167574819571612,Online,Clothing,DE,0
10714661,368,72.21176626010632,10,0.05995062609179742,0.2615467798138293,ATM,Electronics,US,0
13365521,405,113.50947421652006,18,0.05843757502942176,0.15027787139853827,QR,Food,DE,0
8584961,589,76.8830919624601,12,0.1603719686819083,0.11291011529251019,QR,Electronics,US,0
11767544,37,121.88101567399103,18,0.20346439410591377,0.14996333894318026,QR,Travel,DE,0
947161,818,21.239575628287646,16,0.09616443057043605,0.16085031536737482,POS,Electronics,TR,0
15834563,579,136.11486784512772,19,0.08922122044045179,0.22383355282156817,ATM,Food,TR,0
10357845,679,108.7024172082798,14,0.1269706609141617,0.21303386264999724,QR,Travel,DE,0
6412484,163,161.8873141618476,23,0.15543645683859056,0.1953948236349143,ATM,Travel,FR,0
1022750,590,1.0,18,0.6879846204797093,0.1448671311433748,Online,Electronics,US,1
13679529,300,35.45477058464749,17,0.20384616071505648,0.88963128527551,Online,Clothing,UK,0
3075578,370,30.672649904455582,13,0.16089040076338595,0.022191479536297132,QR,Food,DE,0
436170,925,2243.5815522846547,16,0.7440837240857946,0.8626262806115678,ATM,Travel,TR,1
3816096,990,83.96600753614727,19,0.07001720114190661,0.23293572326812198,QR,Clothing,UK,0
13538844,988,111.61931200360937,18,0.020233464900216862,0.013897863341560606,POS,Grocery,TR,0
14133551,162,105.22987622406595,14,0.007352875575725826,0.24724382391088917,QR,Food,UK,0
13428671,33,43.00526568357395,23,0.007310093230504612,0.8298010588074817,Online,Food,US,0
4249434,787,88.7953728784657,17,0.25640273356037635,0.2792747499404631,QR,Travel,DE,0
6080722,495,92.57132039091933,8,0.10919456778083844,0.28609007462952724,POS,Clothing,UK,0
5750150,194,59.008187398803116,21,0.26105939201206274,0.16318426829961355,POS,Electronics,FR,0
5212456,601,48.88888932998292,16,0.08737652921792802,0.1152746678179449,POS,Travel,TR,0
11419388,556,108.29589417095822,16,0.026376002411102065,0.18161098362565314,Online,Food,US,0
8857409,51,134.2993192725463,22,0.11042293323373388,0.044514105745477886,ATM,Travel,US,0
9890897,350,41.33621299049198,19,0.09038316763538942,0.2866067287050154,Online,Food,UK,0
513568,255,1.0,17,0.1956401770385531,0.1449341515152422,ATM,Clothing,TR,0
13426906,429,104.64079326763593,16,0.08534404829573383,0.20835714734832889,Online,Electronics,DE,0
15586756,953,57.29325205774121,15,0.04928896668861723,0.18993510018400597,ATM,Electronics,FR,0
6049523,977,8.875889010623737,9,0.8325209049132237,0.9403790041441564,ATM,Electronics,US,1
11773365,391,121.23353767018276,20,0.0707616866262988,0.13096595562814342,ATM,Travel,US,0
13701302,414,136.01996304480508,21,0.12355142760600807,0.18709774487157937,QR,Electronics,FR,0
11006900,981,68.83472377051932,11,0.06072705082791896,0.22048161295639307,POS,Travel,DE,0
13946799,710,51.2493291404679,15,0.05253615166329158,0.036076932191323845,ATM,Electronics,TR,1
11070152,244,50.27553058719652,12,0.07955794294151868,0.11252191388407085,POS,Travel,US,0
15884585,321,96.2795540906114,18,0.8138774723446557,0.8214222909188873,QR,Electronics,US,1
12617459,318,133.3070867636971,18,0.024685885354476772,0.20582354190476834,ATM,Clothing,DE,0
4638516,470,56.926153513510165,21,0.0510779209241049,0.19221933135790742,QR,Electronics,TR,1
4582038,551,87.11031751841543,10,0.14623791744927106,0.1840991133350229,ATM,Electronics,TR,0
10882827,868,53.244997888204026,18,0.0122958562643746,0.06835432998093627,ATM,Food,UK,0
3508084,541,61.90220784668248,17,0.13724991254000063,0.22172496089473387,Online,Clothing,US,0
7101119,111,97.42010431239558,12,0.04725366149580585,0.12833913363529673,ATM,Travel,DE,0
16074236,482,448.32559942688897,6,0.7158579435633904,0.8969022235459848,POS,Travel,NG,1
7343523,367,52.531283496461,17,0.06140589357455452,0.14856288448509725,POS,Grocery,TR,0
6052156,882,1.0,10,0.20451166621509326,0.20180905732022666,QR,Electronics,FR,0
12245153,331,1026.9543346235228,4,0.7825757251222683,0.9744979042527702,POS,Clothing,US,1
1895867,150,3.846304860610161,14,0.0032494654757519136,0.13298419199307915,Online,Electronics,TR,0
15669979,296,52.665651891807954,17,0.09740910756499602,0.1283688304236044,Online,Food,UK,0
10375896,277,79.64088447730704,16,0.28250122441229847,0.02102621037659884,QR,Electronics,US,0
12334268,68,39.26361138466626,8,0.017046938168458037,0.15258630905461848,Online,Electronics,FR,0
6062717,313,114.97497385061378,15,0.783642989032027,0.2107326631742188,QR,Clothing,US,0
10131810,560,96.13227685059424,16,0.2719481463362318,0.14277458376812122,QR,Travel,DE,0
15332477,175,122.32357326622761,14,0.06197234082237714,0.13428878729279103,POS,Electronics,FR,0
7664144,746,114.12967652081635,10,0.2575396248082371,0.12927100772182257,ATM,Grocery,UK,0
8353953,770,118.05872593883325,11,0.25373928076788316,0.14989725105993038,ATM,Travel,FR,0
10478181,792,1826.9282877852256,8,0.7869498768812956,0.9511189459899279,ATM,Travel,TR,1
10002866,537,61.974398590814005,15,0.02580668163668125,0.27223798687286227,Online,Clothing,UK,0
8968944,194,56.073273535073525,16,0.2586552795453635,0.18141288747803408,POS,Travel,US,0
2446383,386,26.731649726291835,9,0.7468136389649155,0.9353854433327325,ATM,Electronics,NG,1
229121,893,101.64501557395782,10,0.06954907295851716,0.15881667608324587,ATM,Travel,US,0
7402558,292,62.52253263573718,22,0.08101881243054708,0.26984447788345034,QR,Clothing,UK,0
7331775,975,76.76914581907818,23,0.11892793151038064,0.17569441139318595,POS,Electronics,TR,0
13739433,311,1976.867401294972,9,0.8016530187110436,0.8274374489295144,ATM,Food,NG,1
13083135,466,54.11346207960719,17,0.021303495661891412,0.2788323670321551,ATM,Electronics,UK,0
3750630,168,2062.3265504481333,0,0.8047201934943233,0.7905313671555888,QR,Travel,US,1
11832041,70,97.79976727664621,17,0.03162591736014038,0.10164179426545963,POS,Grocery,US,0
9651757,277,52.05490364412149,19,0.01796371258333215,0.1572932683566564,ATM,Electronics,TR,0
1215962,990,95.63685232729023,15,0.0017784501015243766,0.1718975912658324,ATM,Travel,UK,0
6484750,15,80.47281951461993,15,0.11124557443015533,0.21341910555792332,POS,Electronics,FR,0
9722949,366,53.45436156265677,17,0.14511647990020804,0.040034011705303026,Online,Electronics,DE,0
8160697,281,96.36384074073273,9,0.008870480478281553,0.9996026492679309,QR,Electronics,US,1
12116645,15,84.54255185149796,17,0.08517499460110071,0.14496769984138175,ATM,Clothing,TR,0
3412633,661,1.0,23,0.01669485416272326,0.1201043375283635,ATM,Travel,UK,0
2519039,981,114.91329024902075,17,0.07540800629537359,0.16060277443709642,POS,Travel,FR,0
3097767,421,107.19228744601192,6,0.1860115043851978,0.1067088082498499,QR,Travel,UK,0
3921854,244,59.86568150671133,16,0.22615683203640086,0.23468630416385092,QR,Travel,US,0
2053205,433,109.63565339683099,20,0.07468684951009476,0.15807442991108478,QR,Travel,FR,0
8460117,350,69.68717276044913,18,0.17063233694034768,0.029210879940406886,POS,Electronics,TR,0
4816531,704,31.6268279059908,21,0.12951313443735857,0.22741229432330787,ATM,Clothing,UK,0
8815619,813,1669.0304470167841,1,0.8345011425672547,0.8030275914321093,ATM,Travel,TR,1
10516586,937,114.94172933185115,14,0.013826544520776791,0.2013383714813102,ATM,Clothing,UK,0
2079104,328,74.28488971666499,19,0.036258577317849865,0.22048354237014697,POS,Food,US,0
15548905,286,133.54919173518425,21,0.27747994293159184,0.17866124338281567,POS,Electronics,TR,0
1118186,863,51.314091843692005,20,0.08260555469878758,0.19543329067217696,QR,Travel,DE,0
129727,742,49.70795384831917,20,0.08860796362029058,0.22432167622230856,POS,Electronics,TR,0
12921437,309,53.711727006818705,16,0.00764562537714461,0.15873668592155585,QR,Travel,DE,0
807514,954,66.78792146625275,16,0.08476372566770096,0.01845616811042253,QR,Grocery,FR,0
7711453,906,91.5981107832466,22,0.06588630364310279,0.2793142980646556,ATM,Electronics,US,0
11133761,567,2175.9953951434636,4,0.6930366350647879,0.8607715710706045,QR,Electronics,FR,1
4983959,131,101.68730358077352,22,0.04408473085808944,0.03971537928405936,ATM,Electronics,FR,0
11803972,209,52.44952140754036,11,0.0034446863557039825,0.29759709498863973,QR,Electronics,US,0
2925798,427,2164.2497613230894,4,0.7379195622788564,0.8966890475590013,ATM,Electronics,NG,1
9682626,714,99.80487961410438,11,0.13159226041913397,0.132064249507757,POS,Clothing,FR,0
12800071,437,136.4767919756356,16,0.01644828993609924,0.13235878824047417,QR,Travel,FR,0
7828276,551,1.0,19,0.10033709457388468,0.17803726878057896,POS,Food,DE,0
7058763,946,90.89945218536705,11,0.2608865601100063,0.30087910215168157,QR,Electronics,US,0
9158310,736,48.336668270791925,17,0.09018264158106182,0.28226217016988503,QR,Electronics,FR,0
7119932,523,2249.697475770547,6,0.7959222010761761,0.8659325218848817,ATM,Travel,UK,1
12067112,337,1.0,14,0.23677208223263857,0.04650482761414304,QR,Food,DE,0
241539,809,19.739136902395835,17,0.14016529363151914,0.28243182286300045,ATM,Grocery,UK,0
10188232,779,44.05767141412822,17,0.15678144878565356,0.1609387657332604,Online,Travel,UK,0
13927926,888,117.12036648230286,19,0.12780694319356645,0.047927385357122904,Online,Travel,US,0
5266418,621,41.88033495782527,15,0.22914691011465932,0.1895989915852702,ATM,Grocery,UK,0
14949487,972,68.89451759656122,11,0.02427211454016727,0.23189940871602382,ATM,Travel,UK,0
15413425,188,62.75550554955035,23,0.15358813243637906,0.054525262084821335,QR,Travel,UK,0
4483159,803,55.08880241275301,17,0.7897902598019968,0.8761112939649383,Online,Travel,DE,1
977451,228,56.83861884618315,15,0.17632997592956345,0.040612587789310095,QR,Clothing,UK,0
1661859,194,91.48386135652815,18,0.15973289589827458,0.3138805133435145,POS,Electronics,US,0
13023414,984,142.9920475432349,17,0.07929457629208725,0.15317390036176742,QR,Electronics,FR,0
9188636,392,110.93168058903528,11,0.12023345161140472,0.1851717577205393,QR,Electronics,DE,0
11196135,59,49.17715107162351,17,0.12207415185104209,0.12133319818858836,QR,Electronics,TR,0
13072672,78,62.60845493227086,20,0.030861754944351283,0.03737993849197927,POS,Food,US,0
2983091,253,90.89894186474757,17,0.005321183965779779,0.025913425235453872,ATM,Electronics,TR,0
3142673,50,45.2530713390642,8,0.1302655138968406,0.04040257214646912,POS,Travel,TR,0
8601323,887,30.228676899463608,17,0.19735249019432213,0.19805742975854124,Online,Electronics,TR,0
2508369,310,63.524760796868776,18,0.8310577683212836,0.040390259659491265,Online,Electronics,US,0
10760592,632,98.17448830805748,20,0.09598096325460467,0.2786846123977483,POS,Grocery,TR,0
2060080,482,141.64847904385624,20,0.17526239054265957,0.24508975220939117,ATM,Food,US,0
9737326,924,66.80275269301796,16,0.8162859461716222,0.1215571395838247,ATM,Travel,TR,0
6217037,991,1.0,13,0.7144818189050529,0.8967647311790454,QR,Food,TR,1
13032034,524,97.9985300199888,23,0.035155163269400116,0.1926848365311318,QR,Travel,FR,0
5963683,487,107.53742071284653,10,0.19453782313173926,0.19310774486696744,ATM,Electronics,UK,0
12170728,75,84.14926453514083,22,0.016202527516649367,0.1164074577845048,ATM,Food,UK,0
3099579,137,59.398418793851846,18,0.092070183731742,0.18047676210697336,Online,Clothing,UK,0
10560726,467,63.11349432674107,13,0.09313891054496838,0.18666385606644978,ATM,Electronics,UK,0
1553938,646,979.4615797619792,13,0.765176137079424,0.80770778804144,POS,Clothing,UK,1
10633849,124,45.583739019983334,18,0.06229471600205505,0.27335807427969605,Online,Travel,FR,0
8597510,176,75.02008052697006,18,0.1772313468799392,0.03994029444528075,POS,Electronics,FR,0
7812525,553,70.11044693486483,9,0.0417507448000537,0.25670965071030105,QR,Electronics,US,0
13175691,25,86.82292206750401,20,0.10692505659696402,0.28354586746595295,ATM,Travel,US,0
10458587,669,78.62606326791249,19,0.12161091662186974,0.2044008607238377,Online,Food,UK,0
13751966,41,88.71969925119292,22,0.11828058564752772,0.2485301114361697,ATM,Travel,US,0
5412013,282,73.81041048855116,17,0.08021942257987649,0.16629338640005617,Online,Electronics,DE,0
45278,42,54.36454107395144,18,0.011714157146034285,0.04521905012364297,QR,Travel,US,0
16370578,447,96.49923039825602,17,0.8041682546684847,0.24456236359826145,QR,Travel,DE,1
16561924,754,68.92708672801439,23,0.07154498116924485,0.20658672509498202,QR,Electronics,US,0
13943646,7,106.27045764225215,18,0.023352545908607428,0.1472583170679466,QR,Electronics,FR,0
8098675,480,109.94928076038312,19,0.11072432046799988,0.06206167237432769,ATM,Travel,FR,0
16439371,894,127.47854288368958,20,0.026145972843185122,0.2645357866162073,POS,Grocery,FR,0
6470421,838,157.01550621169736,11,0.07106130219372704,0.04662302170805468,Online,Electronics,US,0
5773246,783,49.924667359417946,14,0.10403453131624422,0.11385154319043599,POS,Grocery,DE,0
1554317,208,936.9207002168413,18,0.7409815355904654,0.9457989498473961,QR,Electronics,FR,1
11902789,51,1.1262765740224125,17,0.17784162894122751,0.17618680058035563,Online,Food,US,1
9628513,238,40.77502216136435,15,0.12946962515655708,0.19118459666841078,QR,Electronics,DE,0
16632637,673,66.23788781483776,19,0.0008850561363895615,0.2789255916009835,POS,Food,FR,0
6938965,939,35.13489042593375,20,0.7830936344468704,0.15472549681340764,QR,Electronics,UK,1
13118065,186,20.923051610668097,17,0.04738083816171003,0.18300077367986653,QR,Food,DE,0
8927630,63,99.31441037232895,23,3.0274785175044003e-05,0.2032537178025089,Online,Electronics,UK,0
6071695,597,2515.674544585759,17,0.14556920989731845,0.02971922148660104,ATM,Travel,TR,1
12990437,504,142.37838480904034,15,0.2628923063652404,0.15300883336490975,Online,Grocery,US,0
14660172,692,501.4808813320047,9,0.8561835131376875,0.8392732142939481,QR,Travel,US,1
6813075,708,158.91902009548764,19,0.11206758795641496,0.08318280129608016,Online,Travel,TR,0
5965991,954,99.29698158803235,22,0.04097772646303874,0.15056369382692414,ATM,Clothing,FR,0
8124431,358,2244.8621901551287,4,0.6963830507997228,0.890904662868543,Online,Clothing,TR,1
468552,363,91.18623616539668,11,0.26853633748514205,0.1483521406722878,ATM,Travel,US,0
4887286,240,103.92870627187797,20,0.7689902124036565,0.9996026492679309,ATM,Electronics,US,1
2046641,514,64.39414237147807,16,0.7114756541954069,0.8194272032129315,ATM,Travel,TR,1
4464498,904,77.21161472763649,16,0.2130408517125472,0.1650974350534371,Online,Travel,UK,0
4764258,296,27.5340475474826,9,0.17086626950798176,0.8656538270351598,POS,Food,UK,0
14135832,143,65.74314285633811,14,0.0746326078328319,0.14490918463576136,QR,Grocery,DE,0
445865,34,2061.1362593520967,13,0.04970331782174923,0.9336681740387819,ATM,Travel,US,1
15142923,287,41.139458524354325,17,0.13376079070663377,0.2892628942886537,QR,Grocery,TR,0
7981145,579,108.85901109308077,20,0.17444294725580198,0.009388759140587979,QR,Food,US,0
7538845,31,66.62836023023341,12,0.07545762815539173,0.16185932035741818,Online,Food,TR,0
11825994,74,120.59405959953587,16,0.20615164416178614,0.013297263767689797,QR,Travel,TR,0
16587187,9,1181.8269474531442,11,0.7609962267471505,0.9609889020172944,ATM,Clothing,NG,1
9411700,794,158.3687549326258,16,0.19416880462735997,0.28158172701738954,QR,Grocery,US,0
15615317,681,46.95447535182157,16,0.14650353592283877,0.04607028582830369,QR,Travel,UK,0
13435206,15,34.65692401464163,22,0.008974697528022435,0.015151100601877012,QR,Travel,FR,0
15770065,535,68.9290746246727,12,0.1679199188568132,0.20667474342026898,ATM,Food,UK,0
7764327,932,160.11998718209338,6,0.1237801202175807,0.1683301118827986,ATM,Travel,TR,0
16310288,966,26.273188148189305,17,0.09630687665377576,0.07209838174395487,QR,Food,UK,0
15274203,802,1.0,18,0.09042233769093211,0.27147885385672293,ATM,Grocery,FR,0
3386685,659,17.5298507378469,21,0.8131442820252788,0.9694394513893069,POS,Grocery,US,1
12259389,377,17.49379783181456,11,0.1212203212077665,0.19827018446730352,ATM,Travel,US,0
1627581,202,72.48457511614534,13,0.18167192438941637,0.1971014739140512,QR,Travel,US,0
7904385,11,63.68411108839789,7,0.06348353338434719,0.17681108494453399,QR,Electronics,US,0
1701373,922,1.0,11,0.769522758427611,0.9157199365882598,QR,Grocery,UK,1
11018882,203,138.44717413730763,23,0.15138948545571804,0.14258858005654856,QR,Electronics,FR,0
12345508,949,36.44743766134691,23,0.08611850346301121,0.10413234288408652,Online,Electronics,TR,0
9466065,213,58.36563279285731,21,0.041651930233073106,0.1668949632827,POS,Electronics,UK,0
4730230,414,25.2460954540783,20,0.012035705400689128,0.26586404032622185,Online,Clothing,TR,0
6240432,236,53.53160756398298,16,0.020144287176402886,0.03613296466593151,ATM,Travel,TR,0
11351906,39,1442.436409916368,4,0.8062287632368074,0.9573986949237652,POS,Clothing,US,1
6939761,4,2564.570391000354,7,0.8339519020735751,0.8253911437944232,POS,Grocery,NG,1
15442346,559,52.452192685756486,15,0.20937614155647222,0.18416975864518387,ATM,Travel,UK,0
5266419,109,69.09579899619182,15,0.2717293861800152,0.008410287980405252,POS,Travel,DE,0
11205138,335,84.84212594172224,14,0.05363520706254307,0.2986445616272917,QR,Electronics,US,0
5501104,869,1729.1113716116624,6,0.7815042439516519,0.9185621788415214,ATM,Food,NG,1
5274985,355,186.77805402825084,19,0.06057635328535613,0.17231837235857028,ATM,Travel,US,0
9834186,597,46.86255968972162,10,0.1135391900562841,0.08952720166892247,Online,Electronics,DE,0
4630819,78,51.049919272433584,20,0.09420733318219426,0.8634540684913304,POS,Travel,FR,0
9329956,443,4.9292081347958145,15,0.700337631839676,0.03734289504465678,Online,Food,US,0
8284057,146,60.27817076675996,17,0.005766318112251971,0.18359618428195315,QR,Food,US,0
9635895,640,100.38648013599787,11,0.20372113882484236,0.211381402355172,ATM,Food,US,0
7124803,997,27.336716036997814,16,0.02252043945999342,0.019731821491998043,QR,Clothing,UK,0
8103237,893,86.22771858421528,18,0.0027900853870624596,0.039602431516399854,Online,Travel,UK,0
7231060,359,68.30353705784937,19,0.26975051200422834,0.044442445698261286,Online,Electronics,US,0
13058409,316,57.66920504233637,16,0.08824615894283973,0.045628736896887,QR,Electronics,US,0
2030610,829,96.59736437121744,18,0.04485774589624211,0.13068348247380884,ATM,Food,FR,0
6457634,265,76.27915214454346,21,0.09419725451371605,0.2493865718260528,Online,Travel,DE,0
2631367,1,1.0,14,0.15429807033194842,0.11758293818577346,Online,Grocery,US,0
13956441,834,32.04045087937793,19,0.025842374399720903,0.15939620128757162,Online,Electronics,TR,0
7907133,244,105.03933191463597,19,0.0973848613322934,0.038649057451359894,QR,Electronics,TR,0
2312395,337,86.06180001773605,21,0.15880575498562832,0.1728273641396984,Online,Grocery,US,0
3921402,541,85.54324921504872,15,0.16662945623466568,0.15431862124313805,QR,Food,TR,0
2680861,789,96.8926490114248,6,0.080114923237256,0.12101557371721465,POS,Travel,US,0
12908426,15,16.346311635913708,15,0.09486374661895226,0.1792743125389936,QR,Travel,US,0
12001338,75,73.43452413419777,11,0.2787130494223209,0.17828858710107645,QR,Travel,DE,0
1837328,896,75.13033014158836,19,0.0398861633494257,0.19780145528073456,ATM,Electronics,TR,0
13372424,292,73.45303215759517,8,0.09616107183551731,0.04545635485285234,ATM,Travel,US,0
355078,847,6.0677726604140645,14,0.1996498549058552,0.1579174899302036,QR,Travel,US,0
13097846,540,124.94747205251059,18,0.13164401915233073,0.08055024905799962,QR,Travel,TR,0
13702416,989,17.157540119010065,17,0.0927307671587247,0.28160756581047564,POS,Electronics,US,0
7700981,38,95.91094450164441,18,0.220698883590984,0.0627076562096219,ATM,Travel,UK,0
11653458,622,80.27676462077609,10,0.08430401473067314,0.08875449926565727,QR,Clothing,US,0
7164522,741,92.5592188198337,18,0.15205781633877946,0.03968197610787944,POS,Travel,FR,0
9090674,739,120.01034091294662,7,0.01558821694864069,0.22587764440836927,ATM,Electronics,FR,0
5856092,588,161.4217379274845,13,0.007988989698882978,0.20902274582250938,QR,Electronics,US,0
5388290,604,83.03114788833369,17,0.19959022314082003,0.04422247094803306,QR,Electronics,US,0
10132145,820,90.50360858957225,19,0.20278683934115585,0.13577565425116425,ATM,Travel,US,0
8059917,309,99.76071568482607,16,0.13940441600833928,0.038963785237684054,Online,Clothing,TR,0
3950635,682,23.561174357552034,17,0.20213900815687477,0.11404505474321137,QR,Electronics,UK,0
8996188,593,81.44828167570599,22,0.20655439241576645,0.18270194271933157,QR,Travel,DE,0
10307879,673,104.6799415959988,21,0.06732679980834529,0.14996920166755143,ATM,Food,FR,0
3247073,193,70.18557144242692,10,0.1425721268916606,0.1250745109531156,QR,Grocery,FR,0
11930703,121,63.033834605478845,16,0.0506841328530591,0.12818720423822322,POS,Travel,US,0
9008807,733,97.82211457261114,6,0.10094184892568536,0.11570444868999037,QR,Travel,UK,0
13611850,300,54.41613143827772,16,0.007761366253392795,0.1999933042163767,ATM,Clothing,TR,0
9294114,157,90.78675148990868,19,0.007448306987003266,0.057538016723911026,POS,Travel,TR,0
13212488,234,1.0,10,0.13681004744310074,0.04906076164668357,Online,Clothing,UK,0
11442630,242,75.30439429087515,17,0.09230022900231946,0.16278909318896986,QR,Travel,US,0
4783201,141,48.240892144663206,20,0.2535954074307853,0.21037311785631743,ATM,Travel,UK,0
6964769,864,52.20074567623906,16,0.05692217273126273,0.10095585690231912,ATM,Food,US,0
981154,663,123.85365791169508,13,0.22210277730562186,0.17808231971642924,ATM,Electronics,TR,0
3984032,437,88.56044213065903,20,0.014214585945038966,0.26650258178120995,POS,Electronics,UK,0
9499198,517,132.1370996020369,13,0.1050763861039164,0.18302141469003708,QR,Travel,DE,0
7034280,4,82.99788062120587,14,0.159386639347403,0.15836299034476733,ATM,Food,FR,0
7623620,629,1810.5324255860526,7,0.8256371970278712,0.9036470852204159,Online,Grocery,US,1
6223290,624,49.787973445314435,8,0.014032200395336392,0.17458698086688348,Online,Travel,US,0
3283252,632,107.06751120974468,19,0.054485118020260064,0.03728600685039757,POS,Travel,DE,0
3090330,730,46.44731061713883,8,0.12597821229781575,0.17122160111380866,Online,Electronics,US,0
3573056,57,106.42320775505996,9,0.1428429524877089,0.09878024611805011,QR,Clothing,US,0
12803051,981,73.55330734908836,15,0.1407512027348411,0.12332451080855239,ATM,Grocery,DE,0
5805166,951,110.47129751194534,10,0.26559808758353065,0.0434196011684488,Online,Travel,DE,0
11415599,825,2402.330668633625,10,0.734554287085327,0.9596551914942413,QR,Clothing,US,1
4923052,575,142.4840934545001,17,0.04977697916056666,0.02696402976843104,QR,Grocery,US,0
2137387,374,122.96122138246291,16,0.0017019578269150473,0.27308668538903436,ATM,Travel,TR,0
10558964,995,94.55940716831805,18,0.06245819811227088,0.1413005571003191,ATM,Travel,UK,0
1803986,620,37.11491366900172,15,0.04351063425513888,0.16322984844798052,QR,Travel,TR,0
14673016,232,1.0,19,0.1592379893553386,0.06148089105079638,Online,Clothing,US,0
11584409,228,76.4523331272988,14,0.15156534615552622,0.2675973313665415,POS,Electronics,DE,0
15587166,230,1493.5757326832977,5,0.8422847435403208,0.8786083651449788,Online,Food,US,1
8645136,491,58.053076086281536,17,0.07046495382632517,0.02065566509942184,POS,Clothing,US,0
10762993,484,38.48348965584759,17,0.04626379121433522,0.04462205167821428,QR,Travel,TR,0
6383345,679,103.25610690608801,12,0.1895113696678337,0.21520669997764358,Online,Electronics,UK,0
13477910,349,1623.394926827797,19,0.8305680437152689,0.9561199242898838,ATM,Electronics,NG,1
7628278,260,62.30511086171139,13,0.06671619208760271,0.12290938292965312,QR,Clothing,US,0
6446913,826,80.69094031695694,18,0.1423926455323195,0.1151502685747153,ATM,Electronics,TR,0
2044922,97,52.56063950996154,9,0.15408683637364742,0.020966291332933405,ATM,Travel,US,0
1342578,825,3.906447301759812,17,0.6623477542661065,0.9138828463257143,QR,Electronics,FR,1
15548794,308,78.76105197270752,11,0.27520972903914326,0.17217271884526464,Online,Electronics,US,0
11581429,953,91.7029516535665,18,0.06219201840059051,0.1172770922249431,QR,Electronics,FR,0
83865,909,26.90560920695154,16,0.01827201187741668,0.24196003102608934,QR,Clothing,US,0
16739083,540,37.85656173264677,20,0.21449017247314356,0.22561799559681542,ATM,Food,DE,0
8958073,969,88.74242335366176,14,0.22414175567784372,0.04378298875120054,ATM,Clothing,FR,0
2594920,784,120.68735481302087,8,0.18090374297367748,0.14727829447824753,ATM,Electronics,TR,0
14081962,18,50.12136521860145,21,0.03531328795607586,0.1584338226543967,POS,Grocery,US,0
15964865,784,2463.574669663505,16,0.7731481291982105,0.8841992559787113,ATM,Electronics,NG,1
6046998,570,109.62587087227456,15,0.11826255856217278,0.1465493216917631,Online,Clothing,DE,0
12874515,137,77.76386767502586,17,0.06430853310970355,0.035318383390370266,POS,Food,UK,0
8687087,516,74.31519454534183,20,0.08396573325966589,0.1559279453302983,POS,Electronics,TR,0
939311,524,122.15142095333351,18,0.8277994641968374,0.1635219212408056,ATM,Grocery,UK,0
7593937,829,62.55812717053043,18,0.14066390716735555,0.18148406446558102,QR,Food,UK,0
10433424,282,85.09950296234264,11,0.22549407461652765,0.1508150471632912,Online,Electronics,UK,0
5764591,805,97.28178827973963,10,0.114143146616291,0.1660629145557977,QR,Travel,US,0
2267669,892,74.07459999177787,11,0.23956254841367142,0.2065323627014119,ATM,Travel,DE,0
9169015,559,95.08282707026707,9,0.2555292529385941,0.15741288492046002,ATM,Travel,TR,0
10356346,201,103.36554666747756,18,3.0274785175044003e-05,0.21116159206337398,ATM,Electronics,FR,0
14059207,653,68.32597484133944,13,0.24259163420044655,0.11232893550213796,QR,Travel,FR,0
4467467,188,91.8701318983133,18,0.06725640042631338,0.07368024187292753,Online,Travel,FR,0
16342171,72,1.9665317459988358,16,0.0658264663228874,0.19754193098522166,Online,Electronics,US,0
10041132,892,72.05505239102146,9,0.1817143786207477,0.12802564540991968,POS,Clothing,TR,0
533022,705,80.4313699310291,7,0.13494740450473014,0.27854763528639376,Online,Electronics,FR,0
6640162,748,49.71813662081386,15,0.11868161148944081,0.036861542202242234,ATM,Clothing,UK,0
9221988,767,81.34077759334471,14,0.08415983432492731,0.16565926258154748,ATM,Food,DE,0
6275500,231,2525.8652673957927,9,0.7524539806839895,0.8537848883659909,Online,Clothing,US,1
7831690,870,38.826036508019726,23,0.17264833609530553,0.17187661724013106,QR,Clothing,DE,0
285418,112,2034.165694405492,10,0.7074549495843001,0.9249881982352354,QR,Grocery,TR,1
13055157,374,59.19761181012031,17,0.23425514604848022,0.21738797793474005,ATM,Electronics,UK,0
10301932,908,104.29306011298105,9,0.15650381563126245,0.10695956570351196,ATM,Travel,US,0
12438568,641,53.765067395971265,18,0.023963447433201404,0.28498348915407806,POS,Electronics,UK,0
6526409,797,94.4881194997271,9,0.14907724430918456,0.06930385552865738,Online,Electronics,TR,0
9911039,246,1701.4179095487773,3,0.764206887370512,0.7968278657880122,Online,Food,US,1
15869880,963,57.41065843700675,13,0.25141189369249045,0.1855228562403349,QR,Electronics,UK,0
9469,816,16.52787373762169,16,0.10914777731458844,0.10900948400871034,POS,Electronics,UK,0
13436017,406,86.14065900301563,17,0.046743647450935594,0.060180387474188676,QR,Electronics,DE,0
3714110,327,1432.0468012817905,15,0.8254456580570647,0.8513786008831798,ATM,Electronics,US,1
1021510,683,105.1040863462152,15,3.0274785175044003e-05,0.17943395959879643,ATM,Electronics,TR,0
10683355,198,165.34250239065628,15,0.09149451783993984,0.2780857503797324,ATM,Grocery,UK,0
51720,320,139.0839858453678,10,0.09888151104775837,0.17114294897317034,ATM,Food,FR,0
2909350,867,94.51208833072947,18,0.02380086380924785,0.25105230025954195,QR,Clothing,TR,0
14672275,764,124.13651427158011,12,0.0025035493021238198,0.20597947940118172,ATM,Food,TR,0
3087472,664,96.18343741328214,22,0.7940573690129434,0.10695322664914245,QR,Travel,FR,0
6219538,351,39.242267345745674,16,0.07113669898832696,0.28873349735079645,ATM,Travel,UK,0
2394674,574,22.81647490103424,9,0.21116535232837003,0.17200818156845593,QR,Grocery,FR,0
243410,309,117.02490728505357,13,0.050354264372777346,0.24720522511973422,POS,Grocery,TR,0
14728843,230,2209.558241553711,3,0.7852082856066739,0.8540207516084865,Online,Clothing,US,1
14907677,12,19.126572701527415,16,0.20005743129948558,0.22123952121775273,ATM,Food,DE,0
12442436,999,57.315289473562025,18,0.029393745086456577,0.06703439235464895,Online,Electronics,DE,0
12404789,159,60.954957340928694,17,0.06582467280385415,0.036934531896883616,QR,Travel,FR,0
1932785,865,1522.4024260154247,0,0.743405179460074,0.8428404166118848,Online,Grocery,US,1
6598258,164,32.70239098614134,14,0.08791227436308646,0.0577971100867814,ATM,Travel,UK,0
1405244,615,96.15813606334075,17,0.03738413987260616,0.12189943668289092,ATM,Electronics,UK,0
11424071,684,46.96372185159365,15,0.20878138486605038,0.2359471948110985,QR,Food,DE,0
13566309,890,106.0188953035323,11,0.01506712826501622,0.28479328587196184,QR,Electronics,FR,0
4549430,309,44.486696029410126,13,0.07708217189911139,0.2822380039822322,POS,Electronics,DE,0
16433402,23,86.12549280114155,15,0.1664507009252438,0.20231472243315218,Online,Electronics,US,0
1023739,288,73.3171088539912,13,0.09411048596377461,0.2910355119180156,ATM,Travel,TR,0
14662147,858,124.0375378358541,18,0.1523492485567117,0.04072776247552795,QR,Travel,UK,0
2028102,41,45.399207691523664,16,0.07489242767631712,0.17200070593703407,Online,Food,UK,0
14276692,969,69.11551458058997,18,0.05688239300532129,0.2805314179550754,POS,Grocery,US,0
210016,255,30.132523000415375,17,0.07556100684356203,0.265787599941035,ATM,Grocery,TR,0
14862250,663,3099.6091518912413,20,0.7573280345586112,0.8566215891051914,ATM,Clothing,NG,1
14539270,892,1977.3562818273424,8,0.6989897908708458,0.9399517359567389,QR,Electronics,US,1
12259569,782,87.32686569284175,18,0.16697696781098967,0.20307696775147757,QR,Food,DE,0
15953030,308,117.72249442400688,7,0.7637214570027371,0.8243524073687598,ATM,Food,NG,1
12616401,805,1720.7126371233398,0,0.7398899963134489,0.8985569653866812,POS,Clothing,US,1
269380,688,1683.9041565938992,6,0.7769455774079271,0.877688541703922,POS,Clothing,US,1
4425648,236,27.1901389216347,16,0.14458703238399706,0.13132241357359062,QR,Electronics,FR,0
6873399,861,38.55566152306331,12,0.11515332868284271,0.02657366082115603,ATM,Clothing,DE,0
8566448,197,107.60014970408712,12,0.27319891421714415,0.03380290147869894,POS,Travel,DE,0
6471939,399,94.592669211409,16,0.25513741916386057,0.09852275270922611,ATM,Travel,TR,0
10758288,493,8.15003080767984,14,0.21847378818824062,0.28459825359807367,QR,Food,US,0
4245141,238,76.02487964008444,18,0.010403953388455792,0.2812788156036223,QR,Electronics,UK,0
5581138,669,97.6621625836866,21,3.0274785175044003e-05,0.1860105128408385,QR,Food,TR,1
9589798,887,116.72698754179893,18,0.26612305222675364,0.20259894485889707,QR,Electronics,FR,0
16367228,620,105.05146977768473,16,0.15187232246238214,0.20552670498095288,ATM,Food,DE,0
10911838,129,165.09401876796966,7,0.0890108613399882,0.15642090296966865,QR,Grocery,TR,0
3893869,537,44.38713480268961,10,0.1750589086274068,0.2154636757161589,ATM,Grocery,US,0
6128978,436,2254.7483029764094,9,0.8331248804493065,0.7535777190905588,QR,Grocery,TR,1
10762077,78,59.67004660715362,15,0.05914735320664287,0.19685762903565895,POS,Electronics,FR,0
3840666,693,118.83387180653858,18,0.2756044981149107,0.09263202109169416,QR,Grocery,TR,0
14429325,727,40.46057077853193,16,0.26429037599792404,0.26612237689051166,POS,Clothing,UK,0
6607596,989,1621.7087978831546,17,0.747842067785446,0.8841466505136302,ATM,Electronics,NG,1
14793076,656,87.72154711831439,20,3.0274785175044003e-05,0.16580974426411593,ATM,Travel,FR,0
7522400,630,79.80711529310359,17,0.06223505408712408,0.23522293780488143,QR,Clothing,DE,0
13734975,34,72.5507991313584,8,0.08969776093477617,0.1735241121844424,Online,Clothing,TR,0
12653841,894,17.92249867108677,12,0.1591450484201489,0.23613188139491356,POS,Electronics,FR,0
5811926,155,111.62013834059609,20,0.19583562944002975,0.11535050006831796,Online,Travel,DE,0
3605017,400,45.61880715482466,12,0.18981084713358679,0.1629070862436118,POS,Food,US,0
12976504,628,56.89954892069184,18,0.044421010529355084,0.1517999793045077,QR,Travel,TR,0
7353055,527,37.54163071630224,19,0.26569860309805937,0.20598956929546977,POS,Clothing,US,0
2559583,548,160.11086055046502,14,0.06485125448709554,0.2997070001515855,QR,Clothing,US,0
7634373,649,95.51264762807688,9,0.0473001119455084,0.08397838169900443,ATM,Travel,US,0
9190154,560,2036.2435288586528,4,0.7458842030576601,0.19052251118083524,POS,Travel,NG,1
14295276,664,1609.8935048558774,6,0.7235562645939493,0.801006078923258,ATM,Electronics,US,1
6308133,264,33.765294821634335,21,0.757043394193446,0.12542455953726975,QR,Electronics,US,0
10442276,664,34.86545206373856,12,0.12192472517292555,0.22955893671583652,QR,Travel,TR,0
11466709,128,83.50595523656987,18,0.02599867236062344,0.22166196022290707,QR,Clothing,US,0
7347553,463,68.71287914832442,21,0.013452050800116626,0.12647734702111693,ATM,Grocery,US,0
10979959,575,69.78959229999833,20,0.2620262819424111,0.17501377586643482,QR,Electronics,TR,0
15199836,887,95.16460260973301,7,3.0274785175044003e-05,0.16918461107242494,ATM,Food,US,0
3004271,89,10.281351890069004,14,0.06065911137478823,0.18789557789924083,ATM,Food,FR,0
12158536,984,21.44900991131233,19,0.1726155615333588,0.23868143435013517,Online,Food,FR,0
3593640,372,68.01314193403127,14,0.1475401923635056,0.03396117408470703,ATM,Travel,UK,0
2581029,519,11.443996917557513,17,0.0876576824040528,0.22826410099549227,QR,Food,DE,0
11403597,427,475.01379856248445,15,0.8322529136561121,0.861491501562342,QR,Electronics,US,1
3245292,546,78.7782328709919,19,0.13793542194543867,0.058148291168944224,Online,Electronics,US,0
15834813,654,48.045352988343666,22,0.21545573542116767,0.1334940347760075,QR,Travel,US,0
15059856,638,78.72275045106203,18,0.00198403216898203,0.0732915107980234,POS,Clothing,TR,0
15545070,282,60.744897544024234,16,0.14616547401522456,0.027452800905326587,Online,Electronics,TR,0
13489889,790,54.55473024114888,18,0.08572956389638946,0.275987060444033,Online,Grocery,TR,0
3754972,679,20.63208164072681,9,0.12462847618350487,0.21780826955922214,QR,Clothing,UK,0
2532872,438,56.608312776980874,16,0.16287398212168053,0.020091457999655143,QR,Food,DE,0
8471031,104,40.78807094092539,12,0.08737377630710419,0.04719002961858798,QR,Electronics,US,0
12057692,231,125.81581641176116,15,0.003198815059154786,0.17206935196599177,QR,Electronics,US,0
5905143,605,26.0613089609803,13,0.12997494967724688,0.2636621616036632,QR,Electronics,DE,0
5765592,442,18.55660137423918,18,0.13761609688575555,0.18415699788450007,ATM,Travel,TR,0
16287694,60,61.52985076526275,9,0.20012544489879389,0.1911239208132776,Online,Food,DE,0
5754648,896,45.59200211260656,16,3.0274785175044003e-05,0.12676092928441246,Online,Electronics,TR,0
11629772,196,50.57654123675157,15,0.04523542511281071,0.07705415767931156,QR,Electronics,TR,0
5034384,193,152.6567060041165,21,0.032229000489027854,0.2152829608282347,ATM,Grocery,TR,0
2175873,38,116.20797107077897,13,0.18767882296424776,0.09245991549370892,ATM,Electronics,TR,0
6295340,498,86.95967275779589,16,0.14553456406527285,0.19800428206364862,POS,Electronics,TR,0
5996208,424,704.7553324830952,3,0.7643649219357952,0.9830608790500779,POS,Travel,US,1
438571,540,44.76755042286613,14,0.2796176028423824,0.16391986736680447,QR,Travel,DE,0
8877246,535,58.22862798746873,16,0.02370909053568204,0.14369165935195835,QR,Travel,FR,0
1856659,371,133.13052850993563,16,0.7852567978524986,0.7992794445014049,Online,Grocery,US,1
7526380,34,76.95787384840254,20,0.12142971454506812,0.030004311285794415,QR,Travel,US,0
8374437,73,88.23393473065478,16,0.05828925959240747,0.26130800281854927,Online,Clothing,FR,0
8293238,591,119.59099623562321,20,0.13599523530540517,0.20094599218260523,QR,Travel,DE,0
4914542,361,39.76852455559903,20,0.02257061546143524,0.12596014493565102,POS,Electronics,US,0
15585442,617,68.37725417644309,16,0.7455981770996186,0.9986287939566262,QR,Electronics,TR,1
1627395,436,102.48350924983255,7,0.02213480321002171,0.05174314105439224,QR,Travel,DE,0
9966660,991,82.26206504496511,12,0.18071204001252303,0.21515502106434595,ATM,Travel,UK,0
15657304,180,64.86604807930848,13,0.17200193896705673,0.10920616917927224,ATM,Food,DE,0
5093189,75,19.80974714170199,13,0.0029142256945471207,0.7541118550731807,ATM,Electronics,TR,0
2794163,979,75.81722851871828,10,0.14698334701929563,0.2565149918702415,Online,Electronics,DE,0
9106966,902,37.63768435059571,17,0.778950920685265,0.8858423229558009,ATM,Food,US,0
8268571,870,116.06403854610774,16,0.13187148887907835,0.1574467977097107,QR,Food,US,0
5261355,148,2147.76234618931,15,0.8052007028080336,0.859458049475519,QR,Travel,FR,1
2310442,888,21.15287385150448,16,0.7489943422168749,0.9996026492679309,QR,Grocery,US,1
4367843,793,26.805519343972833,15,0.09620249351715619,0.18380035252679167,QR,Electronics,TR,0
9317542,928,1.0,18,0.079939740498286,0.04460703172075552,QR,Travel,FR,0
6066716,16,101.92805543265409,17,0.20010466196614285,0.1547769602830084,QR,Travel,FR,0
1394595,812,77.70534696000867,12,0.039469502937099006,0.057572248241096656,Online,Electronics,DE,0
5854381,277,44.260348416355,19,0.16166148316864595,0.04378490373254602,POS,Electronics,TR,0
1848617,267,72.08647232785893,19,0.8661779180964498,0.22908301721724078,QR,Grocery,DE,0
16635984,712,58.76645368443604,8,0.2605880401776676,0.22993361406739543,Online,Electronics,UK,0
9996871,560,95.56603166685552,23,0.19392175214360557,0.09033302842370816,ATM,Grocery,FR,0
2769523,971,15.20618552966205,19,0.05476037276284336,0.2523330383408674,Online,Food,US,0
12967485,117,93.69355474565822,14,0.27010022210356965,0.12391761811608203,QR,Clothing,DE,0
13160894,848,67.88743656500328,10,0.003008275581998912,0.1761973972002834,QR,Food,US,0
13447497,489,51.248149708960824,17,3.0274785175044003e-05,0.1969268084400258,ATM,Food,FR,0
5835571,534,83.18422507738059,18,0.10029180846330926,0.0756096303959261,ATM,Food,UK,0
611427,995,23.924355535162647,20,0.16534352307474567,0.10938969490470196,ATM,Grocery,US,0
9786526,386,45.58739488091503,17,0.25886958696415335,0.08364448581624763,QR,Electronics,US,0
11226176,252,17.524809195324437,7,0.08150487143651791,0.1571062321481704,POS,Electronics,FR,0
15064656,302,30.266441118957175,10,0.7837469854751334,0.2771706621730306,QR,Electronics,TR,1
5551538,962,57.53072619764252,20,0.08980300184434718,0.03630684196112365,QR,Clothing,TR,0
14913807,600,30.785155558579845,15,0.019683641810751384,0.20501327798952237,ATM,Electronics,FR,0
4292819,162,47.01088880519677,6,0.061229135476873794,0.13606679897597085,ATM,Clothing,UK,0
3136729,35,92.22243780906126,18,0.08184762426007962,0.06150657167893804,QR,Food,TR,0
2201393,391,28.15543410923489,16,0.14487197613863417,0.15476639093408756,ATM,Food,FR,0
7897162,848,76.4180005843142,18,0.12292276224142867,0.2114023427641904,POS,Food,US,0
16586540,273,75.060108929845,18,0.2451156149449367,0.02469231690586863,POS,Electronics,TR,0
8744342,400,39.07298099849614,21,0.15853739806381906,0.22178546861162013,POS,Travel,FR,0
15267858,241,28.490150041652562,7,0.2574280106928169,0.04037856020742212,Online,Grocery,FR,0
16067220,617,2831.4790518347572,5,0.7590402644603773,0.8385800789309019,QR,Clothing,US,1
6174256,647,136.7942933247907,15,0.2452304635758333,0.17895141508465687,QR,Electronics,TR,0
9327242,992,58.72158201705146,8,0.2563289023091341,0.1891269597576206,Online,Clothing,UK,0
16564952,922,34.843425209824005,19,0.06338455860355177,0.15571822278238157,QR,Clothing,DE,0
9182143,40,34.85998097610488,9,0.070183241976709,0.06745816688688544,QR,Travel,US,0
13768041,253,57.45915818769407,9,0.12195107373864938,0.19998021191710516,Online,Food,TR,0
1980746,49,70.49436747657516,18,0.7972645821492674,0.813158690238054,QR,Electronics,TR,1
2160284,805,59.54032727221765,10,0.1617330187455941,0.20523055785540956,QR,Grocery,TR,0
15892465,112,99.00989783344964,21,0.03825706840146363,0.10313242570562506,POS,Travel,TR,0
16050863,714,149.01711121386506,16,0.06363939922324666,0.09835975703246358,QR,Travel,DE,0
5445595,661,100.02132283795703,18,0.04792784799227503,0.10513774527651132,ATM,Electronics,TR,0
2896920,325,101.00451156178363,17,0.01906504927164565,0.14200924904066375,QR,Travel,DE,0
15339957,383,13.170599074551333,15,0.13954710157341207,0.12138442140541589,Online,Food,US,0
1112812,269,1522.5962475037686,2,0.8740944576336651,0.8188704746136122,POS,Food,UK,1
469248,97,74.60268213291677,22,0.17680159360485362,0.22985821421553054,QR,Travel,DE,0
16168113,416,65.29474496311752,18,0.12909335482059356,0.04672040754240294,QR,Electronics,TR,0
3792686,112,1470.6848347237833,5,0.7103256341015943,0.9588339570094871,QR,Travel,US,1
11129578,132,48.557464382180804,9,0.12465471166525566,8.804990376776178e-06,Online,Travel,TR,0
5032057,319,11.80770849979362,21,0.016311950645681805,0.16969620997267615,ATM,Clothing,FR,0
1736312,579,95.60935339812242,16,0.2666361218464578,0.18120358206813797,ATM,Travel,US,0
6762916,379,100.11523644557651,17,0.13466781157233643,0.05843903833038174,QR,Grocery,DE,0
11116644,318,49.84477844662565,21,0.11859037014735227,0.11487741386716974,QR,Travel,UK,0
15929282,903,150.46343595687415,18,0.03352123753017651,0.053658893209968236,QR,Electronics,TR,0
14595795,889,132.65338189806783,18,0.10914038729631437,0.026420556858194548,ATM,Electronics,TR,0
15009007,389,130.56638193176292,19,0.2515591846679246,0.24991734600878857,ATM,Food,US,0
5432703,406,1.0,18,0.16206539489623706,0.23472461320004578,ATM,Electronics,US,0
6060465,947,1.0,16,3.0274785175044003e-05,0.23027603377068412,QR,Electronics,US,0
8083263,648,1430.9099807257273,7,0.8621690174857669,0.8186079081380857,ATM,Clothing,US,1
13859619,518,50.46686823185937,23,0.04203230974774417,0.050059677340413104,QR,Food,TR,0
15488404,617,2399.7147423132014,6,0.7097727495536338,0.9046887650503674,POS,Clothing,US,1
12508739,280,94.241900680732,21,3.0274785175044003e-05,0.10926985480822768,ATM,Electronics,TR,0
8760180,322,1.0,18,0.026787938856290584,0.21715859683994254,ATM,Electronics,UK,0
2533246,257,57.507757142087215,9,0.03945930818469978,0.19685443053434676,POS,Travel,TR,0
16730872,335,1.0,22,0.026181967612146057,0.1444093509406592,ATM,Electronics,TR,0
9860693,774,112.79152481300436,7,0.193227635188578,0.18251665675071413,QR,Food,FR,0
2164787,9,46.59194740710114,15,0.05629131022897544,0.05519349904069247,POS,Electronics,DE,0
3939276,21,109.68135295795939,15,0.0978870961851277,0.20685400704525841,ATM,Food,TR,0
5598876,71,77.59455992647958,7,0.09741552837217433,0.03642790792485811,POS,Electronics,FR,0
11376110,366,103.51818991947303,16,0.1789329197365524,0.23107160890777342,POS,Electronics,DE,0
2154608,554,95.92954901752316,7,0.08518198806460488,0.8841425659572603,POS,Travel,FR,0
9973865,728,53.51104575697916,12,0.006884758132015292,0.1342712384591847,ATM,Electronics,TR,0
70308,719,16.29484727700654,21,0.2388493876842533,0.15278109366404752,QR,Clothing,TR,0
15412374,821,124.49974311078972,12,0.019540783491123086,0.23340358566515146,QR,Travel,US,0
15721548,56,62.738523038463086,20,0.06859195646614484,0.19005856089571987,POS,Electronics,US,0
11577674,967,12.733550922334288,20,0.19308980802059472,0.13435575876975214,POS,Travel,UK,0
1846938,44,49.999874377224494,16,0.07167838222921173,0.1315654918898459,Online,Clothing,TR,0
8423834,203,14.016757527417255,16,0.11659786069158165,0.1676621230631928,POS,Electronics,DE,0
16202325,417,58.67627004743289,16,0.08078554953051108,0.05978254347551701,POS,Travel,TR,0
4945301,183,72.22582974694564,10,0.7477418432340585,0.8609951072646198,ATM,Travel,TR,0
7844188,590,109.10965110007425,18,0.08293159664250853,0.23717404323472865,ATM,Clothing,TR,0
15295534,226,23.354088108289375,10,0.030922375829424267,0.10984829689748432,Online,Food,TR,0
1456489,792,42.28207476552093,8,0.0499716221299372,0.18133878641811585,Online,Electronics,TR,0
3123934,749,2964.6079126065774,6,0.722531420720067,0.7804310684832381,QR,Clothing,DE,1
7488107,344,140.01718175370968,15,0.02623792364640901,0.11835772226995181,Online,Clothing,UK,0
13902919,345,2108.0694050635675,6,0.7732146486530431,0.8365933372711217,Online,Electronics,US,1
2887233,370,73.2889322745253,16,0.2774052357180913,0.06636060203571753,POS,Travel,US,0
14233386,260,62.791163603162886,8,0.7890168185594011,0.9686146288590646,ATM,Clothing,US,1
2870171,215,45.87443818336877,16,3.0274785175044003e-05,0.1743217370151792,Online,Grocery,TR,0
10222195,622,70.39375797284802,16,0.013232164213376672,0.13092920890067253,ATM,Food,DE,0
15345774,903,158.43234524545403,17,0.667483421271901,0.15173070669719732,QR,Electronics,TR,0
8322806,674,1882.0428932115558,3,0.7340505361006318,0.8790280265662354,ATM,Clothing,TR,1
9148649,695,80.19662146370081,17,0.12850598360498522,0.042066577722952976,QR,Food,UK,0
14366511,787,88.02644450848837,22,0.8214422403666054,0.27934212342585146,ATM,Food,DE,0
6123663,150,142.94529274738008,18,0.08116688518652622,0.1958807679652051,ATM,Grocery,DE,0
11672468,191,1.0,7,0.007788387738137781,0.250902416464489,ATM,Electronics,TR,0
8686702,843,143.0260992764844,11,0.13214634038670098,0.06071144672862152,QR,Electronics,UK,0
8065625,291,108.81322205627583,21,0.05962096191214772,0.15273371911912417,QR,Travel,FR,0
6212647,943,95.57435270872413,22,0.09302236172576442,0.10063427814726646,ATM,Food,UK,0
2522545,401,130.49802995431807,16,0.18005536080793494,0.1121559889351828,ATM,Travel,US,0
16574933,793,43.333611666168906,15,0.019110665575273408,0.21557979531752386,POS,Food,DE,0
7167082,967,16.222486638086693,19,0.12525335454991654,0.20061910811776523,QR,Travel,UK,0
5036253,66,75.85500717577385,12,0.26291190185135305,0.10659211330201718,Online,Electronics,TR,0
1266095,576,168.27081391366386,23,0.13908240808011038,0.28213730464363185,QR,Electronics,US,0
11579546,24,744.4192339691464,16,0.8085581812924414,0.9245734607754859,ATM,Clothing,TR,1
8833122,251,52.81560993296231,12,0.0838544619468668,0.028671185655704205,ATM,Grocery,UK,0
7170548,185,101.78041015281961,17,0.1816112556834475,0.23763222639963066,QR,Electronics,DE,0
8850008,411,53.96066019040485,21,0.25227778982559246,0.03996385413558862,POS,Food,FR,0
1959084,845,21.374066141635844,20,0.03463648625420864,0.21515766182938717,POS,Electronics,TR,0
1451160,735,20.60826631808606,17,0.11124264155580368,0.28625594412825583,QR,Travel,FR,0
3405115,103,108.47145781547289,18,0.17394389058858273,0.16990810445376162,QR,Travel,FR,0
16642022,976,2580.3538618658577,10,0.8064119419140883,0.026653971706271505,QR,Travel,TR,1
10170817,154,68.25265989513818,18,0.7489122953244125,0.916232681455655,ATM,Travel,US,0
11846109,218,72.91859888883866,18,0.07691808683323034,0.11266759356112417,ATM,Electronics,FR,0
10893088,391,69.12137008662117,17,0.7988844996748407,0.1132887299805109,QR,Grocery,UK,1
7733694,706,56.62111629368711,15,0.013218961654715922,0.10487651599478115,POS,Travel,DE,0
13535435,343,97.00969230558567,22,0.01618421429870638,0.2105916032037825,QR,Electronics,US,0
12389721,733,124.23588627410884,17,0.187826167222192,0.2760299398127808,QR,Clothing,UK,0
13731845,349,709.1161034319814,4,0.741605206339576,0.8950016402399618,ATM,Clothing,US,1
14838645,776,123.4511711796867,15,0.17040637666307817,0.20142806863881846,ATM,Travel,FR,0
14064114,400,68.22192837868963,17,0.046493520981302265,0.033709636467415795,QR,Travel,TR,0
5005546,790,76.34422771031245,17,0.10036078968687814,0.06563813971076751,Online,Electronics,TR,0
8864804,166,54.555196338833284,20,0.04005803039926016,0.0275983188623905,Online,Electronics,US,0
11630316,898,58.98956368099124,17,0.05971086241595138,0.1538861318285285,QR,Travel,FR,0
11807105,810,1.0,17,0.00032405186910684086,0.05795123680926073,QR,Clothing,DE,0
11190159,369,73.3312939870247,15,0.021712691021650788,0.218737648000833,QR,Travel,UK,0
5233273,184,94.91230444803728,23,0.10405385330460662,0.03708206675686304,Online,Grocery,TR,0
7908192,440,104.98620212808872,16,3.0274785175044003e-05,0.09614305427329632,ATM,Travel,TR,1
10060154,44,608.0580117024163,0,0.7673860587462438,0.9577385058739862,POS,Food,US,1
10019645,328,1.0,19,0.10472260897341898,0.21045308397496088,QR,Food,UK,0
10933724,551,56.03083752434715,16,0.20952137302398133,0.021427411012383615,ATM,Food,US,0
6009442,389,58.702989352884565,17,0.2727986012611719,0.0950611270261585,QR,Food,TR,0
220172,973,124.80370905255009,7,0.011703630847446942,0.15513894364374536,QR,Food,UK,0
15717391,531,104.35009201185682,14,0.14946559268968587,0.11211068888895036,QR,Food,FR,0
8434952,913,71.83477053729973,7,0.19561257822548378,0.2069367685247344,ATM,Travel,FR,0
11889202,348,1.0,18,0.007750807155949807,0.10385879718740924,Online,Clothing,DE,0
10294081,737,87.71512124381371,18,0.16351484099693614,0.09308747550430221,QR,Electronics,TR,0
5404699,937,23.892951457045214,20,0.17113063112551039,0.22120240442964423,QR,Electronics,TR,0
11998028,94,94.74709608793985,15,0.14970823775718614,0.16388215046040724,Online,Travel,FR,0
10521422,984,106.44756666369936,23,0.18158077585578117,0.16771569346011594,QR,Travel,FR,0
10410973,709,52.658314673890146,9,0.16945329439401852,0.1825839996429225,ATM,Food,FR,0
9479454,863,97.09552813527237,18,3.0274785175044003e-05,0.1748060906329938,QR,Clothing,US,0
684399,128,67.35645734714296,15,0.07168408304120868,0.21357178678983835,QR,Electronics,US,0
8664297,635,81.61770388620006,11,0.17197509430671723,0.24174579677507912,ATM,Clothing,UK,0
2161027,871,9.49680351663676,9,0.04640125273153688,0.1883198035152082,QR,Electronics,US,0
108549,30,29.29657367895299,9,0.20133370187723235,0.18613395615637576,ATM,Travel,US,0
7329162,760,37.801377814898004,9,0.07524900140504269,0.1936308515362378,QR,Electronics,UK,0
1741532,753,38.936150169539935,14,0.26943219696696125,0.893575597894978,ATM,Travel,FR,0
15375857,233,98.41866607515291,14,0.11240041426168063,0.19319284130081046,ATM,Travel,DE,0
15966923,427,2904.5258079721966,10,0.8189906454597476,0.835266996231405,POS,Clothing,TR,1
12155677,945,1.0,14,0.7177895480071392,0.982361473522678,Online,Travel,US,0
2034419,203,335.03947297984405,7,0.7740487315775157,0.8213634365488964,Online,Clothing,US,1
4429775,663,1292.2114366062967,19,0.7330172357114964,0.8865187627975534,QR,Grocery,US,1
8081827,838,63.69469313970884,20,0.06563851249735568,0.28438023165859094,ATM,Food,UK,0
903442,349,80.41835140374778,19,0.1739851593581254,0.28171610639485467,ATM,Travel,US,0
7679636,939,68.34162124582875,19,0.2537585385954334,0.18388818162936515,POS,Grocery,UK,0
3123000,598,84.3082664981853,20,0.14047377459399207,0.21745773596952844,QR,Electronics,FR,0
417036,428,16.54041950150554,9,0.05502439060439321,0.24204638779210974,QR,Clothing,TR,0
13076332,821,60.48281614937451,16,0.024016763640941314,0.2414468502768537,POS,Grocery,TR,0
5297348,698,51.64436477163545,20,0.27956036817658647,0.2886168786520002,QR,Travel,UK,0
2790142,166,31.096135879295943,20,0.150795325963426,0.03406218152214072,ATM,Food,TR,0
7396109,437,115.95905913203873,8,0.025428233964131013,0.25670167538793454,ATM,Electronics,TR,0
11484941,955,34.90730678598621,16,0.11281431212253326,0.06632935939578308,ATM,Electronics,DE,0
2195254,137,56.6027074659498,19,0.13302915528931014,0.0730546298307657,QR,Travel,US,0
4332741,287,126.0664566921676,17,0.06537205920049098,0.14660050079049447,ATM,Clothing,TR,0
4146023,257,32.74857025441451,19,0.2132438000225011,0.14479341005934462,POS,Grocery,US,0
15814166,519,1.0,15,0.02972019279970548,0.29858012665378675,QR,Electronics,US,0
16548406,354,85.38649390682163,12,0.03157606534893972,0.23879226650071328,Online,Food,FR,0
2898302,21,8.423329824745963,15,0.2648595441495988,0.23945628062956306,QR,Food,UK,0
6842182,257,43.333080931145616,17,0.9801113769459946,0.2820219183321388,POS,Grocery,US,0
10420968,545,11.693695518642954,21,0.033475248608521815,0.25505306519466364,POS,Electronics,TR,0
11450225,133,34.73934603453487,11,0.6138731173909181,0.8489785882795186,Online,Food,TR,1
3618539,873,81.0551119589235,18,0.1637139708542623,0.13877945780284215,Online,Electronics,TR,0
16255029,291,136.7901933936531,17,0.20177868430828852,0.2600580291362372,QR,Travel,UK,0
8944621,438,111.74582029213082,20,0.13449170176977782,0.13826100791014234,QR,Food,US,0
7304771,111,12.755844812652995,18,0.08513948407533971,0.14293658543336357,QR,Electronics,TR,0
6113625,22,1.0,11,0.2662344887891912,0.2986231965230198,QR,Travel,FR,0
11299402,420,19.64609453591956,20,0.01737316321598552,0.14321751308026123,QR,Electronics,FR,0
2554154,673,61.517000773384886,15,0.9162735061934841,0.030248909560945683,ATM,Electronics,US,0
9066784,126,79.85860594174429,16,0.9607526320550234,0.8939994481124581,QR,Travel,UK,1
900071,652,35.70474351438443,9,0.08651098524762713,0.28066658335653677,QR,Electronics,DE,0
3218563,826,47.24165076851059,20,0.21111159101329474,0.024312434589143964,POS,Electronics,FR,0
1287443,250,34.15366864410155,20,0.8968126590528427,0.8875381737029844,QR,Food,NG,1
10784452,897,1119.2760035055394,4,0.8373063798146803,0.7732852509549691,ATM,Clothing,NG,1
13085567,507,54.571265188580924,21,0.26260418405872304,0.14627341963383622,Online,Food,UK,0
7344878,507,63.15054004333932,20,0.13932077857588937,0.2152965133932374,Online,Electronics,TR,0
11886924,365,24.143868993024512,7,0.09080686800721663,0.15122016406712824,ATM,Food,UK,0
13180723,90,18.917965606788712,14,0.16740468821515447,0.14889533464924745,QR,Grocery,US,0
2818347,400,90.91844085958049,10,0.15086156476183923,0.24553539020442836,Online,Grocery,US,0
2456401,70,37.40389274977853,18,0.014990978080466713,0.21592217287462923,QR,Food,US,0
16404057,772,1.0,17,0.04810604660585409,0.12783110550566437,QR,Electronics,FR,0
11403495,300,42.80190454629731,16,0.045347732731295665,0.1296080043516373,Online,Food,DE,0
16659523,589,6.096581836532209,20,0.6930363601455665,0.23276197328561404,ATM,Electronics,US,0
15423243,62,96.94886318156284,18,0.08166506743835836,0.8347360656242824,ATM,Travel,US,1
10209447,737,138.9376944838921,8,0.09462235136333819,0.04766753563684061,QR,Clothing,TR,0
1376090,235,1.0,14,0.8842633416227688,0.27799231575758304,POS,Grocery,US,0
8851930,667,86.88084413866206,16,0.19895554248686761,0.2133013901310559,ATM,Electronics,FR,0
2188252,961,101.67405892775898,12,0.2654584416495281,0.10567612607198983,ATM,Travel,DE,0
1499883,51,94.2233056440643,18,0.09291879653618956,0.2116534778311674,QR,Clothing,US,0
1476116,9,28.675731029042495,14,0.6442249032369735,0.8555612016504557,Online,Food,TR,1
13210148,468,81.18015269487138,16,0.16204914199242437,0.11381722341558889,QR,Travel,DE,0
5021028,760,133.70559969583,19,0.04614544116166791,0.1548879479029138,ATM,Electronics,US,0
12754026,178,83.1343706180559,17,0.061881013868475415,0.09269200384662286,Online,Grocery,UK,0
6185648,15,60.154264563450994,18,0.1531356972669152,0.16495521271015146,QR,Food,US,0
1449543,366,94.6818610910757,15,0.2218710927394206,0.08740642637485048,Online,Travel,UK,0
7320044,267,6.827906468037327,10,0.17336497093774017,0.06490567741198522,QR,Food,DE,0
14880729,587,146.00566710074324,21,0.12158147323691967,0.25235292492771966,QR,Grocery,UK,0
13114729,739,1490.2400068502886,3,0.7362448093653641,0.7925516123272722,POS,Clothing,FR,1
4293661,805,33.10949858406266,16,0.1857665257715467,0.2253724399282208,ATM,Travel,FR,0
14537552,900,127.45952602316287,8,0.14248799241570118,0.16496354614417766,POS,Grocery,DE,0
767687,382,52.257350824919676,15,0.07043470518502615,0.1621450348083963,ATM,Electronics,TR,0
2150033,964,16.570900886597173,16,0.18495960620943652,0.28349281224284073,QR,Food,UK,0
6653456,712,65.47230600827729,22,0.02077861821370028,0.1600080516449899,QR,Travel,US,0
537214,865,2275.735010524816,0,0.7364762583595548,0.8269982562514723,QR,Food,US,1
2001720,137,1757.226427371099,17,0.7440535709455812,0.9528652159084203,QR,Travel,DE,1
15079774,407,73.93535931751792,10,0.15813718418553835,0.2714944966228538,QR,Electronics,TR,0
14424674,433,1020.6547872947663,9,0.7656529624755662,0.8421513184858013,POS,Clothing,DE,1
3209090,681,106.39472583910816,23,0.07993093021973427,0.045945562731955686,Online,Travel,US,0
5240792,693,35.44719128737674,15,0.16390616397539934,0.2248478345409467,QR,Clothing,DE,0
6283012,567,99.11761316209666,12,0.15983667357810882,0.005879629292843427,ATM,Travel,TR,0
14783460,969,95.27901632434344,10,0.07592018753332735,0.051085864054649294,QR,Travel,FR,1
2764186,468,47.57594891389003,20,0.10959436433323602,0.02281855342617143,QR,Clothing,US,1
2738227,507,57.508095909123355,17,0.04268637412770294,0.3061890914478906,POS,Food,UK,0
1712345,61,97.61952767110648,22,0.12825348024487707,0.03217328818432579,QR,Electronics,US,0
16561718,426,121.79995612432188,18,0.02345468844392662,0.12649211787837172,Online,Clothing,TR,0
8460899,402,29.018835524372335,17,0.0362538639897869,0.13784235413632911,Online,Grocery,US,0
9902272,959,1801.5560125927698,5,0.6870606279730396,0.9829940119271275,QR,Travel,US,1
1135698,872,42.57494078817289,15,0.08001283827360561,0.2888136382792617,Online,Food,DE,0
15736893,191,2.4610884597244933,19,0.01627830632260653,0.21715418764917704,QR,Grocery,US,0
5625303,998,103.47781518314534,22,0.7484517836348736,0.7918154540220054,ATM,Grocery,US,1
7525417,42,120.80738845338267,10,0.19220490143162175,0.20636233544307647,Online,Travel,UK,0
6212325,457,3.529167468377267,6,0.19901272190056504,0.21745224306142846,POS,Travel,FR,0
7068144,617,15.201555393736498,11,0.036021942433764755,0.18422460732728368,QR,Travel,FR,0
12593900,203,55.854969233925274,23,0.2422488462657248,0.19277279670184946,ATM,Clothing,FR,0
16192511,980,49.53843772591687,18,0.10473424382519146,0.1834698471609285,POS,Grocery,DE,0
1867232,502,108.89518205535006,19,0.09371838972192813,0.26350866647927457,ATM,Electronics,UK,0
12475164,768,109.60676770994861,19,0.19519745465953467,0.25650044314101833,ATM,Travel,US,0
4672705,272,44.045108088945526,7,0.19559294115463965,0.1271520531789502,QR,Travel,US,0
10325685,656,11.405693658004438,17,0.025639008888404292,0.1475605062880728,POS,Food,UK,0
4401579,316,106.95092025702432,17,0.022536946476921154,0.12522593458654502,QR,Electronics,US,0
8913317,67,65.09857626297327,13,0.27501243954791127,0.1489271527358831,QR,Food,DE,0
9282543,71,37.55467949586327,12,0.03391970267526892,0.054187624875069534,ATM,Electronics,FR,0
8216374,323,60.00837872312992,22,0.8315622478419159,0.8753832855703328,POS,Clothing,DE,1
11859753,47,41.11616556152992,14,0.26163325456005443,0.2099909385036804,Online,Travel,US,0
9724311,821,2063.9402237380923,5,0.7459761360453274,0.8796833688102437,POS,Electronics,US,1
7662064,289,63.96998114172369,18,0.045966073193860715,0.07311609368921479,ATM,Food,US,0
8101085,28,34.870260708006896,19,0.059773504500139504,0.042531152197365134,ATM,Food,UK,0
1977349,504,2092.0875707868413,3,0.8036201867052848,0.9759009946278767,QR,Electronics,NG,1
14529591,63,1.0,19,0.03816289986926237,0.059222920889267006,POS,Electronics,TR,0
5443019,184,95.00552897700423,9,0.036175853983422435,0.2850466604557427,QR,Travel,TR,0
732574,239,77.61875469780065,11,0.12206437242833185,0.18784938417494937,QR,Travel,FR,0
16336134,847,17.09226023607704,17,0.100882156312137,0.1461121107224327,Online,Electronics,DE,1
6663027,7,64.77650640694112,6,0.08059663510798379,0.1996218715805558,ATM,Clothing,UK,0
14410293,383,2118.3966698142535,6,0.796436998315191,0.7982121875031571,ATM,Electronics,TR,1
7590739,892,80.46209004553,15,0.03371184957499974,0.1093304997514975,POS,Travel,DE,0
16601839,798,1.0,20,0.20718824729857516,0.16382397653602968,ATM,Electronics,TR,1
10303509,619,58.08946813513904,9,0.0046716603808941125,0.269929169874094,Online,Travel,DE,0
14081772,766,59.88194521912463,20,0.22996066868351042,0.1914785726814578,ATM,Travel,FR,0
5767212,812,106.85424426949051,10,0.20888789178169437,0.16122038356520935,QR,Electronics,FR,0
10450519,688,1863.5547226371948,1,0.7675706010228632,0.8240113510266032,Online,Food,US,1
10919236,430,1.0,17,0.8533145009883826,0.9015805026906394,ATM,Grocery,US,1
1520641,823,38.61113142894846,16,0.0707371894054503,0.13585141569904075,QR,Food,US,1
10202340,944,66.79634817229311,7,0.0030952461220022515,0.2984612275356924,POS,Electronics,FR,0
9714951,699,52.979771529491536,23,0.11316446900031514,0.03978859901734036,ATM,Electronics,US,0
4310312,696,124.28357021891051,19,3.0274785175044003e-05,0.13784738453824957,Online,Electronics,US,0
5362873,65,39.101019616854124,18,0.07210507739179994,0.03688548789979615,QR,Food,UK,0
7062895,715,25.764204624166887,17,0.11802421372428087,0.27189163803146615,ATM,Food,US,0
15170990,651,28.755280416371484,21,0.0263975312114862,0.17213928135254258,QR,Clothing,TR,0
14290016,142,23.957955248632828,23,0.2593047087718444,0.18227233705053367,POS,Electronics,FR,0
3322230,233,40.56479528025952,9,0.10141598146859834,0.21812671640273198,QR,Travel,UK,0
10895140,990,80.44426442761215,18,0.16758820377948813,0.09209953889734253,ATM,Food,US,0
10455528,712,152.22114566224639,15,0.04422685788276561,0.22482972933840828,QR,Electronics,US,0
4357063,893,64.26768826784553,12,0.020833067938735777,0.18793475469410098,QR,Electronics,DE,0
15752018,101,145.0732458914187,18,0.2662298159641626,0.05081989602918775,POS,Electronics,UK,0
5583099,598,81.54066009226413,19,0.08943974416561923,0.06366325678529378,QR,Travel,DE,0
16046047,265,126.95039514247223,11,0.13388756910780447,0.21803308695541046,ATM,Travel,TR,0
15854024,909,133.16520193716096,23,0.20151402226271656,0.1261565477639044,ATM,Travel,FR,0
8633840,10,134.1133459046666,13,0.11137644151544829,0.1995280753681821,QR,Travel,TR,0
2035253,463,130.15169129796664,18,0.019968203347357112,0.14443152600492165,ATM,Travel,US,0
12891882,883,43.30146832055634,15,0.10713943287742932,0.18126346465893856,Online,Electronics,US,0
3355783,230,1898.5521867079408,14,0.8184494092392018,0.8148231812482188,QR,Travel,DE,1
15491932,298,122.62745078303608,13,0.26629814204662533,0.022834603137749918,ATM,Electronics,TR,0
14228943,335,2301.24678851225,8,0.7175919470674988,0.9526661068153688,QR,Travel,NG,1
12610477,164,57.07295812037543,10,0.039571193816850564,0.1780413456684508,Online,Electronics,US,0
2389936,590,56.31478220617779,18,0.028107215176144836,0.17942551857310374,Online,Electronics,TR,0
7066971,343,91.89813039008509,20,0.18527104537025615,0.1082442048126227,POS,Grocery,US,0
16305269,371,66.6798083037418,14,0.010233570279379524,0.15183608857774797,POS,Travel,TR,0
10576655,795,2806.389936954674,19,0.8389856015401178,0.8859237973740297,POS,Travel,NG,1
504038,742,24.61894188600165,22,0.18927869929787766,0.18928584318734554,QR,Grocery,DE,0
16437784,580,41.792876724133805,18,0.0646456836032247,0.042421369568684184,Online,Clothing,US,0
10502008,97,104.67016000026494,18,0.013783370880761123,0.24270242958243082,Online,Travel,UK,0
396125,97,18.617262690619427,19,0.02780419997265473,0.28407883642757115,POS,Food,UK,0
2393081,325,112.582457055507,21,0.07858943279702102,0.20823820132358173,QR,Grocery,DE,0
16085622,858,81.14115322171538,8,0.0328524475878212,0.014890386129012294,QR,Food,FR,0
7813599,70,104.35087900339356,12,0.021584461725887873,0.03599041598379502,Online,Food,US,0
6437260,403,109.66374000718577,19,0.20404764740834505,0.1761396508103114,ATM,Travel,US,0
5150609,302,103.15940726715071,21,0.021394045049968266,0.27734312753366985,ATM,Electronics,TR,0
4386910,348,68.97372486028321,15,0.05632914484304777,0.01636751843155662,POS,Grocery,US,0
11387606,936,97.08801738777525,17,0.14737151458794934,0.1583248874953497,QR,Travel,FR,0
10513436,659,35.62196684743943,12,0.1308921050065231,0.19291942832403586,QR,Clothing,UK,0
9972867,980,41.42059421307757,17,0.2779883012393492,0.026871430183055683,QR,Travel,FR,0
8247248,518,141.7551990887991,8,0.04400353193939465,0.22725143299743433,QR,Travel,TR,0
16679303,799,619.7147217245771,10,0.7723259887647196,0.9078855928815253,POS,Grocery,NG,1
9990273,354,1443.4401318501716,15,0.7557774351655453,0.9073858341053693,ATM,Electronics,UK,1
8179737,176,66.10481374722875,12,0.7422256440386419,0.10099606161408531,Online,Electronics,TR,0
10638023,250,102.09877363419858,9,0.059887574469744936,0.25027507403253535,ATM,Clothing,US,0
172514,782,48.56569633279845,17,3.0274785175044003e-05,0.24169551753560659,QR,Grocery,US,0
2188213,825,77.99936652055227,19,0.06319250549503533,0.03490783457442308,POS,Clothing,UK,0
13322416,754,53.81769328355587,10,0.1761935253997684,0.26183199982183136,QR,Food,US,0
3694344,858,68.34307014848955,8,0.13332368959242435,0.11617571941240588,POS,Travel,FR,0
13325815,206,87.07406662248965,7,0.2201787792989716,0.14942334912626057,QR,Travel,TR,0
15090919,888,37.45751088953676,14,0.13736357376729896,0.11288021809891169,POS,Electronics,TR,0
11906169,866,31.62058330029126,15,0.012303625180760308,0.29714257759048,Online,Food,UK,0
16139629,622,46.350144382111644,22,0.17024149478909986,0.044823705235846674,ATM,Travel,US,0
10260631,448,30.823592062570228,23,0.09621831612846296,0.20411682299685718,POS,Electronics,FR,0
10686891,857,42.61576149352633,11,0.7536607990889626,0.10513710438614438,POS,Clothing,DE,1
9523205,930,62.23543321872448,9,0.04930141525253438,0.129501143427758,POS,Food,UK,0
14131511,900,1.0,16,0.005694408222941177,0.05273845200650731,QR,Grocery,UK,0
16277800,585,23.774355326791948,16,0.1627533051209722,0.02517216305541325,QR,Food,FR,0
8459278,696,142.6283777087187,13,0.016052742446723087,0.045370611864206406,ATM,Travel,DE,0
13632000,574,66.09362465353516,18,0.11687170628480276,0.15063057732346094,QR,Travel,US,0
2306671,871,110.04627809809678,18,0.207455179349451,0.11196446090931185,ATM,Food,DE,0
8361997,131,1404.6266658687543,7,0.8262780199872107,0.8631582289288403,ATM,Grocery,TR,1
2323586,96,124.87147359439447,13,0.03959423768609184,0.1734763389730708,ATM,Electronics,TR,0
483629,849,1872.9986771151714,6,0.7304289482185199,0.8497059153432386,QR,Clothing,TR,1
3338283,967,22.308577595301387,23,0.10435149083862671,0.03207216949129349,POS,Electronics,UK,0
904465,725,35.918277904776545,14,0.005051855993065086,0.14426747307117485,Online,Food,TR,0
1049065,742,68.29456421797855,17,0.25838742593187747,0.17536101679979937,POS,Travel,US,0
10917849,562,1.0,10,0.6707760738038807,0.9525724774815757,Online,Clothing,FR,1
8485170,363,111.10233566076266,14,0.21204265042778747,0.02769077377032301,POS,Electronics,US,0
11908688,697,72.68855662931138,17,0.11130100661583527,0.2677931144693216,ATM,Grocery,FR,0
619006,491,82.15060894478316,19,0.0887907371057134,0.295528771444802,ATM,Travel,TR,0
6197117,631,47.64169318882457,17,0.2239329020002584,0.04230813033845512,POS,Clothing,TR,0
2255315,501,1.0,17,0.6335375614594209,0.15037143759187063,ATM,Grocery,US,1
6233994,791,41.45741336111733,20,0.0007572198927330541,0.19520749866994902,Online,Grocery,US,0
8811833,209,60.14208427923696,14,0.08100072547678822,0.025112251539190215,ATM,Food,FR,0
12560312,598,1911.7575171012688,8,0.8476652515428831,0.8991349095393684,Online,Clothing,UK,1
1060940,186,123.50854609470068,16,0.26319668451968836,0.295234740267366,QR,Grocery,US,0
5432493,613,66.8998284713837,20,0.21118594934315715,0.23678391083817352,ATM,Travel,UK,0
953724,563,85.8194208538788,11,0.08015179397618355,0.2056679440247751,QR,Travel,FR,0
14843018,693,90.83917649615098,18,0.2631510790610962,0.21157344064381034,ATM,Travel,FR,0
11618312,150,25.294566235846588,15,0.051539753188099814,0.14813952752829834,Online,Food,TR,0
9507564,642,621.3750912652266,19,0.7795037612461501,0.9042260443400991,ATM,Grocery,NG,1
6458050,392,1.0,18,0.02388071753080255,0.18819044674224977,QR,Clothing,US,0
9455446,639,3107.007212881142,22,0.8027832171289865,0.8171046514931017,Online,Electronics,NG,1
15738591,906,45.5558125359999,15,0.010859058522938767,0.2008166875209663,QR,Electronics,DE,0
8532391,542,42.02890971070105,18,0.12731158442471857,0.04654437017234092,ATM,Electronics,UK,0
1247960,337,75.30761469501248,15,0.00037351434282499943,0.012908989858182368,ATM,Food,TR,0
10463078,803,34.44836208884109,13,0.774980278864392,0.2343519097427806,QR,Grocery,TR,0
16554076,914,24.462458411089365,16,0.032096809599421766,0.020458182347072067,Online,Electronics,TR,0
5452338,777,76.56967297941435,19,0.1948865866168861,0.08938984705253974,ATM,Food,TR,0
15401336,868,48.127502090370356,7,0.04126976593541,0.2725672485428851,QR,Electronics,UK,0
5870284,136,116.50833600443865,18,0.08132461340573663,0.19197584346208077,ATM,Electronics,US,0
12097570,825,93.48883641581546,10,0.03242485650539564,0.18873946716232917,Online,Travel,UK,0
6560460,799,71.14765220497031,16,0.17440505893254407,0.1673256969289285,QR,Grocery,FR,0
14915450,876,1.0,20,0.2592634990324698,0.17959738929749003,QR,Food,US,0
10271377,64,43.30424543655059,16,0.04672718566499234,0.26484077230651887,ATM,Travel,FR,0
2176897,810,110.25335018231769,18,0.22222090472821046,0.12491756646031062,ATM,Electronics,FR,0
6628477,206,51.11067621494574,13,0.054179494045244705,0.1349372201108721,Online,Clothing,UK,0
2796519,596,99.90550802756749,21,0.01247877880601328,0.1391775087443016,QR,Electronics,FR,0
1556437,185,1411.6775985715656,4,0.6858766058699126,0.9245712881974839,Online,Travel,US,1
906006,527,92.28026012609106,14,0.0001457667139569338,0.19347691007296278,QR,Clothing,US,0
461635,446,71.23581008912282,19,0.09694313684922391,0.21999267126497024,ATM,Travel,UK,0
644451,380,78.29774909076237,15,0.10353727377914591,0.06588227147530276,POS,Grocery,TR,0
9921258,46,155.36808152349334,22,0.291695773289124,0.16454713690491385,QR,Grocery,US,0
3451197,401,53.563698623571455,14,0.07975718744852112,0.2001819657587741,ATM,Grocery,US,0
10966377,393,69.39254746944246,14,0.008460185953131912,0.1629471197681368,ATM,Food,TR,0
11433950,230,1265.4153406477785,4,0.7267597443272454,0.9887966385919712,QR,Electronics,US,1
13806517,309,73.29920136227025,16,0.02978899321007266,0.15287578020276646,QR,Electronics,TR,0
9353602,504,102.05020917976947,20,0.01057206956511509,0.09638100764033844,ATM,Electronics,TR,0
7614558,880,81.09369232993205,14,0.08890224152376244,0.12355164001141741,Online,Food,FR,0
15374624,102,45.09072382204618,10,0.13492164674711912,0.22842719422212518,QR,Travel,FR,0
3206232,363,107.76960599330067,16,0.18908060898508294,0.16308293187935596,ATM,Grocery,UK,0
5057907,328,90.75941793044467,20,0.2779037603616687,0.19916448787555333,Online,Electronics,TR,0
2703085,390,54.18731615437603,19,0.27685587088188746,0.09595003987577985,QR,Electronics,UK,0
623163,848,60.0875652599796,10,0.20440609483939187,0.03150674023597942,QR,Food,DE,0
5412105,563,60.75304634345446,13,0.2716790296396608,0.20620387699467005,ATM,Travel,TR,0
2152150,546,75.12345562039084,20,0.1557697314651878,0.2710068220408771,QR,Food,FR,0
1722725,524,63.412269247567934,16,0.0779922819504429,0.13627211163897995,ATM,Grocery,TR,0
16585474,392,41.36941498309248,18,0.11558248549374989,0.26236858047153444,ATM,Food,US,0
9466654,435,50.89249962199538,19,0.042912355876216675,0.09024026068091794,QR,Electronics,US,0
3912174,886,152.67943950579325,8,0.15602627137505545,0.14751112085258736,QR,Electronics,DE,0
8834378,762,1195.3204041584195,5,0.7537407455985728,0.8703500848114117,ATM,Grocery,US,1
16314918,723,80.37787740612379,18,0.051605978408091814,0.09327757326611652,Online,Grocery,TR,0
1079398,460,15.80082707179308,19,0.022494888615017028,0.1784987233576985,Online,Travel,FR,0
4128424,52,3.2094341248985785,15,0.07162505368158467,0.16432667068262244,ATM,Electronics,TR,0
13469824,318,69.19562898388855,15,0.1769406391145814,0.13953892355864936,QR,Electronics,US,0
7914938,533,25.58144545428579,17,0.119148585275201,0.2369733169850212,POS,Grocery,DE,0
10669244,411,98.72716427661523,16,0.054088349074325574,0.1711553910615451,QR,Travel,FR,0
4735946,225,1.0,15,3.0274785175044003e-05,0.133151030163601,QR,Travel,US,0
11870947,67,61.66397904575749,7,0.015947513435547376,0.15088277322195146,ATM,Travel,TR,0
5536846,708,68.35480803724008,21,0.1530350109041566,0.03475794061399683,ATM,Electronics,US,0
6708018,873,16.469097748163207,10,0.6266903573482983,0.9137645231192268,Online,Travel,UK,1
9870992,809,83.91784154728371,19,0.09070063073580577,0.025066079411925568,Online,Electronics,TR,0
1488114,596,1.0,17,0.04993677233102893,0.05933129919829461,QR,Electronics,UK,0
5696674,487,34.821910994573486,20,0.017145518682751923,0.08647461733355594,ATM,Food,FR,0
7856310,103,47.90842335233525,12,0.16343891381926667,0.14136711621033948,POS,Travel,DE,0
16647611,877,69.55497354300124,5,0.8633703186056136,0.8365714030113945,QR,Travel,DE,1
11601560,295,58.773181854250076,17,0.09940571412539338,0.18874264627878493,QR,Food,UK,0
7496539,800,22.28897409492363,16,0.18304266884521703,0.16990083582491386,ATM,Electronics,US,0
11184703,19,74.90540410716797,8,0.029528499537421683,0.17996509189814314,POS,Electronics,DE,0
10943940,940,154.17070123030325,20,0.10508254523565862,0.13573312624571227,POS,Travel,FR,0
9032940,546,76.3622155341669,18,0.17921547882341798,0.18909186169824088,ATM,Travel,US,0
9758756,86,74.20472924961277,17,0.00627622209107807,0.15743159599721623,QR,Electronics,FR,0
8887474,581,29.859798297036463,15,0.0810883359594533,0.15007023701005415,QR,Food,DE,0
1805655,529,126.6344963149028,21,0.10589038558090791,0.056181891972148165,POS,Travel,FR,0
3338296,187,75.33714181869749,16,0.008426710332003949,0.036295102764158656,QR,Grocery,FR,0
13999524,701,88.87893115239387,8,0.12804089552481643,0.14358913317210187,ATM,Travel,TR,0
1327008,5,70.94479212782898,22,0.022387019064726833,0.19865443282089984,Online,Travel,FR,0
8130043,487,73.99598495365552,17,0.12169226288666271,0.20930662965056052,ATM,Electronics,TR,0
14057679,19,8.836625608838645,8,0.27104672010656394,0.2935247063402952,QR,Food,DE,0
6291501,116,110.98353183375423,20,0.2760482073162255,0.21880659233176017,QR,Travel,UK,0
5343740,607,94.84441412246518,23,0.08870020953999475,0.1831243309777667,QR,Clothing,TR,0
11979659,767,140.17085755805647,19,0.06709475615757998,0.2514249762270823,ATM,Electronics,US,0
7812782,891,55.845638790749774,12,0.09806070905765304,0.20873567967149867,Online,Electronics,TR,0
15215798,418,1.0,15,0.14237916487078636,0.1251465967449151,QR,Travel,UK,0
5893557,419,1587.2335996290471,9,0.6762790548831279,0.9674490956240751,Online,Clothing,US,1
4787165,309,44.6089600982295,16,0.26266131609273713,0.10529340442537802,Online,Electronics,UK,0
372358,602,44.977885229489154,14,0.017950483286458888,0.16541715591600548,POS,Travel,FR,0
14591182,904,71.70727203442456,17,0.09276560959427317,0.222485436643396,POS,Food,UK,0
3376472,797,42.925583709488215,16,0.116241043161087,0.28947636767989404,POS,Electronics,TR,0
9570766,956,2238.3287908188663,3,0.835547769665652,0.7424760100896067,Online,Grocery,UK,1
13171089,794,113.22438676117076,17,0.04040558359946203,0.049341358202599286,QR,Travel,US,0
14494627,882,1732.5713949389722,4,0.691770533078892,0.845665967801478,ATM,Clothing,NG,1
7673501,779,93.21567731450915,23,0.09092778994551935,0.21151830185584825,QR,Travel,US,0
9040503,170,1.0,18,0.14132812169920403,0.19713829960275198,Online,Food,DE,0
12290369,554,29.823962978407906,10,0.05715746850021666,0.129650132379828,POS,Electronics,US,0
1054324,823,44.894883592502225,16,0.016630493578735764,0.050870210658551615,Online,Food,US,0
3691893,266,55.76842591463899,10,0.06561804099366987,0.14293204435559467,QR,Travel,FR,0
7647310,892,136.30147904096015,18,0.14312376103170488,0.20274404838778953,Online,Clothing,UK,0
49807,432,73.90822628225514,19,0.14286782964685302,0.009007976541752782,ATM,Clothing,UK,0
9620521,365,23.263953560612165,16,0.05687303833061451,0.23150965566109538,ATM,Travel,US,0
5711225,73,76.02266368772496,17,0.13514475444674523,0.210863406583688,Online,Travel,TR,0
14099598,581,1.0,14,0.059795350756326596,0.19012115049756248,QR,Electronics,US,0
9973844,994,76.21224619032567,15,0.07249835931911179,0.25344204547195287,ATM,Clothing,TR,0
13003801,890,1639.7972300759234,6,0.7880588680304925,0.7868055330398694,ATM,Clothing,US,1
5521487,468,103.15890491798277,23,0.16598672122984479,0.1978480294406217,Online,Clothing,UK,0
13107867,757,55.924139168178186,11,0.02375193614413349,0.8847461366550166,Online,Travel,FR,0
2697860,563,44.66206119087029,16,0.08679766943545415,0.044353602607739094,QR,Electronics,DE,0
14410250,996,1.0,16,0.0768115752631126,0.0446632948361982,Online,Travel,UK,0
3091855,74,93.07644153989264,22,0.08131482638854202,0.14101838198429528,ATM,Electronics,TR,0
12728954,937,131.46804553740697,23,3.0274785175044003e-05,0.21629362034208763,ATM,Electronics,FR,0
11564641,67,42.05786582311525,18,0.2424288397768738,0.1491260785972182,Online,Electronics,DE,0
3352849,557,44.1582753483558,18,0.10963465746216232,0.2279459542991309,Online,Food,UK,0
7824818,727,109.34718585995613,15,0.04800287431735143,0.15590940618247628,QR,Electronics,DE,0
6362146,263,1590.6516332173803,8,0.8305998051329281,0.8847689212924971,Online,Travel,US,1
7632366,674,72.74325409611973,17,0.056766785762957836,0.02954569113122892,ATM,Travel,TR,0
6496220,567,32.81945600537925,9,0.20496655982377676,0.19347782116121534,QR,Food,DE,0
14962350,664,35.31012332149523,2,0.7337267142480194,0.7410844629067127,Online,Travel,US,1
12823058,861,1.0,16,0.7810568239154405,0.9222026460034249,ATM,Travel,UK,1
2559400,213,165.97973420336106,11,0.1009913965334032,0.1252692768207073,Online,Travel,UK,0
10811898,269,492.6138258613739,3,0.7924303145843803,0.8888953546520287,QR,Food,US,1
14104296,935,1.0,15,0.8364213557330611,0.7605945919198862,Online,Clothing,US,1
4765706,473,49.81952394861376,23,0.037062179087912706,0.22715899134376494,QR,Clothing,TR,0
15769698,620,111.55253784099074,8,0.21097458299381794,0.03619640474605197,POS,Grocery,US,0
13068952,559,88.9112771721243,21,0.2537967094077468,0.10188345568074145,Online,Travel,TR,0
11228839,789,53.25617720039669,9,0.057476488511101334,0.21197463240237913,QR,Travel,DE,0
2201390,655,1.0,17,0.04042446597833034,0.8759442468563404,QR,Food,TR,0
9513305,104,78.22420902549806,17,0.02346398359358994,0.18113719862726782,Online,Electronics,DE,0
14171739,432,121.26714053710937,17,0.08308217567618445,0.08693426185694349,ATM,Food,US,0
13989976,953,27.341707204663635,12,0.053840315039318916,0.17479350989663356,POS,Electronics,TR,0
1953221,344,109.44468745026296,14,0.014223415851822805,0.020737912946014583,ATM,Travel,TR,0
13493519,354,93.0637983323503,18,0.157664228795035,0.18830292573388757,POS,Travel,FR,0
10252541,652,87.5784220748493,12,0.26877472135121133,0.2033317169262829,QR,Travel,FR,0
4412450,617,53.23196628489513,18,0.17421367213027508,0.13576711769133518,QR,Electronics,US,0
9221259,888,89.43461297444044,17,3.0274785175044003e-05,0.06964802393205508,POS,Electronics,UK,0
14242735,671,66.63847166768593,10,0.10814627784683797,0.17311521107848474,QR,Food,UK,0
3982177,621,42.95896892225734,8,0.02193687072148738,0.03626006944505352,POS,Electronics,US,0
9724033,254,113.4760660612229,16,0.05275667437577898,0.03820430905582732,QR,Grocery,TR,0
8048817,255,10.80614951063093,13,0.04820725545496708,0.02116368435816982,QR,Electronics,TR,1
12031469,710,124.28521457423744,8,0.025878649711672363,0.12569679097165,POS,Electronics,DE,0
2162836,505,95.7029473770992,11,3.0274785175044003e-05,0.06548338272145593,ATM,Travel,FR,0
12972352,258,91.1039510638472,22,0.20166478117601447,0.15280165693030032,POS,Electronics,TR,0
13777169,138,682.156454923169,9,0.8032626817496551,0.9134103435281289,Online,Grocery,NG,1
155908,409,53.67373719891332,17,0.08896906859509904,0.2607583549495043,Online,Food,FR,0
941632,18,50.97109755762836,19,0.03774020821485598,0.16628681981557225,ATM,Electronics,TR,0
16227901,559,120.56694859622567,19,0.2430874360228509,0.17569127942392682,QR,Travel,UK,0
6849703,658,16.397200090859428,23,0.019352096806534366,0.2981608244714226,ATM,Travel,US,0
12013274,463,1912.5421204498862,4,0.7535737156763624,0.9018914611466371,QR,Clothing,US,1
11040428,44,72.70409214379455,19,0.07991363525869001,0.21803802441624953,ATM,Electronics,FR,0
13658484,57,55.97084167557886,7,0.047650742723941056,0.17842057853810023,ATM,Travel,DE,0
5803548,576,66.8274708049418,8,0.16158510587727892,0.17424380878485551,ATM,Food,TR,0
12612927,103,104.835893980945,17,0.08056703191192904,0.09021009088393397,Online,Clothing,DE,0
16010896,135,42.58514542263503,22,0.039474694036602684,0.2286525126264244,Online,Travel,UK,0
3662474,849,37.87757093500481,14,0.7375513794606637,0.9589021079285296,ATM,Electronics,TR,1
2024533,451,36.522178138695644,18,0.054934730000693516,0.3038175090084621,Online,Grocery,TR,0
8162017,672,82.96202773300172,21,0.8658696229941694,0.8342305777709078,Online,Travel,TR,1
3285235,316,49.26387929867281,21,0.16201459427214426,0.17088819076927259,QR,Electronics,FR,0
10992003,668,28.74995612778679,16,0.15173738303912895,0.10307180200626057,Online,Electronics,US,1
1562060,91,85.32779616347915,16,0.10753556926805685,0.17457284986960825,Online,Clothing,DE,0
3808789,941,88.35582284761745,18,0.11056207097082238,0.26338382347825695,QR,Grocery,FR,0
5180237,266,64.65897400681045,17,0.1632652195582786,0.20058985195465018,QR,Clothing,TR,0
12761145,526,65.71754477216967,12,0.11506512832813587,0.2335017116825659,QR,Travel,US,0
10067513,691,113.04443866145,19,0.16662809652197347,0.024533072958693794,ATM,Travel,FR,0
16168552,775,113.101477271483,22,0.014845455077792606,0.2164907079342109,Online,Electronics,TR,0
1252868,757,89.71503659828498,18,0.06169129989797389,0.09529159609384852,ATM,Electronics,UK,0
14483791,338,47.95138138309856,16,0.1812150335959369,0.05467841482560955,ATM,Food,UK,0
10727400,58,98.43777745840373,16,0.019268676036672334,0.03566119094561207,Online,Electronics,UK,0
13959287,139,65.6384450397234,16,3.0274785175044003e-05,0.17612999390509576,QR,Travel,FR,0
16218035,969,80.64015737382766,17,0.07979366736254932,0.1952862551055413,ATM,Food,UK,0
11290549,269,89.58518715859411,7,0.09474518311097707,0.09944461787371217,POS,Clothing,TR,0
90733,150,1480.4725248752793,9,0.7744389519205032,0.8685317275478253,QR,Grocery,DE,1
5529349,782,19.990600895496456,17,0.1328866077997904,0.20740489577242063,POS,Food,DE,0
8753488,790,41.35443050052963,11,0.19034473685019962,0.15241734510805482,ATM,Travel,UK,0
9287854,694,1775.6187689041653,2,0.690942597348212,0.90998823691435,QR,Clothing,TR,1
12213063,6,82.55525462529091,10,0.06219185395813635,0.0951088867807918,ATM,Food,TR,0
6967832,56,80.85594333023276,9,0.16136631762335218,0.1416029135129659,Online,Clothing,TR,0
10997921,822,74.53667267015993,17,0.046512311300769986,0.18121419235516512,ATM,Grocery,TR,0
5700277,90,110.37856950708941,7,0.20782741777352884,0.2683126609678661,ATM,Travel,US,0
6905488,487,57.21770977115558,22,0.21401182940523228,0.2662556166169802,ATM,Electronics,DE,0
3023241,957,57.85537022010484,13,0.20479281333406354,0.03224257678609004,ATM,Travel,US,0
5655411,354,67.34268223253586,20,3.0274785175044003e-05,0.17855780318207426,ATM,Travel,TR,0
681537,595,109.2251924695124,14,0.011576068744454809,0.0883415279380758,QR,Food,UK,0
11779930,190,106.0904587427293,14,0.17193725044837288,0.031991664247615355,QR,Clothing,DE,0
11216699,910,22.526134827372417,18,0.02221486341366251,0.18177172008368417,POS,Food,DE,0
3272833,110,106.96741316521164,7,0.7921112598310686,0.9151771377251705,QR,Travel,US,1
10099907,498,86.07787621540731,14,0.16978923786323172,0.16577525667634913,QR,Food,US,0
1139729,200,139.43914355994133,21,0.25242349206104325,0.9802649247781366,QR,Grocery,US,1
16771055,454,131.0432688918939,23,3.0274785175044003e-05,0.1580199324307023,QR,Travel,FR,0
16639367,898,23.59880167074347,18,0.05542736451226422,0.22847394012165217,Online,Food,US,0
15320123,802,30.26639030390175,22,0.2740435349742989,0.170333329651509,Online,Grocery,UK,0
7475902,715,76.9878539708937,11,0.19308967915746264,0.195182860517417,QR,Travel,FR,0
5887872,249,1625.27556561716,8,0.9077058520958727,0.8211322901597776,QR,Travel,TR,1
5307080,568,72.77144304235,17,0.02957210156479162,0.14812118292854318,ATM,Electronics,TR,0
283073,669,86.85099860251677,20,0.021280928847585492,0.11515201568137315,ATM,Food,UK,0
7120919,788,1603.1863569948982,2,0.8483876787747384,0.7804950552944433,ATM,Grocery,US,1
12144048,927,6.341273266737261,19,0.07675793964705216,0.17969546324976937,QR,Clothing,UK,0
13522984,680,88.08625792946981,19,0.022756206289065196,0.20361079242158883,ATM,Electronics,US,0
9123534,465,7.9081667928854955,18,0.15980096727252238,0.22011678341620794,QR,Travel,US,0
13621360,928,46.98516178732824,4,0.824359028837344,0.9210939509202047,Online,Clothing,UK,0
13636446,349,74.03977275133124,12,0.02994702274562839,0.058577714293954475,ATM,Clothing,FR,0
4547666,724,818.8576661348701,9,0.8003364635496193,0.9996026492679309,QR,Grocery,FR,1
9604546,111,62.269735555047845,9,0.055657851441130245,0.2882433837358708,QR,Food,TR,0
14738507,436,717.9485020494442,8,0.8330809208657898,0.8220325219946598,Online,Grocery,US,1
11874127,80,73.55096327787058,14,0.141717631517943,0.14493855053365118,POS,Electronics,US,0
13770115,201,91.6253627012898,8,0.24924072039964779,0.12290168211694016,ATM,Travel,UK,0
12227277,553,96.8949065117106,14,0.03149572961946511,0.18281428363585406,QR,Travel,DE,0
14326802,454,36.08853374796538,18,0.2594223073464655,0.034844497770812284,ATM,Clothing,TR,0
4410889,560,93.74421345857824,21,0.2041900882787821,0.037188494555017056,QR,Grocery,FR,0
8193698,445,62.861900877669775,16,0.07140811571465741,0.1904765552247524,ATM,Travel,US,0
5251918,835,86.95548823284665,17,0.06730615679893456,0.16810489742824553,QR,Travel,TR,0
4824736,469,128.49778391744366,16,0.12634685816042404,0.24025517074495956,ATM,Travel,UK,0
11916063,194,73.7776702460968,17,0.2297970891275131,0.1685388765811057,QR,Food,TR,0
1106478,773,99.08759687624735,23,0.05491977231506421,0.10737756371378596,POS,Grocery,TR,0
16768663,761,63.59914728305348,8,0.21237463723781252,0.051045066521255206,QR,Food,DE,0
1362197,383,1.0,19,0.1465783606949692,0.19100466517647424,QR,Food,DE,0
10041184,851,1879.1048652751654,10,0.8573068898217543,0.8449227462174447,Online,Travel,UK,1
8293931,304,78.53742244064465,8,0.253189215469768,0.21661155929338047,QR,Travel,UK,0
9370623,63,3173.1897283987846,4,0.8046549661598319,0.7424373755080662,Online,Food,UK,1
773674,180,38.64977910165494,16,0.10962975172722544,0.035094888205882406,Online,Travel,FR,0
6098703,679,123.43856596368737,8,0.15463894355973018,0.13349346696775086,QR,Food,UK,0
3637741,852,32.86252036737167,7,0.0822763680099744,0.1721683627910966,QR,Electronics,TR,0
16261849,363,95.71439310146718,11,0.2969481907794642,0.16206593935602104,ATM,Travel,FR,0
10896285,931,92.15423685787879,10,0.21844847447966556,0.08209439738080304,ATM,Food,DE,0
952810,12,84.91419227677943,22,0.08870475552825656,0.07212459583831969,QR,Food,US,0
3180523,11,49.65187661160321,14,0.12046728236780022,0.061016827238076346,QR,Travel,FR,0
1968471,318,4.1036435934978215,7,0.1261355434358749,0.14568674042943697,POS,Travel,FR,0
1478058,840,75.23564735502673,17,0.07340865464227497,0.010365285209655645,Online,Food,UK,0
2157462,444,65.58120736097638,17,0.10813781120185699,0.037818956998360215,ATM,Travel,FR,0
12105593,274,89.2343664968854,17,0.02094231475080245,0.013026207191168735,QR,Food,DE,0
16189080,426,23.862874633822436,20,0.15477942256248628,0.23955558409219746,POS,Electronics,US,0
12219634,250,72.95943343933857,21,0.08548692028502979,0.030683230510443752,ATM,Food,FR,0
10534707,474,50.6174161298904,23,0.22212413261586106,0.0548235728203781,QR,Clothing,DE,0
2180316,205,54.345674573097,11,0.04502193623800256,0.088349233290646,ATM,Travel,US,0
4639537,755,137.14081107797736,18,0.2274147001293851,0.08905235792888874,QR,Grocery,FR,0
10868989,823,55.87086587709622,23,0.013028972090172574,0.14852412548954363,ATM,Travel,FR,0
1102492,387,60.39179525463493,17,0.09171504037829677,0.14351801137017572,ATM,Travel,UK,0
14154322,788,1973.0731563626348,15,0.7577525538236721,0.9289130701220012,Online,Electronics,FR,1
6043786,514,155.3835217528137,17,0.04038141779865756,0.2704903174049192,QR,Grocery,US,0
9904095,271,36.26052420672933,14,0.16533385574611378,0.03477069330580598,Online,Grocery,DE,0
1695942,625,14.69521191681521,15,0.042215205622831146,0.15376454034112075,Online,Travel,UK,0
4761821,663,3088.760753731616,4,0.7469192409362754,0.942527327178104,QR,Food,US,1
1415403,111,80.00300486157613,13,0.16300503542655376,0.15138927762285598,QR,Travel,FR,0
5833179,956,1.0,13,0.166013540568146,0.1361694147001612,Online,Electronics,TR,0
10001498,191,61.8730829195918,17,0.042810254109827806,0.15691902201758792,ATM,Food,TR,0
2503262,298,1.0,17,0.015835420363890504,0.00583606406942927,ATM,Clothing,TR,0
12445554,896,85.37280300602005,16,0.00023979930492126766,0.09396594290325613,POS,Clothing,FR,0
12981538,739,1.0,20,3.0274785175044003e-05,0.1684976876322326,QR,Electronics,US,0
8629521,367,115.67640885543403,23,0.21628212235830252,0.8822893569215584,QR,Travel,US,0
14955794,779,1.0,22,0.19471204774317893,0.15379628484869137,QR,Electronics,TR,0
9665552,937,67.44510761285804,8,0.13726409283416097,0.15762629175645354,Online,Travel,US,0
13038642,386,75.82669654274272,8,0.19628261820915027,0.20822516362299492,QR,Travel,US,0
12554307,424,58.72769602529214,17,0.10624720936310925,0.19405399447984129,POS,Food,DE,0
2934571,92,84.69764466788641,20,0.12648230909141583,0.18892783619901016,ATM,Food,FR,0
15742909,356,1769.7226769439924,13,0.8027018795281156,0.9996026492679309,POS,Food,NG,1
1637833,324,147.7808301355455,18,3.0274785175044003e-05,0.0752286384812217,POS,Travel,US,0
12096248,473,132.84783974388472,18,0.08138613760174408,0.1352287375899988,ATM,Travel,TR,0
14901661,988,44.53135639915097,6,0.7653663866790817,0.10398446284619518,POS,Travel,UK,1
3795190,715,87.42087829726856,11,0.20990488203961108,0.18345753227005,POS,Travel,FR,0
9749976,615,10.021861433364663,8,0.8124377726163479,0.9276767360811639,QR,Food,DE,1
1388260,788,1608.5922162941038,22,0.7642647083811765,0.816238190627642,QR,Food,US,1
812190,544,76.80807573079774,8,0.03595174962407014,0.10720721756531558,ATM,Travel,US,0
4915409,757,7.513079736985418,23,0.03987949930015156,0.13772699118619133,ATM,Travel,FR,0
14705037,484,1526.8359819325901,7,0.8051447402513064,0.9679000043130346,ATM,Grocery,NG,1
7637707,104,40.29588483002899,16,0.0731736071760139,0.1829629234981817,QR,Food,US,0
10375279,884,44.97070619138159,18,0.0633214223310757,0.26100642689926046,ATM,Food,FR,0
8494358,921,27.773375454349733,11,0.01723802944156657,0.05226913945875358,POS,Clothing,UK,0
12567320,729,1.0,17,0.5588049278751257,0.1231946789527102,Online,Electronics,TR,0
11158682,287,25.80866540092245,11,0.13379356664980338,0.03295220233013218,QR,Electronics,US,0
7920487,920,7.321495685812835,11,0.27666707715334143,0.042187287789210964,ATM,Electronics,US,0
8696153,519,95.21482493997432,12,0.10444200217709468,0.2815407811447688,ATM,Electronics,FR,0
2146182,866,59.447000892674176,19,0.14656612331659863,0.1919084728630785,POS,Food,DE,0
2824664,329,60.893625082472035,11,0.0531790217690758,0.040248342680320626,QR,Grocery,US,0
5809367,948,79.0122111465613,22,0.08789575372484923,0.0335742063370041,POS,Grocery,UK,0
15692478,627,120.31798023218934,21,0.18838566130822526,0.2737234194342316,QR,Grocery,US,0
4223042,286,93.03250168423989,23,0.01815028389536845,0.041370554267319934,ATM,Electronics,TR,0
15338907,548,52.693883204633046,22,0.07050286329342142,0.2884320942986424,QR,Clothing,US,0
14039490,683,88.92054008476404,10,0.25703902187107686,0.1740129689597503,ATM,Clothing,TR,0
3342045,29,2664.078303781509,6,0.8040415114089919,0.7530668231089886,ATM,Electronics,NG,1
13561609,782,110.81153323655344,23,0.024839262370031187,0.1447077820753313,Online,Electronics,TR,0
13401214,936,41.46842811858075,18,0.08206955037981693,0.06482743536913778,POS,Electronics,US,0
7900968,722,27.965083720102236,19,0.7373492148619465,0.8358714735415724,ATM,Travel,US,1
12376274,485,123.38152111648324,19,0.23191547393365347,0.1321055009858447,QR,Electronics,DE,0
136641,70,62.32630400232178,15,0.21344783438047718,0.2818689481184651,POS,Electronics,DE,0
15685478,887,27.85203151402453,16,0.039571693721911175,0.1500043113761345,ATM,Electronics,FR,0
3351800,579,36.98180306276561,17,0.21010083814995942,0.05441501937886117,QR,Travel,DE,0
181829,84,29.683535972102945,16,0.08903762834736977,0.1500516949057371,QR,Clothing,UK,0
139809,487,55.18092022813792,15,0.13559603576520488,0.2272410351355682,ATM,Food,UK,0
10520086,498,44.799813931256764,15,0.6823551875553441,0.16154125333036967,POS,Electronics,US,0
14816834,292,89.67574191058458,16,0.13101693841031403,0.12167064292721487,QR,Travel,UK,0
14809131,362,67.92387435466443,10,0.11775846176857269,0.19405034111276867,ATM,Electronics,TR,0
3496057,951,70.60306831343108,14,0.1403697363055192,0.1579924378435119,POS,Food,FR,0
13068828,484,122.87906171100843,18,0.27121016301524953,0.01703355857863898,ATM,Travel,TR,0
11663537,566,100.09674263730446,17,0.03448570787171726,0.1077783188321897,ATM,Travel,FR,0
8209879,934,44.51807392655374,19,0.22604150546401616,0.1179525994085429,QR,Electronics,UK,0
10551003,119,1926.4541961687994,0,0.761783837326422,0.7595252830424143,ATM,Electronics,US,1
16047167,189,95.63025060467342,20,0.062400880050453036,0.2841861256304637,ATM,Travel,US,0
7144107,818,60.75600591843909,20,0.20014277836353425,0.13098852427098964,ATM,Clothing,TR,0
13925733,862,51.42442149009982,6,0.19683236059670775,0.20068989583782995,ATM,Food,TR,0
15895085,779,147.98944203245247,20,0.0683030551924333,0.17776058550571294,POS,Electronics,TR,0
7986840,840,82.86096041220569,17,0.21200051572790557,0.24362369302736853,QR,Travel,FR,0
16488210,112,45.08366508564376,6,0.10612615382293136,0.18549750849309388,QR,Food,DE,0
7051533,269,41.758155803182184,12,0.1732260992740701,0.1075816364381963,QR,Electronics,TR,0
686416,533,1.0,12,0.6586299666500097,0.9243047468917491,QR,Travel,TR,1
3125045,491,33.16695467744563,18,0.15219592474313826,0.2661814881728159,ATM,Clothing,DE,0
12016906,766,32.65125377716558,12,0.7830881525575939,0.09405092868298079,Online,Electronics,FR,0
6789333,368,1.0,16,0.6631153287325154,0.9510628978665229,ATM,Electronics,FR,1
12580378,527,153.0747493023793,18,0.024154262071862706,0.0664173998178264,ATM,Travel,FR,0
9836731,389,22.80239830388492,11,0.07286990745034032,0.15926458933582927,Online,Clothing,TR,0
2677717,299,84.6068408690655,22,0.017741040071378986,0.06963674581152536,QR,Food,US,0
14875418,164,110.88185310821584,13,0.07306897902013766,0.0575771112487375,POS,Electronics,FR,0
8975915,730,94.05164350248592,19,0.06697480744639228,0.19171938137875627,QR,Electronics,US,1
15347147,683,1.7219831422046354,19,0.7782783747969573,0.8827022592112532,ATM,Electronics,US,1
16548559,348,70.39191875943597,15,0.015625750183891132,0.1313612681789275,ATM,Clothing,TR,0
587843,117,935.7228182550375,5,0.7365322539065885,0.8781790587941073,QR,Travel,DE,1
5013540,588,77.820315191254,16,0.08256775620173416,0.2895290776557926,Online,Clothing,TR,0
6874564,123,48.788065838380405,19,0.7901354263829659,0.20077206962160402,ATM,Grocery,FR,1
14058252,809,63.198077672223306,8,0.03020817057765318,0.1731554026733216,POS,Travel,TR,0
5720879,702,115.35907165738706,20,0.034484256392988646,0.10593845136857072,ATM,Food,FR,0
14287829,147,122.96590477819298,17,0.16026339433009068,0.19627999122974382,QR,Grocery,US,0
15152740,92,35.60901092654531,22,0.20505429029287817,0.14438049509200096,POS,Grocery,TR,0
13237168,793,35.728681286882654,16,0.160965624456386,0.03881722472984833,QR,Electronics,TR,0
9528744,495,69.51326236911535,14,0.25841768280749083,0.17037364770438257,ATM,Travel,UK,0
2499529,84,17.25182463128553,15,0.273992273414063,0.04401330921825746,Online,Food,DE,0
4797979,960,81.5380347013578,13,0.07816294752559283,0.050532658462492816,ATM,Clothing,DE,0
10980575,823,978.7154517406444,10,0.8054959660519173,0.9048505068990462,QR,Travel,US,1
14872692,186,103.64124832641869,16,0.09276371871870817,0.18264624707101734,QR,Travel,US,0
2471220,87,80.95693330703489,18,0.0486253348655489,0.16203211454438948,QR,Grocery,TR,0
14727642,603,27.03590784725592,14,0.08252754234771377,0.0323365374835994,ATM,Food,UK,0
11727744,735,105.81940509504548,7,0.03461252291200684,0.1986954819776291,ATM,Food,US,0
3302226,831,1.0,19,0.8803908129736623,0.9681197309518728,ATM,Electronics,US,1
3648884,824,42.772847768185166,12,0.16934259896494552,0.2600720831295144,Online,Grocery,TR,0
877511,894,52.338145653826416,17,0.08700170655542608,0.2375789183827105,Online,Food,FR,0
1154986,796,20.263604735515642,6,0.8855947946568057,0.16818645357456513,Online,Electronics,DE,1
6847076,547,77.69588229270542,11,0.08823773866697507,0.14064635973453232,ATM,Electronics,TR,0
14279967,973,62.243933448273,18,0.01944828738524257,0.048856558393762885,ATM,Electronics,FR,0
15942668,425,45.39738811384199,18,3.0274785175044003e-05,0.2126766266611097,ATM,Electronics,FR,0
2697385,961,82.7268800438633,17,0.15128542540148118,0.12916114116255054,QR,Electronics,TR,0
679798,521,52.10766334166421,10,0.20469332030848714,0.17353203850049662,Online,Food,DE,0
13441079,737,78.17118605737352,18,0.10827802480901667,0.1835498793306382,Online,Clothing,TR,0
1829776,19,673.6933717547274,17,0.7958182651152984,0.8186770027021189,QR,Food,NG,1
